TERMOKKOD	TERMEKNEV	KEP 1	KEP 2
BETA 7399AN/100	BETA cipőfűző narancs/fekete 100cm	https://www.beta-tools.com/media/catalog/product/cache/1/thumbnail/600x/17f82f742ffe127f42dca9de82fb58b1/7/3/7399a_slash_n_dot__dot__dot__foto_01.jpg	
BETA 7399AN/120	BETA cipőfűző narancs/fekete 120cm	https://www.beta-tools.com/media/catalog/product/cache/1/thumbnail/600x/17f82f742ffe127f42dca9de82fb58b1/7/3/7399a_slash_n_dot__dot__dot__foto_01.jpg	
BETA 7399AN/120	BETA cipőfűző narancs/fekete 140cm	https://www.beta-tools.com/media/catalog/product/cache/1/thumbnail/600x/17f82f742ffe127f42dca9de82fb58b1/7/3/7399a_slash_n_dot__dot__dot__foto_01.jpg	
BETA 7352B ...	BETA jól szellőző MESH munkavédelmi cipő, kék	https://www.beta-tools.com/media/catalog/product/cache/1/thumbnail/600x/17f82f742ffe127f42dca9de82fb58b1/7/3/7352b_foto_01.jpg	
BETA 7243EN ...	BETA mérsékelten vízálló bőr munkavédelmi bokacipő		
BETA 7241EN ...	BETA mérsékelten vízálló bőr munkavédelmi cipő		
BETA 7317NA ...	BETA perforált hasítottbőr munkavédelmi cipő	https://www.beta-tools.com/media/catalog/product/cache/1/thumbnail/600x/17f82f742ffe127f42dca9de82fb58b1/7/3/7317na_foto_01.jpg	
BETA 1036/140X1.3	BETA seegergyűrű fogó külső egyenes 140mm A10-25mm	https://www.beta-tools.com/media/catalog/product/cache/1/thumbnail/600x/17f82f742ffe127f42dca9de82fb58b1/1/0/1036_foto_01.jpg	
BETA 1036/140X0.9	BETA seegergyűrű fogó külső egyenes 140mm A3-10mm	https://www.beta-tools.com/media/catalog/product/cache/1/thumbnail/600x/17f82f742ffe127f42dca9de82fb58b1/1/0/1036_foto_01.jpg	
BETA 96T/S11-11	BETA T-szárú imbuszkulcs készlet, 11db-os	https://www.beta-tools.com/media/catalog/product/cache/1/thumbnail/600x/17f82f742ffe127f42dca9de82fb58b1/9/6/96t_slash_s_foto_01.jpg	
BETA 96T/S5P	BETA T-szárú imbuszkulcs készlet, 5db-os	https://www.beta-tools.com/media/catalog/product/cache/1/thumbnail/600x/17f82f742ffe127f42dca9de82fb58b1/9/6/96t_slash_s_foto_01.jpg	
BETA 96T/S6	BETA T-szárú imbuszkulcs készlet, 6db-os	https://www.beta-tools.com/media/catalog/product/cache/1/thumbnail/600x/17f82f742ffe127f42dca9de82fb58b1/9/6/96t_slash_s_foto_01.jpg	
BETA 96T/S8	BETA T-szárú imbuszkulcs készlet, 8db-os	https://www.beta-tools.com/media/catalog/product/cache/1/thumbnail/600x/17f82f742ffe127f42dca9de82fb58b1/9/6/96t_slash_s_foto_01.jpg	
BETA 96T/10	BETA T-szárú imbuszkulcs, 10mm	https://www.beta-tools.com/media/catalog/product/cache/1/thumbnail/600x/17f82f742ffe127f42dca9de82fb58b1/9/6/96t_slash_s_foto_01.jpg	
BETA 96T/2.5	BETA T-szárú imbuszkulcs, 2mm	https://www.beta-tools.com/media/catalog/product/cache/1/thumbnail/600x/17f82f742ffe127f42dca9de82fb58b1/9/6/96t_slash_s_foto_01.jpg	
BETA 96T/2	BETA T-szárú imbuszkulcs, 2.5mm	https://www.beta-tools.com/media/catalog/product/cache/1/thumbnail/600x/17f82f742ffe127f42dca9de82fb58b1/9/6/96t_slash_s_foto_01.jpg	
BETA 96T/3	BETA T-szárú imbuszkulcs, 3mm	https://www.beta-tools.com/media/catalog/product/cache/1/thumbnail/600x/17f82f742ffe127f42dca9de82fb58b1/9/6/96t_slash_s_foto_01.jpg	
BETA 96T/4	BETA T-szárú imbuszkulcs, 4mm	https://www.beta-tools.com/media/catalog/product/cache/1/thumbnail/600x/17f82f742ffe127f42dca9de82fb58b1/9/6/96t_slash_s_foto_01.jpg	
BETA 96T/5	BETA T-szárú imbuszkulcs, 5mm	https://www.beta-tools.com/media/catalog/product/cache/1/thumbnail/600x/17f82f742ffe127f42dca9de82fb58b1/9/6/96t_slash_s_foto_01.jpg	
BETA 96T/6	BETA T-szárú imbuszkulcs, 6mm	https://www.beta-tools.com/media/catalog/product/cache/1/thumbnail/600x/17f82f742ffe127f42dca9de82fb58b1/9/6/96t_slash_s_foto_01.jpg	
BETA 96T/7	BETA T-szárú imbuszkulcs, 7mm	https://www.beta-tools.com/media/catalog/product/cache/1/thumbnail/600x/17f82f742ffe127f42dca9de82fb58b1/9/6/96t_slash_s_foto_01.jpg	
BETA 96T/8	BETA T-szárú imbuszkulcs, 8mm	https://www.beta-tools.com/media/catalog/product/cache/1/thumbnail/600x/17f82f742ffe127f42dca9de82fb58b1/9/6/96t_slash_s_foto_01.jpg	
BETA 97TTX/S6	BETA T-szárú TORX-kulcs készlet, 6db-os	https://www.beta-tools.com/media/catalog/product/cache/1/thumbnail/600x/17f82f742ffe127f42dca9de82fb58b1/9/7/97ttx_slash_s_foto_01.jpg	
BETA 7354N ...	BETA vízálló MESH szövet munkavédelmi cipő	https://www.beta-tools.com/media/catalog/product/cache/1/thumbnail/600x/17f82f742ffe127f42dca9de82fb58b1/7/3/7354n_foto_01.jpg	
BETA 7202BP	BETA vízlepergető bőr munkavédelmi bokacipő	https://www.beta-tools.com/media/catalog/product/cache/8/thumbnail/600x/17f82f742ffe127f42dca9de82fb58b1/7/2/7202bp_foto_01.jpg	
FT KESZTYŰ RAKODÓ MARHAHAS.154	CERVA védőkesztyű, hasított marhabőr 154-MAGPIE	https://www.haberkorn.com/dam/510x510/0100F067.jpg	
FT KESZTYŰ RAKODÓ MARHA 204-T	CERVA védőkesztyű, hasított marhabőr 204-TERN	https://www.haberkorn.com/dam/base/0002006B.jpg	
KÉZTISZTÍTÓ 400 ML	CFA kéztisztító, glicerines kézmosó paszta 400ml	https://cfa.hu/wp-content/uploads/2022/05/cfaderm400-1-300x238.jpg	
KÉZKRÉM CFA 100ML	CFA körömvirágos kézkrém	https://cfa.hu/wp-content/uploads/2021/10/cfakezkorom.jpg	
FBS	F.BS extra erős szilikon ragasztó, színtelen	https://material.hu/wp-content/uploads/2017/10/fbs-tkd.png	https://material.hu/wp-content/uploads/2017/10/material-vegyipari-szovetkezet-02-FBS-300x300.jpg||https://material.hu/wp-content/uploads/2019/09/fbs-extra-eros-szilikon-ragaszto-termekismerteto-h-v1909.pdf
FBS GUMIÁM	F.BS univ szilikon paszta vízvezeték-rendszerekhez	https://material.hu/wp-content/uploads/2017/10/gumi%C3%A1m-t.png	https://material.hu/wp-content/uploads/2017/10/material-vegyipari-szovetkezet-02-GUMI%C3%81M-300x300.jpg||https://material.hu/wp-content/uploads/2019/09/gumiam-univerzalis-szilikon-paszta-termekismerteto-h-v1909.pdf
VDI	Faudi csukló DIN 71802 horganyzott acél	https://www.onlinecsapagy.hu/images/products/40078/thumb/faudi_csuklo_m10_jobbos_20161014051322.jpg	
RB-	Golyó, csapágygolyó	https://eurobearing.eu/wp-content/uploads/2023/06/Bearing-balls-%E2%80%93-steel-%E2%80%93-125-mm-COD-RB-125G20W.png	
RB-... RJ	Golyó, csapágygolyó, rozsdamentes	https://eurobearing.eu/wp-content/uploads/2023/06/Bearing-balls-%E2%80%93-steel-%E2%80%93-125-mm-COD-RB-125G20W.png	
GUMIBAK GH.TIP. ...	GUMIBAK átmenőfuratos, acél erősítés	https://meta-vulk.hu/wp-content/uploads/gh.jpg	
GUMIBAK GP.TIP. ...	GUMIBAK átmenőfuratos, csak gumi	https://meta-vulk.hu/wp-content/uploads/gp.jpg	
U-	Gumírozott alátét / USIT-ring / csavartömítés, NBR	https://www.haberkorn.com/dam/510x510/0100AD42.jpg	
KCSH	Hevederes kardáncsukló	https://cdn.skfmediahub.skf.com/api/public/0901d19680bf161a/png_highpreview/0901d19680bf161a_png_highpreview.png	
KCSHD	Hevederes kardáncsukló, dupla	https://cdn.skfmediahub.skf.com/api/public/0901d19680bf161b/png_highpreview/0901d19680bf161b_png_highpreview.png	
KSR 15-B0-08-10-16-08_I	INA 08B láncfeszítő RAE csapággyal d=15, z=16	https://cdn.schaeffler-ecommerce.com/cdn/0001A7B8_a.png	
KSR 15-B0-12-10-13-08_I	INA 12B láncfeszítő RAE csapággyal d=15, z=13	https://cdn.schaeffler-ecommerce.com/cdn/0001A7B8_a.png	
KSR 16-L0-06-10-20-08_I	INA 06B láncfeszítő RAE csapággyal d=16, z=20	https://cdn.schaeffler-ecommerce.com/cdn/0001A7B8_a.png	
KSR 16-L0-10-10-14-08_I	INA 10B láncfeszítő RAE csapággyal d=16, z=14	https://cdn.schaeffler-ecommerce.com/cdn/0001A7B8_a.png	
KSR 16-L0-10-10-17-68_I	INA 10B láncfeszítő RAE csapággyal d=16, z=17	https://cdn.schaeffler-ecommerce.com/cdn/0001A7B8_a.png	
KSR 16-L0-12-10-15-09_I	INA 12B láncfeszítő RAE csapággyal d=16, z=15	https://cdn.schaeffler-ecommerce.com/cdn/0001A7B8_a.png	
KSR 20-B0-12-10-15-16_I	INA 12B láncfeszítő RAE csapággyal d=20, z=15	https://cdn.schaeffler-ecommerce.com/cdn/0001A7B8_a.png	
KSR 20-L0-16-10-12-16_I	INA 16B láncfeszítő RAE csapággyal d=20, z=12	https://cdn.schaeffler-ecommerce.com/cdn/0001A7B8_a.png	
PWTR ... _I	INA támasztógörgő	https://cdn.schaeffler-ecommerce.com/cdn/00007744_d.png	
SD	INA tömítőgyűrű	https://cdn.schaeffler-ecommerce.com/cdn/000A64A1_d.png	
TG	INA tűgörgő	https://www.bspdbearing.com/wp-content/uploads/2021/08/Loose-Needle-Rollers.jpg	
RABR-A ... , RABR-B...	INA Y csapágy dumború gumibetéttel excentergyűrűs	https://cdn.schaeffler-ecommerce.com/cdn/0008A582_d.png	
PHUSE	INA Y csapágyegység	https://cdn.schaeffler-ecommerce.com/cdn/00089DB1_d.png	
KS 911.2085	KS TOOLS bit készlet, 1/4" 122 részes		
KS 911.2008	KS TOOLS bit készlet, 1/4" 208 részes		
KS 911.2027	KS TOOLS bit készlet, 1/4" 99 részes		
KS 503.4665	KS TOOLS csillag-villás kulcs klt. 12db, 8-19mm		https://www.kstools.com/media/image/8e/6d/6c/FOT_PRO_ALG_503-4665_SALL_AING_V15b82e9fdd0002_600x600.jpg
KS 517.0610	KS TOOLS csillag-villás kulcs, 10mm		
KS 517.0611	KS TOOLS csillag-villás kulcs, 11mm		
KS 517.0612	KS TOOLS csillag-villás kulcs, 12mm		
KS 517.0613	KS TOOLS csillag-villás kulcs, 13mm		
KS 517.0614	KS TOOLS csillag-villás kulcs, 14mm		
KS 517.0615	KS TOOLS csillag-villás kulcs, 15mm		
KS 517.0616	KS TOOLS csillag-villás kulcs, 16mm		
KS 517.0617	KS TOOLS csillag-villás kulcs, 17mm		
KS 517.0618	KS TOOLS csillag-villás kulcs, 18mm		
KS 517.0619	KS TOOLS csillag-villás kulcs, 19mm		
KS 517.0622	KS TOOLS csillag-villás kulcs, 22mm		
KS 517.0624	KS TOOLS csillag-villás kulcs, 24mm		
KS 517.0634	KS TOOLS csillag-villás kulcs, 34mm		
KS 517.0606	KS TOOLS csillag-villás kulcs, 6mm		
KS 517.0607	KS TOOLS csillag-villás kulcs, 7mm		
KS 517.0608	KS TOOLS csillag-villás kulcs, 8mm		
KS 517.0609	KS TOOLS csillag-villás kulcs, 9mm		
KS 503.4610	KS TOOLS csillag-villás kulcs, racsnis, 10mm		
KS 503.4611	KS TOOLS csillag-villás kulcs, racsnis, 11mm		
KS 503.4612	KS TOOLS csillag-villás kulcs, racsnis, 12mm		
KS 503.4613	KS TOOLS csillag-villás kulcs, racsnis, 13mm		
KS 503.4614	KS TOOLS csillag-villás kulcs, racsnis, 14mm		
KS 503.4615	KS TOOLS csillag-villás kulcs, racsnis, 15mm		
KS 503.4616	KS TOOLS csillag-villás kulcs, racsnis, 16mm		
KS 503.4617	KS TOOLS csillag-villás kulcs, racsnis, 17mm		
KS 503.4618	KS TOOLS csillag-villás kulcs, racsnis, 18mm		
KS 503.4619	KS TOOLS csillag-villás kulcs, racsnis, 19mm		
KS 503.4622	KS TOOLS csillag-villás kulcs, racsnis, 22mm		
KS 503.4624	KS TOOLS csillag-villás kulcs, racsnis, 24mm		
KS 503.4628	KS TOOLS csillag-villás kulcs, racsnis, 30mm		
KS 503.4606	KS TOOLS csillag-villás kulcs, racsnis, 6mm		
KS 503.4608	KS TOOLS csillag-villás kulcs, racsnis, 8mm		
KS 917.0779	KS TOOLS dugókulcs klt., 1/4"-3/8"-1/2" 179 részes		https://www.kstools.com/media/image/90/e3/94/FOT_GES_ALG_917-0779-GB_SALL_AING_V1J1cfn9GkTk8Mc_600x600.jpg
KS 115.1015	KS TOOLS homlokcsípő fogó, 160mm		
KS 151.2180	KS TOOLS tördelhető pengés tapétavágó kés, 220mm		
KS 151.2103	KS TOOLS imbuszkulcs hosszú, gömbvégű, 3mm		
KS 151.2130	KS TOOLS imbuszkulcs klt. 8db-os, colos, 5/64-3/8"		
KS 151.2100	KS TOOLS imbuszkulcs klt. 8db-os, hosszú, 2-10mm		
KS 151.4420	KS-TOOLS Imbuszkulcs klt. 1.5-10 9darabos		
KS 907.2105	KS TOOLS kábelvágó kés összecsukható 78/193mm		https://www.kstools.com/media/image/a9/4e/5b/FOT_GES_ALG_907-2105-GB_SALL_AING_V1_600x600.jpg
KS 907.2220	KS TOOLS kábelvágó kés összecsukható 85/210mm	https://www.haberkorn.com/dam/510x510/0003C5AD.jpg	
KS 115.1020	KS TOOLS kombinált fogó, 160mm		
KS 159.1026	KS TOOLS marokcsavarhúzó, PH2		
KS 159.1256	KS TOOLS marokcsavarhúzó, TW2		
KS 114.0055	KS TOOLS multifunkciós kulcs, kétoldalas, 8-32mm		https://www.haberkorn.com/dam/510x510/02FB4EAE.jpg
KS 155.5002	KS TOOLS olajszűrő leszedő, acélpántos, 65-110mm		
KS 115.1012	KS TOOLS oldalcsípő fogó, 160mm		
KS 907.2172	KS TOOLS összecsukható PVC vágó kés készlet (2db)		
KS 500.1034	KS TOOLS seegergyűrű fogó belső 130mm I12-25mm		
KS 500.1035	KS TOOLS seegergyűrű fogó belső 160mm I19-60mm		
KS 500.1036	KS TOOLS seegergyűrű fogó belső 230mm I40-100mm		
KS 500.1031	KS TOOLS seegergyűrű fogó belső 90° 130mm I12-25mm		
KS 500.1032	KS TOOLS seegergyűrű fogó belső 90° 160mm I19-60mm		
KS 500.1033	KS TOOLS seegergyűrű fogó belső 90° 230mmI40-100mm		
KS 500.1028	KS TOOLS seegergyűrű fogó külső 130mm A10-25mm		
KS 500.1029	KS TOOLS seegergyűrű fogó külső 160mm A19-60mm		
KS 500.1030	KS TOOLS seegergyűrű fogó külső 230mm A40-100mm		
KS 500.1025	KS TOOLS seegergyűrű fogó külső 90° 130mm A10-25mm		
KS 500.1026	KS TOOLS seegergyűrű fogó külső 90° 160mm A19-60mm		
KS 500.1027	KS TOOLS seegergyűrű fogó külső 90° 230mmA40-100mm		
KS 907.2180	KS TOOLS tördelhető pengés tapétavágó kés, 220mm		
KS 907.2152	KS TOOLS tapétavágó kés, tördelhető pengés, 140mm	https://www.haberkorn.com/dam/510x510/0001EC67.jpg	
KS 907.2120	KS TOOLS tapétavágó kés, tördelhető pengés, 145mm		
KS 907.2157	KS TOOLS tapétavágó kés, tördelhető pengés, 150mm		
KS 907.2165	KS TOOLS tapétavágó kés, tördelhető pengés, 165mm		
KS 151.2300	KS TOOLS TORX kulcs klt. 9db-os, hosszú, T10-T50		
KS 151.2301	KS TOOLS TORX kulcs, hajlított, hosszú, T10		
KS 151.2306	KS TOOLS TORX kulcs, hajlított, hosszú, T40		
KS 907.2166	KS TOOLS tördelhető penge tapétavágó késhez, 18mm		
KS 907.2159	KS TOOLS tördelhető penge tapétavágó késhez, 25mm		
KS 907.2168	KS TOOLS tördelhető penge tapétavágó késhez, 9mm		
KS 907.2156	KS-TOOLS tapétavágó kés, tördelhető pengés, 140mm	https://www.haberkorn.com/dam/510x510/0001EC9A.jpg	
FT DRÓTKEFE ACÉL_LESSMANN	LESSMANN drótkefe, ACÉL, fanyelű, 4 soros	https://lessmann.com/wp-content/uploads/prodProductImages/Produkt_Spezial-Handbuersten_schwere_Ausfuehrung_STA_37176-643x1536.png	
MO 90303 CSAVARLAZÍTÓ SP.500ML	MOTIP csavarlazító spray	https://www.motip.com/assets/image-cache/image-cache/3068.277b1bdc.e7890da7.png	
MO 90102D ÉKSZÍJCSÚSZG. 500 ML	MOTIP ékszíj csúszásgátló spray	https://www.motip.com/assets/image-cache/image-cache/3017.277b1bdc.e7890da7.png	
MO 90204 FEHÉR ZSÍRSPRAY 500ML	MOTIP fehér zsír spray	https://www.motip.com/assets/image-cache/image-cache/3031.277b1bdc.e7890da7.png	
MO 720-723 KLÍMABOMBA 150ML	MOTIP klímatisztitó, narancs,levendula,citrom,alma	https://www.motip.com/assets/image-cache/image-cache/3100.277b1bdc.e7890da7.png	
MO 90505 KONTAKT SPRAY 500ML	MOTIP kontakttisztító spray	https://www.motip.com/assets/image-cache/image-cache/3000.277b1bdc.e7890da7.png	
MO 90205 LÁNCKENŐ 500ML	MOTIP lánckenő zsír spray	https://www.motip.com/assets/image-cache/image-cache/3032.277b1bdc.e7890da7.png	
MO 90304D RAGASZTÓ SPR. 500 ML	MOTIP ragasztó spray	https://www.motip.com/assets/image-cache/image-cache/3069.277b1bdc.e7890da7.png	
MO 90301 RÉZ SPRAY 500ML	MOTIP réz spray	https://www.motip.com/assets/image-cache/image-cache/3067.277b1bdc.e7890da7.png	
MO 90201D 500ML PTFE-DRY	MOTIP száraz teflon (PTFE) spray	https://www.motip.com/assets/image-cache/image-cache/3029.277b1bdc.e7890da7.png	
MO 90107 SZILIKON 500ML	MOTIP szilikon spray	https://www.motip.com/assets/image-cache/image-cache/3022.277b1bdc.e7890da7.png	
MO 90203 PTFE OLAJSPRAY 500ML	MOTIP teflon (PTFE) kenőolaj spray	https://www.motip.com/assets/image-cache/image-cache/3030.277b1bdc.e7890da7.png	
MO 90407 500ML FÚRÓ-VÁGÓ	MOTIP vágó-fúró-üregelő spray	https://www.motip.com/assets/image-cache/image-cache/3057.277b1bdc.e7890da7.png	
NI 900 400ML	NICRO csavarlazító spray, MoS2 adalékkal	https://nicro.hu/uploads/site7920/170127104565675605a8f16_363X215.jpg	
NI TC 1200 400ML	NICRO szerelöpaszta spray, 1200°C	https://nicro.hu/uploads/site7920/1701270703656754af6b1e9_363X215.jpg	
NI 860 400ML VÁGÓ ÜREGELŐ	NICRO vágó-fúró-üregelő spray	https://nicro.hu/uploads/site7920/1700574008655cb33854aca_363X215.jpg	
TORRO GBS	NORMA csuklós-csapos szorítóbilincs	https://shop.norma-ker.hu/img/14088/catpic_585575/264x264,r,1772235731/585575.jpg	
TORRO ... W1, W2, W3	NORMA szorítóbilincs	https://shop.norma-ker.hu/img/14088/catpic_644666/264x264,r,1745261020/644666.jpg	
TORRO ... W4, W5	NORMA szorítóbilincs (rozsdamentes)	https://shop.norma-ker.hu/img/14088/catpic_644666/264x264,r,1745261020/644666.jpg	
TORRO SL	NORMA benzincsőbilincs	https://shop.norma-ker.hu/img/14088/catpic_565278/264x264,r,1772234750/565278.jpg	
O- ... EPDM	O-gyűrű EPDM	https://cdn.skfmediahub.skf.com/api/public/094e418beda9bb35/png_highpreview/094e418beda9bb35_png_highpreview.png	https://cdn.skfmediahub.skf.com/api/public/0901d1968096de08/png_highpreview/0901d1968096de08_png_highpreview.png
O- ... HHBR	O-gyűrű HNBR	https://cdn.skfmediahub.skf.com/api/public/094e418beda9bb35/png_highpreview/094e418beda9bb35_png_highpreview.png	https://cdn.skfmediahub.skf.com/api/public/0901d1968096de08/png_highpreview/0901d1968096de08_png_highpreview.png
O- ... NBR	O-gyűrű NBR	https://cdn.skfmediahub.skf.com/api/public/094e418beda9bb35/png_highpreview/094e418beda9bb35_png_highpreview.png	https://cdn.skfmediahub.skf.com/api/public/0901d1968096de08/png_highpreview/0901d1968096de08_png_highpreview.png
O- ... SZILIKON	O-gyűrű SZILIKON	https://cdn.skfmediahub.skf.com/api/public/094e418beda9bb35/png_highpreview/094e418beda9bb35_png_highpreview.png	https://cdn.skfmediahub.skf.com/api/public/0901d1968096de08/png_highpreview/0901d1968096de08_png_highpreview.png
O- ... VITON	O-gyűrű VITON	https://cdn.skfmediahub.skf.com/api/public/094e418beda9bb35/png_highpreview/094e418beda9bb35_png_highpreview.png	https://cdn.skfmediahub.skf.com/api/public/0901d1968096de08/png_highpreview/0901d1968096de08_png_highpreview.png
FT DRÓTKEFE INOX_OSBORN	OSBORN drótkefe, INOX, zöld műanyag nyél, 1 soros	https://www.osborn.com/pim-resources/pim-images/5653/image-thumb__5653__productDetailPage_mainImage/EUMBHB001-0008462391-prd~-~media--54823e27--query.avif	
FT DRÓTKEFE RÉZ_OSBORN	OSBORN drótkefe, RÉZ, sárga műanyag nyél, 1 soros	https://www.osborn.com/pim-resources/pim-images/5652/image-thumb__5652__productDetailPage_mainImage/EUMBHB001-0008462591-prd~-~media--54823e27--query.avif	
FT KESZTYŰ EGYSZ.HASZN.FEKETE	Púdermentes nitril kesztyű FEKETE (1doboz = 50db)	https://www.haberkorn.com/dam/510x510/0100ECC9.jpg	https://www.haberkorn.com/dam/510x510/0100ECC8.jpg
FT KESZTYŰ EGYSZ.HASZN.NARANCS	Púdermentes nitril kesztyű NARANCS (1doboz = 50db)	https://www.haberkorn.com/dam/510x510/0100ECCD.jpg	https://www.haberkorn.com/dam/510x510/0100ECCC.jpg
RA..	SEEGER DIN6799	https://www.seeger-orbis.com/fileadmin/_processed_/e/a/csm_Sicherungsscheiben_RA8_1846e2a398.jpg	
RA.. ROZSDAMENTES	SEEGER DIN6799 rozsdamentes	https://www.seeger-orbis.com/fileadmin/_processed_/e/a/csm_Sicherungsscheiben_RA8_1846e2a398.jpg	
RB	SEEGER DIN9926	https://www.seeger-orbis.com/fileadmin/_processed_/0/9/csm_Runddraht-Sprengringe_RB50_8e8f700005.jpg	
SW	SEEGER DIN9927	https://www.seeger-orbis.com/fileadmin/_processed_/f/9/csm_Sprengringe_DIN_9927-9928_SW50r_002fe6ad89.jpg	
SB	SEEGER DIN9928	https://www.seeger-orbis.com/fileadmin/_processed_/4/4/csm_Sprengringe_DIN_9927-9928_SB50r_0318e07ae9.jpg	
A..	SEEGER rögzítő gyűrű DIN471	https://www.seeger-orbis.com/fileadmin/_processed_/0/a/csm_DIN_417-472_-_A50_37c82f2749.jpg	
A.. ROZSDAMENTES	SEEGER rögzítő gyűrű DIN471 rozsdamentes	https://www.seeger-orbis.com/fileadmin/_processed_/0/a/csm_DIN_417-472_-_A50_37c82f2749.jpg	
I..	SEEGER rögzítő gyűrű DIN472	https://www.seeger-orbis.com/fileadmin/_processed_/c/9/csm_DIN_417-472_-_J50_61a44a157f.jpg	
I.. ROZSDAMENTES	SEEGER rögzítő gyűrű DIN472 rozsdamentes	https://www.seeger-orbis.com/fileadmin/_processed_/c/9/csm_DIN_417-472_-_J50_61a44a157f.jpg	
SIM ... B2PT	SIMRIT nyomásálló szimering RM ac. ház teflon ajak	https://products.fst.com/pim/assets/design/designsketch/designsketch_b2pt-200x200.png	https://webshop.ktt.hu/images/products/b2pt.jpg
... E2	SKF (E2) energiatakarékos mélyhornyú golyóscsapágy	https://cdn.skfmediahub.skf.com/api/public/0901d196808e8c53/png_highpreview/0901d196808e8c53_png_highpreview.png	
PHE ... TGHKIT	SKF acélszalagos tengelykapcsoló szerelő készlet	https://cdn.skfmediahub.skf.com/api/public/094b5fb639de55cc/png_highpreview/094b5fb639de55cc_png_highpreview.png	
LK ... agyas	SKF agyas lánckerék	https://cdn.skfmediahub.skf.com/api/public/0901d19680bf160e/png_highpreview/0901d19680bf160e_png_highpreview.png	
LK ... agyas TB-vel	SKF agyas lánckerék kúpos szorítóval	https://cdn.skfmediahub.skf.com/api/public/0901d19680bf1610/png_highpreview/0901d19680bf1610_png_highpreview.png	
TLGB 21	SKF akkumulátoros zsírzópumpa	https://cdn.skfmediahub.skf.com/api/public/09423f9b27a3bc4f/png_highpreview/09423f9b27a3bc4f_png_highpreview.png	https://cdn.skfmediahub.skf.com/api/public/094464bbf14bddbc/png_highpreview/094464bbf14bddbc_png_highpreview.png
HNA 1-4	SKF állítható körmös kulcs, D=20-35mm KM1-KM4	https://cdn.skfmediahub.skf.com/api/public/094456a37dadf4ac/png_highpreview/094456a37dadf4ac_png_highpreview.png	https://cdn.skfmediahub.skf.com/api/public/0901d1968010bcd0/png_highpreview/0901d1968010bcd0_png_highpreview.png
HNA 5-8	SKF állítható körmös kulcs, D=35-60mm KM5-KM8	https://cdn.skfmediahub.skf.com/api/public/094b06bbdf340d91/png_highpreview/094b06bbdf340d91_png_highpreview.png	https://cdn.skfmediahub.skf.com/api/public/0901d1968010bcd0/png_highpreview/0901d1968010bcd0_png_highpreview.png
HNA 9-13	SKF állítható körmös kulcs, D=60-90mm KM9-KM13	https://cdn.skfmediahub.skf.com/api/public/0949b3b023a7875f/png_highpreview/0949b3b023a7875f_png_highpreview.png	https://cdn.skfmediahub.skf.com/api/public/0901d1968010bcd0/png_highpreview/0901d1968010bcd0_png_highpreview.png
HNA 14-24	SKF állítható körmös kulcs, D=90-150mm KM14-KM23	https://cdn.skfmediahub.skf.com/api/public/094835a1706c9dea/png_highpreview/094835a1706c9dea_png_highpreview.png	https://cdn.skfmediahub.skf.com/api/public/0901d1968010bcd0/png_highpreview/0901d1968010bcd0_png_highpreview.png
LAPP 4	SKF alsó védőelem automata kenőberendezéshez	https://cdn.skfmediahub.skf.com/api/public/094c78baf51e34c9/png_highpreview/094c78baf51e34c9_png_highpreview.png	
LGFG	SKF általános élelmiszeripari kenőzsír	https://cdn.skfmediahub.skf.com/api/public/094c56ab04152267/png_highpreview/094c56ab04152267_png_highpreview.png	
LGMT 2	SKF általános ipari és autóipari csapágyzsír NLGI2	https://cdn.skfmediahub.skf.com/api/public/0901d196809a87be/png_highpreview/0901d196809a87be_png_highpreview.png	
LGMT 3	SKF általános ipari és autóipari csapágyzsír NLGI3	https://cdn.skfmediahub.skf.com/api/public/0901d196809a87c8/png_highpreview/0901d196809a87c8_png_highpreview.png	
TMBR	SKF alumínium melegítőgyűrű	https://cdn.skfmediahub.skf.com/api/public/0901d196800e33c3/png_highpreview/0901d196800e33c3_png_highpreview.png	
53200, 53300, 53400	SKF axiális golyóscs egyirányú terh. beálló tárcsa	https://www.skf.com/webpim/0901d196802f2ab7/png/0901d196802f2ab7.png	https://www.skf.com/webpim/0901d1968037d6bb/0901d1968037d6bb.svg||https://www.skf.com/webpim/0901d1968037d6bc/0901d1968037d6bc.svg
54200, 54400	SKF axiális golyóscs kétirányú terh. beálló tárcsa	https://www.skf.com/webpim/0901d196808e8950/png/0901d196808e8950.png	https://www.skf.com/webpim/0901d1968037d6c1/0901d1968037d6c1.svg||https://www.skf.com/webpim/0901d1968037d6c2/0901d1968037d6c2.svg
51100, 51200, 51300, 51400, 52200, 52300, 52400, BA	SKF axiális golyóscsapágy egyirányú terhelésre	https://www.skf.com/webpim/0901d1968080984e/png/0901d1968080984e.png	https://www.skf.com/webpim/0901d1968037d6a6/0901d1968037d6a6.svg
81000	SKF axiális hengergörgős csapágy, egyirányú terh.	https://www.skf.com/webpim/0945ba9efa121613/png/0945ba9efa121613.png	https://www.skf.com/webpim/0901d196803a5a5d/0901d196803a5a5d.svg
AS	SKF axiális tárcsa tűgörgős csapágyhoz	https://www.skf.com/webpim/0901d196808e8846/png/0901d196808e8846.png	https://www.skf.com/webpim/0901d1968039c420/0901d1968039c420.svg
TMFS	SKF axiális tengelyanya kulcs	https://cdn.skfmediahub.skf.com/api/public/0941e0aec5916ce8/png_highpreview/0941e0aec5916ce8_png_highpreview.png	
AXK	SKF axiális tűgörgős csapágy (kosár)	https://www.skf.com/webpim/0901d19680b35674/png/0901d19680b35674.png	https://www.skf.com/webpim/0901d1968039c423/0901d1968039c423.svg
29200, 29300, 29400	SKF beálló axiális görgőscsapágy	https://www.skf.com/webpim/0901d19680809877/png/0901d19680809877.png	https://www.skf.com/webpim/0901d1968039bc8d/0901d1968039bc8d.svg
1200, 1300, 2200, 2300	SKF beálló golyóscsapágy	https://www.skf.com/webpim/0901d196807fc382/png/0901d196807fc382.png	
100	SKF beálló golyóscsapágy	https://www.skf.com/webpim/0901d196807fc382/png/0901d196807fc382.png	https://www.skf.com/webpim/0901d1968039aea0/0901d1968039aea0.svg
11200	SKF beálló golyóscsapágy széles belső gyűrűvel	https://www.skf.com/webpim/0901d196807fc383/png/0901d196807fc383.png	https://www.skf.com/webpim/0901d1968039aea7/0901d1968039aea7.svg
21300, 22200, 22300, 23000, 23100, 23200	SKF beálló görgőscsapágy	https://cdn.skfmediahub.skf.com/api/public/0901d196808e8910/png_highpreview/0901d196808e8910_png_highpreview.png	https://www.skf.com/webpim/0901d196803a5a02/0901d196803a5a02.svg
21300, 22200, 22300, 23000, 23100, 23200 ... K	SKF beálló görgőscsapágy kúpos furattal	https://cdn.skfmediahub.skf.com/api/public/0901d196808e8910/png_highpreview/0901d196808e8910_png_highpreview.png	
22... /VA405	SKF beálló görgőscsapágy vibrációs alkalmazáshoz	https://cdn.skfmediahub.skf.com/api/public/0901d19680809870/png_highpreview/0901d19680809870_png_highpreview.png	
PNA	SKF beálló tűgörgős csapágy belső gyűrűvel	https://www.skf.com/webpim/0901d19680cb2d21/png/0901d19680cb2d21.png	https://www.skf.com/webpim/0901d1968039c13d/0901d1968039c13d.svg
RPNA	SKF beálló tűgörgős csapágy belső gyűrű nélkül	https://www.skf.com/hu/productinfo/productid-RPNA%2020%2F35	https://www.skf.com/webpim/0901d1968039bbb0/0901d1968039bbb0.svg
TMIP 30-60	SKF belső csapágylehúzó készlet, d=30-60mm	https://cdn.skfmediahub.skf.com/api/public/0901d1968091e644/png_highpreview_800/0901d1968091e644_png_highpreview_800.png	
TMIC 7-28	SKF belső csapágylehúzó készlet, d=7-28mm	https://cdn.skfmediahub.skf.com/api/public/0901d1968091e644/png_highpreview_800/0901d1968091e644_png_highpreview_800.png	
TMIP 7-28	SKF belső csapágylehúzó készlet, d=7-28mm	https://cdn.skfmediahub.skf.com/api/public/0901d1968091e644/png_highpreview_800/0901d1968091e644_png_highpreview_800.png	
TMIP 7-60	SKF belső csapágylehúzó készlet, d=7-60mm	https://cdn.skfmediahub.skf.com/api/public/0901d1968091e644/png_highpreview_800/0901d1968091e644_png_highpreview_800.png	
IR	SKF belső gyűrű tűgörgős csapágyhoz	https://www.skf.com/webpim/0901d196808e8771/png/0901d196808e8771.png	https://www.skf.com/webpim/0901d1968039dc93/0901d1968039dc93.svg
LAPF F1/4	SKF belső menetes csőcsatlakozó G1/4	https://cdn.skfmediahub.skf.com/api/public/094f8ebae416447a/png_highpreview/094f8ebae416447a_png_highpreview.png	
LHMF 300/1	SKF beszerelő folyadék hidr. berendezéshez (1L)	https://cdn.skfmediahub.skf.com/api/public/0945a5a1ed466724/png_highpreview/0945a5a1ed466724_png_highpreview.png	
LHMF 300/205	SKF beszerelő folyadék hidr. berendezéshez (205L)	https://cdn.skfmediahub.skf.com/api/public/09439184e15f24e9/png_highpreview/09439184e15f24e9_png_highpreview.png	
LHMF 300/5	SKF beszerelő folyadék hidr. berendezéshez (5L)	https://cdn.skfmediahub.skf.com/api/public/0901d19680107613/png_highpreview/0901d19680107613_png_highpreview.png	
FRB	SKF betétgyűrű csapágyházakhoz	https://www.skf.com/webpim/0901d19680392d65/png/0901d19680392d65.png	https://www.skf.com/webpim/09465ca9026b0d9e/09465ca9026b0d9e.svg
LGGB	SKF biológiailag lebomló szintetikus csapágyzsír	https://cdn.skfmediahub.skf.com/api/public/0901d196809a8752/png_highpreview/0901d196809a8752_png_highpreview.png	
MB, MBL	SKF biztosítólemez	https://www.skf.com/webpim/0901d19680cb92b1/png/0901d19680cb92b1.png	https://www.skf.com/webpim/0901d19680390ce4/0901d19680390ce4.svg
MS	SKF biztosítókengyel tengelyanyához	https://www.skf.com/webpim/0901d19680cb934a/png/0901d19680cb934a.png	
TMMR 25/35XL-1	SKF bővítő klt. TMMR-hez (2db 275mm kar + csúcs)	https://cdn.skfmediahub.skf.com/api/public/094291b090b06a97/png_highpreview/094291b090b06a97_png_highpreview.png	
C (CARB)	SKF CARB toroidgörgős csapágy	https://www.skf.com/webpim/0901d1968080982f/png/0901d1968080982f.png	https://www.skf.com/webpim/0901d196803a6261/0901d196803a6261.svg
C (CARB) ... K	SKF CARB toroidgörgős csapágy kúpos furattal	https://www.skf.com/webpim/0901d1968080982f/png/0901d1968080982f.png	https://www.skf.com/webpim/0901d196803a6050/0901d196803a6050.svg
SYNT	SKF ConCentra csapágyegység	https://cdn.skfmediahub.skf.com/api/public/0901d19680c4c8c0/png_highpreview/0901d19680c4c8c0_png_highpreview.png	
HM 44, KM, KML	SKF tengelyanya	https://www.skf.com/webpim/0901d19680cb9349/png/0901d19680cb9349.png	https://www.skf.com/webpim/0901d19680390ce3/0901d19680390ce3.svg
AN	SKF csapágyanya, hüvelyk méret	https://www.skf.com/webpim/0901d19680cb9349/png/0901d19680cb9349.png	https://www.skf.com/webpim/0901d19680390ce1/0901d19680390ce1.svg
SAF, SE, SNL, SSNLD	SKF csapágyház	https://www.skf.com/webpim/0945a48092c2c101/png/0945a48092c2c101.png	
TSN ... C	SKF csapágyház-tömítés, filctömítés	https://cdn.skfmediahub.skf.com/api/public/0901d1968080a15a/png_highpreview/0901d1968080a15a_png_highpreview.png	
TSN ... S	SKF csapágyház-tömítés, labirinttömítés	https://cdn.skfmediahub.skf.com/api/public/0901d1968080a15c/png_highpreview/0901d1968080a15c_png_highpreview.png	
TSN ... A	SKF csapágyház-tömítés, V-gyűrűs tömítés	https://cdn.skfmediahub.skf.com/api/public/0901d1968080a159/png_highpreview/0901d1968080a159_png_highpreview.png	
TXL	SKF csapágyház-tömítés (négyajkas, gumi)	https://cdn.skfmediahub.skf.com/api/public/0947f3a2475331c9/png_highpreview/0947f3a2475331c9_png_highpreview.png	https://cdn.skfmediahub.skf.com/api/public/094f9a8c47a70693/svg_preview/094f9a8c47a70693_svg_preview.svg
SHT	SKF csapágyhüvely	https://cdn.skfmediahub.skf.com/api/public/0901d19680a3a519/png_highpreview/0901d19680a3a519_png_highpreview.png	
TMBP 20E	SKF csapágykihúzó klt. vakfuratos csapágyházakhoz	https://cdn.skfmediahub.skf.com/api/public/0901d1968010bd97/png_highpreview/0901d1968010bd97_png_highpreview.png	
TMFT 36-H	SKF csapágyszerelő, csapágyfelütő kalapács	https://cdn.skfmediahub.skf.com/api/public/094a2391b5a8df92/png_highpreview/094a2391b5a8df92_png_highpreview.png	
TMFT 36	SKF csapágyszerelő, csapágyfelütő készlet	https://cdn.skfmediahub.skf.com/api/public/0901d196804e02dc/png_highpreview/0901d196804e02dc_png_highpreview.png	https://cdn.skfmediahub.skf.com/api/public/0901d196804e02da/png_highpreview/0901d196804e02da_png_highpreview.png
LGHQ	SKF csapágyzsír elektromos motorokhoz	https://cdn.skfmediahub.skf.com/api/public/0901d19680a8c5af/png_highpreview/0901d19680a8c5af_png_highpreview.png	
VKN 550	SKF csapágyzsír feltöltő	https://cdn.skfmediahub.skf.com/api/public/0901d19680107239/png_highpreview/0901d19680107239_png_highpreview.png	
LGHB	SKF csapágyzsír magas viszkozitású nagy terh.+hő	https://cdn.skfmediahub.skf.com/api/public/0901d196809a8769/png_highpreview/0901d196809a8769_png_highpreview.png	
LGWA	SKF csapágyzsír nagy terhelés különösen nyomásálló	https://cdn.skfmediahub.skf.com/api/public/0901d196809a87de/png_highpreview/0901d196809a87de_png_highpreview.png	
LGEP	SKF csapágyzsír nagy terhelésre és nyomásra	https://cdn.skfmediahub.skf.com/api/public/0901d196809a8c8c/png_highpreview/0901d196809a8c8c_png_highpreview.png	
LGWM 2	SKF csapágyzsír nagy terhelésre, széles hőmérs.tar	https://cdn.skfmediahub.skf.com/api/public/0901d196809a881c/png_highpreview/0901d196809a881c_png_highpreview.png	
LGET	SKF csapágyzsír rendkívül magas hőmérs. 200-260°C	https://cdn.skfmediahub.skf.com/api/public/0901d196809a8700/png_highpreview/0901d196809a8700_png_highpreview.png	
KR	SKF csapos támasztógörgő	https://www.skf.com/webpim/0901d19680c37dc7/png/0901d19680c37dc7.png	https://www.skf.com/webpim/0901d19680c6936a/0901d19680c6936a.svg
KRE	SKF csapos támasztógörgő (excenteres)	https://www.skf.com/webpim/0901d19680c37dc9/png/0901d19680c37dc9.png	https://www.skf.com/webpim/0901d19680c69354/0901d19680c69354.svg
NUKR	SKF csapos támasztógörgő (telegörgős hengergörgős)	https://www.skf.com/webpim/0901d19680c37dd4/png/0901d19680c37dd4.png	https://www.skf.com/webpim/0901d1968037d14b/0901d1968037d14b.svg
KRV	SKF csapos támasztógörgő (telegörgős tűgörgős)	https://www.skf.com/webpim/0901d19680c37dc7/png/0901d19680c37dc7.png	https://www.skf.com/webpim/0901d19680c69352/0901d19680c69352.svg
KRVE	SKF csapos támasztógörgő (telegörgős, excenteres)	https://cdn.skfmediahub.skf.com/api/public/0901d19680c37dc9/png_highpreview/0901d19680c37dc9_png_highpreview.png	https://www.skf.com/webpim/0901d19680c9bd89/0901d19680c9bd89.svg
NUKRE	SKF telegörgős vezetőgörgő	https://cdn.skfmediahub.skf.com/api/public/0901d19680c37dd5/png_highpreview/0901d19680c37dd5_png_highpreview.png	
LAPN 1/4UNF	SKF csatlakozó G1/4 - 1/4UNF	https://cdn.skfmediahub.skf.com/api/public/0946f3abe39b4fd7/png_highpreview/0946f3abe39b4fd7_png_highpreview.png	
LAPN 1/2	SKF csatlakozó G1/4 - G1/2	https://cdn.skfmediahub.skf.com/api/public/0944b09e86cc89c4/png_highpreview/0944b09e86cc89c4_png_highpreview.png	
LAPN 1/4	SKF csatlakozó G1/4 - G1/4	https://cdn.skfmediahub.skf.com/api/public/0949dabe582c9b9e/png_highpreview/0949dabe582c9b9e_png_highpreview.png	
LAPN 1/8	SKF csatlakozó G1/4 - G1/8	https://cdn.skfmediahub.skf.com/api/public/09401ebb57c28953/png_highpreview/09401ebb57c28953_png_highpreview.png	
LAPN 3/8	SKF csatlakozó G1/4 - G3/8	https://cdn.skfmediahub.skf.com/api/public/0945f3bcde724e00/png_highpreview/0945f3bcde724e00_png_highpreview.png	
LAPN 10	SKF csatlakozó G1/4 - M10	https://cdn.skfmediahub.skf.com/api/public/09455c8fdb6d1993/png_highpreview/09455c8fdb6d1993_png_highpreview.png	
LAPN 10X1	SKF csatlakozó G1/4 - M10x1	https://cdn.skfmediahub.skf.com/api/public/09455c8fdb6d1993/png_highpreview/09455c8fdb6d1993_png_highpreview.png	
LAPN 12	SKF csatlakozó G1/4 - M12	https://cdn.skfmediahub.skf.com/api/public/0940e8918d4bb5b4/png_highpreview/0940e8918d4bb5b4_png_highpreview.png	
LAPN 12X1.5	SKF csatlakozó G1/4 - M12x1.5	https://cdn.skfmediahub.skf.com/api/public/0940e8918d4bb5b4/png_highpreview/0940e8918d4bb5b4_png_highpreview.png	
LAPN 6	SKF csatlakozó G1/4 - M6	https://cdn.skfmediahub.skf.com/api/public/0948b7ad23d71a3a/png_highpreview/0948b7ad23d71a3a_png_highpreview.png	
LAPN 8	SKF csatlakozó G1/4 - M8	https://cdn.skfmediahub.skf.com/api/public/0946cbab2ad00a1c/png_highpreview/0946cbab2ad00a1c_png_highpreview.png	
LAPN 8X1	SKF csatlakozó G1/4 - M8x1	https://cdn.skfmediahub.skf.com/api/public/0940cb9d7493d760/png_highpreview/0940cb9d7493d760_png_highpreview.png	
1013523 E	SKF csatlakozóelem adapter	https://cdn.skfmediahub.skf.com/api/public/094849ac738cda1b/png_highpreview/094849ac738cda1b_png_highpreview.png	
226402	SKF csatlakozótömb	https://cdn.skfmediahub.skf.com/api/public/0944cfb36ecb6aef/png_highpreview/0944cfb36ecb6aef_png_highpreview.png	
226402-1	SKF csatlakozótömb pótalkatrész, nyomásmérő csonk	https://cdn.skfmediahub.skf.com/api/public/0948e5b64520d900/png_highpreview/0948e5b64520d900_png_highpreview.png	
226402-2	SKF csatlakozótömb pótalkatrész, O-gyűrű	https://cdn.skfmediahub.skf.com/api/public/094e418beda9bb35/png_highpreview/094e418beda9bb35_png_highpreview.png	
TMDT 2-36	SKF csőbilincs hőszonda (200°C)	https://cdn.skfmediahub.skf.com/api/public/0947e39df6885abf/png_highpreview/0947e39df6885abf_png_highpreview.png	
1077453/100MPA	SKF csőtoldat	https://cdn.skfmediahub.skf.com/api/public/0901d196801543f0/png_highpreview/0901d196801543f0_png_highpreview.png	
1077454/100MPA	SKF csőtoldat	https://cdn.skfmediahub.skf.com/api/public/0901d196801543f0/png_highpreview/0901d196801543f0_png_highpreview.png	
227966/100MPA	SKF csőtoldat	https://cdn.skfmediahub.skf.com/api/public/0901d196801543f0/png_highpreview/0901d196801543f0_png_highpreview.png	
LAPE 35	SKF csőtoldat 35mm	https://cdn.skfmediahub.skf.com/api/public/094bc084b7b2f234/png_highpreview/094bc084b7b2f234_png_highpreview.png	
LAPE 50	SKF csőtoldat 50mm	https://cdn.skfmediahub.skf.com/api/public/094be7833b214c34/png_highpreview/094be7833b214c34_png_highpreview.png	
TKSA 71	SKF csúcsminőségű tengelybeállító	https://cdn.skfmediahub.skf.com/api/public/0901d19680536293/png_highpreview/0901d19680536293_png_highpreview.png	
TKSA 71/PRO	SKF csúcsminőségű tengelybeállító, tartozékokkal	https://cdn.skfmediahub.skf.com/api/public/0901d19680536293/png_highpreview/0901d19680536293_png_highpreview.png	
TMDT 2-33	SKF derékszögű hőszonda kemény felülethez (450°C)	https://cdn.skfmediahub.skf.com/api/public/094f53b76c7de9f6/png_highpreview/094f53b76c7de9f6_png_highpreview.png	
TKRT 10	SKF fordulatszámmérő	https://cdn.skfmediahub.skf.com/api/public/0901d196802d3a65/png_highpreview/0901d196802d3a65_png_highpreview.png	
LK ... 1DSTB	SKF dupla egysoros lánckerék kúpos szorítóval	https://cdn.skfmediahub.skf.com/api/public/0901d19680bf160a/png_highpreview/0901d19680bf160a_png_highpreview.png	
LK ... 1DSA	SKF dupla egysoros lánckerék egyoldali aggyal	https://cdn.skfmediahub.skf.com/api/public/0901d19680bf1609/png_highpreview/0901d19680bf1609_png_highpreview.png	
PHE UJMB...	SKF dupla kardáncsuklós tengelykapcsoló	https://cdn.skfmediahub.skf.com/api/public/0901d19680bf161b/png_highpreview/0901d19680bf161b_png_highpreview.png	
DTW	SKF egyajkas bepattintható poliuretán szennylehúzó gy.	https://cdn.skfmediahub.skf.com/api/public/0901d1968028664d/png_highpreview/0901d1968028664d_png_highpreview.png	
LAGH 400	SKF egykezes zsírzópisztoly + flexi szár	https://cdn.skfmediahub.skf.com/api/public/0901d19680107224/png_highpreview/0901d19680107224_png_highpreview.png	
7200 PORVÉDŐS, 7300 PORVÉDŐS	SKF egysorú ferde hatásvonalú golyóscsap. porvédős	https://www.skf.com/webpim/0901d196807ff271/png/0901d196807ff271.png	https://www.skf.com/webpim/0901d19680390cdf/0901d19680390cdf.svg
7000, 7200, 7300, 71800, 71900	SKF egysorú ferde hatásvonalú golyóscsapágy	https://www.skf.com/webpim/0901d196807ff26f/png/0901d196807ff26f.png	https://www.skf.com/webpim/0901d1968038e90a/0901d1968038e90a.svg
N	SKF egysorú hengergörgős csapágy (N)	https://cdn.skfmediahub.skf.com/api/public/0901d1968080983d/png_highpreview/0901d1968080983d_png_highpreview.png	https://cdn.skfmediahub.skf.com/api/public/0901d196803a5fa3/svg_preview/0901d196803a5fa3_svg_preview.svg
NJ, NJP	SKF egysorú hengergörgős csapágy (NJ)	https://cdn.skfmediahub.skf.com/api/public/0901d1968080983f/png_highpreview/0901d1968080983f_png_highpreview.png	https://cdn.skfmediahub.skf.com/api/public/0901d196803a5fa1/svg_preview/0901d196803a5fa1_svg_preview.svg
NU	SKF egysorú hengergörgős csapágy (NU)	https://cdn.skfmediahub.skf.com/api/public/0901d1968080984a/png_highpreview/0901d1968080984a_png_highpreview.png	https://cdn.skfmediahub.skf.com/api/public/0901d196803a5fa0/svg_preview/0901d196803a5fa0_svg_preview.svg
NU ... VL0241	SKF egysorú hengergörgős csapágy (NU) szigetelt	https://cdn.skfmediahub.skf.com/api/public/0901d1968080a1aa/png_highpreview/0901d1968080a1aa_png_highpreview.png	
NUP	SKF egysorú hengergörgős csapágy (NUP)	https://cdn.skfmediahub.skf.com/api/public/0901d19680809842/png_highpreview/0901d19680809842_png_highpreview.png	https://cdn.skfmediahub.skf.com/api/public/0901d196803a5fa2/svg_preview/0901d196803a5fa2_svg_preview.svg
RNU	SKF egysorú hengergörgős csapágy belsőgyűrű nélkül	https://www.skf.com/webpim/0901d196808e86fa/png/0901d196808e86fa.png	https://www.skf.com/webpim/0901d196803b7de0/0901d196803b7de0.svg
30200, 30300, 31300, 32000, 32200, 32300, 32900, 33000, 33100, 33200, 331074, 331126, 331293, 331567, 331933, 331958, 331974, 639000, BCAB, BT1-, BT1B, HM, JL, JLM, JM, L, LM, M, T2CD, T2DD, T2ED, T4CB, T4DB, T4EB, T7FC	SKF egysorú kúpgörgős csapágy	https://www.skf.com/webpim/0901d1968080987b/png/0901d1968080987b.png	https://www.skf.com/webpim/0901d1968039f55e/0901d1968039f55e.svg
... GJN	SKF egysorú mélyh. csapágy (-30...+150°C zsírral)	https://www.skf.com/webpim/0901d196807ff28b/png/0901d196807ff28b.png	
... WT	SKF egysorú mélyh. csapágy (-40...+160°C zsírral)	https://www.skf.com/webpim/0901d196807ff28b/png/0901d196807ff28b.png	
... LHT23	SKF egysorú mélyh. csapágy (-50...+140°C zsírral)	https://www.skf.com/webpim/0901d196807ff28b/png/0901d196807ff28b.png	
6... VL2071	SKF egysorú mélyh. golyóscsap. belső gy. szigetelt	https://cdn.skfmediahub.skf.com/api/public/0901d1968080a1ab/png_highpreview/0901d1968080a1ab_png_highpreview.png	
6... VL0241	SKF egysorú mélyh. golyóscsap. külső gy. szigetelt	https://cdn.skfmediahub.skf.com/api/public/0901d1968080a1ad/png_highpreview/0901d1968080a1ad_png_highpreview.png	
... /W64	SKF egysorú mélyhornyú golyóscs. Solid Oil feltölt	https://cdn.skfmediahub.skf.com/api/public/094df38f073da43c/png_highpreview/094df38f073da43c_png_highpreview.png	
6000, 6200, 6300, 6400, 16000, 16100, 61800, 61900, 63000, BB1-, BB1B, BBYB, EE, EEB, RMS	SKF egysorú mélyhornyú golyóscsapágy	https://www.skf.com/webpim/0901d196807ff28b/png/0901d196807ff28b.png	
6000 ... VA201	SKF egysorú mélyhornyú hőálló golyóscsapágy /250°C	https://cdn.skfmediahub.skf.com/api/public/0901d196808e8c48/png_highpreview/0901d196808e8c48_png_highpreview.png	
6000 ... VA208	SKF egysorú mélyhornyú hőálló golyóscsapágy /350°C	https://cdn.skfmediahub.skf.com/api/public/094494bb6ad9721e/png_highpreview/094494bb6ad9721e_png_highpreview.png	
6000 ... VA228	SKF egysorú mélyhornyú hőálló golyóscsapágy /350°C	https://cdn.skfmediahub.skf.com/api/public/094494bb6ad9721e/png_highpreview/094494bb6ad9721e_png_highpreview.png	
NCF	SKF egysorú telegörgős hengergörgős csapágy	https://www.skf.com/webpim/0901d19680809843/png/0901d19680809843.png	https://www.skf.com/webpim/0901d1968039ad60/0901d1968039ad60.svg
NJG	SKF egysorú telegörgős hengergörgős csapágy (NJ)	https://cdn.skfmediahub.skf.com/api/public/0901d196808e86e4/png_highpreview/0901d196808e86e4_png_highpreview.png	https://cdn.skfmediahub.skf.com/api/public/0901d1968039ad61/svg_preview/0901d1968039ad61_svg_preview.svg
E- ... ékszíj	SKF ékszíj	https://cdn.skfmediahub.skf.com/api/public/0901d19680be8185/png_highpreview/0901d19680be8185_png_highpreview.png	
E- ... ékszíj, átlapolt	SKF ékszíj, átlapolt	https://cdn.skfmediahub.skf.com/api/public/0901d19680be8186/png_highpreview/0901d19680be8186_png_highpreview.png	
E- ... ékszíj, fogazott	SKF ékszíj, fogazott	https://cdn.skfmediahub.skf.com/api/public/0901d19680be8213/png_highpreview/0901d19680be8213_png_highpreview.png	
TKBA 40	SKF ékszíjtárcsa beállító, nagy pontosságú	https://cdn.skfmediahub.skf.com/api/public/0901d196802d0e37/png_highpreview/0901d196802d0e37_png_highpreview.png	
ET- ... ékszíjtárcsa	SKF ékszíjtárcsa, kúpos szorítós	https://cdn.skfmediahub.skf.com/api/public/0901d19680bf155f/png_highpreview/0901d19680bf155f_png_highpreview.png	
TLSD 125/ ... és TLSD 250/ ...	SKF elektromechanikus egypontos aut.kenőberendezés	https://cdn.skfmediahub.skf.com/api/public/0901d1968093353f/png_highpreview/0901d1968093353f_png_highpreview.png	
TKST 11	SKF elektronikus sztetoszkóp	https://cdn.skfmediahub.skf.com/api/public/0943dfbd65d18cc1/png_highpreview/0943dfbd65d18cc1_png_highpreview.png	
TMST 3	SKF elektronikus sztetoszkóp	https://cdn.skfmediahub.skf.com/api/public/0943dfbd65d18cc1/png_highpreview/0943dfbd65d18cc1_png_highpreview.png	
TMST 3-3	SKF elektronikus sztetoszkóp (csak a szonda)	https://cdn.skfmediahub.skf.com/api/public/0943438d3eed614d/png_highpreview/0943438d3eed614d_png_highpreview.png	
TMDT 2-35	SKF éles hegyű hőszonda félkemény felülethez 600°C	https://cdn.skfmediahub.skf.com/api/public/094204b6bd9bbfa7/png_highpreview/094204b6bd9bbfa7_png_highpreview.png	
TKES 10S	SKF endoszkóp, félmerev kábel	https://cdn.skfmediahub.skf.com/api/public/0901d1968013e2a8/png_highpreview/0901d1968013e2a8_png_highpreview.png	
TKES 10A	SKF endoszkóp, optikai kábel mozgatható csúccsal	https://cdn.skfmediahub.skf.com/api/public/0901d1968013e1ab/png_highpreview/0901d1968013e1ab_png_highpreview.png	
TKES 10F	SKF endoszkóp, rugalmas kábel	https://cdn.skfmediahub.skf.com/api/public/0901d1968013e1ac/png_highpreview/0901d1968013e1ac_png_highpreview.png	
YEL, YET	SKF excenteres rögzítőgyűrűvel szerelt Y-csapágy	https://www.skf.com/webpim/0901d1968080981d/png/0901d1968080981d.png	https://www.skf.com/webpim/0901d19680809820/png/0901d19680809820.png
LAPT 1000S	SKF extra erős rugalmas tömlő 1000mm hosszú, 6x4mm	https://cdn.skfmediahub.skf.com/api/public/0944fbafaba3b9bf/png_highpreview/0944fbafaba3b9bf_png_highpreview.png	
LAPB 5-16E1	SKF felvonó kefe olaj alkalmazásokhoz G1/4 5-16mm	https://cdn.skfmediahub.skf.com/api/public/0901d196802635e4/png_highpreview/0901d196802635e4_png_highpreview.png	
SIM CRS11 R, SIM CRS13 R, SIM CRS15 R, SIM CRW1 R	SKF fémházas simmering (egyajkas) NBR	https://www.skf.com/webpim/0901d196804a3dbe/png/0901d196804a3dbe.png	https://www.skf.com/webpim/0901d196803c91e8/0901d196803c91e8.svg
SIM CRW1 V	SKF fémházas simmering (egyajkas) VITON	https://www.skf.com/webpim/0901d196804a3dbe/png/0901d196804a3dbe.png	https://www.skf.com/webpim/0901d196803c91e8/0901d196803c91e8.svg
SIM CRSA11 R, SIM CRSA12 R, SIM CRWA1 R	SKF fémházas simmering (egyajkas) NBR	https://www.skf.com/webpim/0901d196802e86a2/png/0901d196802e86a2.png	https://www.skf.com/webpim/0901d196803c91ea/0901d196803c91ea.svg
SIM CRWA1 V	SKF fémházas simmering (kétajkas) VITON	https://www.skf.com/webpim/0901d196802e86a2/png/0901d196802e86a2.png	https://www.skf.com/webpim/0901d196803c91ea/0901d196803c91ea.svg
TMRT 1-59	SKF fényvisszaverő	https://cdn.skfmediahub.skf.com/api/public/0901d196807f7e2d/png_highpreview/0901d196807f7e2d_png_highpreview.png	
BLAB ... B	SKF ferde hatásvonalú gömbcsukló	https://cdn.skfmediahub.skf.com/api/public/094ea6b0d5d52b87/png_highpreview/094ea6b0d5d52b87_png_highpreview.png	
700	SKF ferdehatásvonalú miniatűr golyóscsapágy	https://www.skf.com/webpim/0901d196808e8c55/png/0901d196808e8c55.png	https://www.skf.com/webpim/0901d196803ac1ed/0901d196803ac1ed.svg
GS	SKF fészektárcsa axiális görgős csapágyhoz	https://www.skf.com/webpim/0901d196808e8847/png/0901d196808e8847.png	https://www.skf.com/webpim/0901d1968039c421/0901d1968039c421.svg
TU EGYSÉG, TUJ EGYSÉG, UCT 200	SKF feszítő Y-csapágyegység öntöttvas házzal	https://www.skf.com/webpim/0901d196808e89d3/png/0901d196808e89d3.png	
FS	SKF filc-, nemeztömítés csapágyházhoz	https://www.skf.com/webpim/0901d196803e4e17/png/0901d196803e4e17.png	
1077601	SKF flexibilis nagynyomású cső, 500mm	https://cdn.skfmediahub.skf.com/api/public/094c9e9bde762d8b/png_highpreview/094c9e9bde762d8b_png_highpreview.png	
E- ... fogasszíj MXL,XL,L,H,XH,XXH	SKF fogasszíj (hüvelyk méret)	https://cdn.skfmediahub.skf.com/api/public/0901d19680be8214/png_highpreview/0901d19680be8214_png_highpreview.png	
E- ... fogasszíj 3M,5M,8M,14M	SKF fogasszíj (gumi, metrikus méret)	https://cdn.skfmediahub.skf.com/api/public/0901d19680be8217/png_highpreview/0901d19680be8217_png_highpreview.png	
ET- ... fogasszíj tárcsa	SKF fogasszíj tárcsa, vezető furattal	https://cdn.skfmediahub.skf.com/api/public/0901d19680bf1559/png_highpreview/0901d19680bf1559_png_highpreview.png	
PHE ... CKIT	SKF fogazott tengelykapcsoló-szerelőkészlet	https://cdn.skfmediahub.skf.com/api/public/0901d19680bea1ef/png_highpreview/0901d19680bea1ef_png_highpreview.png	
PHE ... CCOVER	SKF fogazott tengelykapcsoló-fedél	https://cdn.skfmediahub.skf.com/api/public/0901d19680bea1ed/png_highpreview/0901d19680bea1ed_png_highpreview.png	
TMDT 2-40	SKF gáz- és folyadékszonda alkatrész	https://cdn.skfmediahub.skf.com/api/public/094393aac67d20a2/png_highpreview/094393aac67d20a2_png_highpreview.png	
PHE FRC ... RSB	SKF FRC tengelykapcsoló tömör furattal	https://cdn.skfmediahub.skf.com/api/public/0901d19680bea1eb/png_highpreview/0901d19680bea1eb_png_highpreview.png	
PHE FRC ... NR	SKF FRC tengelykapcsoló, gumi betét	https://cdn.skfmediahub.skf.com/api/public/0901d19680bea1e8/png_highpreview/0901d19680bea1e8_png_highpreview.png	
PHE FRC ... FTB	SKF FRC tengelykapcsoló, kúpos perselyes agy F-típ	https://cdn.skfmediahub.skf.com/api/public/0901d19680bea1e9/png_highpreview/0901d19680bea1e9_png_highpreview.png	
PHE FRC ... HTB	SKF FRC tengelykapcsoló, kúpos perselyes agy H-típ	https://cdn.skfmediahub.skf.com/api/public/0901d19680bea1ea/png_highpreview/0901d19680bea1ea_png_highpreview.png	
TMCD 5P	SKF függőleges mérőóra hidraulikus anyákhoz	https://cdn.skfmediahub.skf.com/api/public/094caea6ae4d85a4/png_highpreview/094caea6ae4d85a4_png_highpreview.png	
PHF FX	SKF FX retesz nélküli persely	https://cdn.skfmediahub.skf.com/api/public/0901d19680be9eee/png_highpreview/0901d19680be9eee_png_highpreview.png	
G	SKF G-gyűrű	https://www.skf.com/webpim/0901d196803cd1ea/0901d196803cd1ea.svg	
TMDT 2-34	SKF gáz és folyadék felületi hőszonda (1100°C)	https://cdn.skfmediahub.skf.com/api/public/094c52b33a415a0c/png_highpreview/094c52b33a415a0c_png_highpreview.png	
TMDT 2-34/1.5	SKF gáz és folyadék felületi hőszonda (900°C)	https://cdn.skfmediahub.skf.com/api/public/094cd3a1012ff896/png_highpreview/094cd3a1012ff896_png_highpreview.png	
LAGD 125	SKF gázhajtású egypontos automata kenőberendezés	https://cdn.skfmediahub.skf.com/api/public/0901d19680933643/png_highpreview/0901d19680933643_png_highpreview.png	
LAGD 60	SKF gázhajtású egypontos automata kenőberendezés	https://cdn.skfmediahub.skf.com/api/public/0901d19680933643/png_highpreview/0901d19680933643_png_highpreview.png	
GE .., GEH .., GEZ ..,	SKF gömbcsukló	https://www.skf.com/webpim/0901d1968080a17c/png/0901d1968080a17c.png	https://www.skf.com/webpim/0901d196803d0288/0901d196803d0288.svg
SI, SIA, SIKAC, SIKB, SIL, SILKAC, SILKB	SKF gömbcsuklós fej belső menettel	https://www.skf.com/webpim/0901d1968080a1a2/png/0901d1968080a1a2.png	https://www.skf.com/webpim/0901d196803d037b/0901d196803d037b.svg
SIJ, SIQG, SIR	SKF gömbcsuklós fej belső menettel + szorítócsavar	https://www.skf.com/webpim/094765905b9eb950/png/094765905b9eb950.png	
SA, SAKAC, SAKB, SAL, SALKAC, SALKB	SKF gömbcsuklós fej külső menettel	https://www.skf.com/webpim/0901d1968080a199/png/0901d1968080a199.png	https://www.skf.com/webpim/0901d196803d03f0/0901d196803d03f0.svg
SC	SKF gömbcsuklós fej, hengeres profil, hegesztéshez	https://www.skf.com/webpim/0901d1968080a19b/png/0901d1968080a19b.png	https://www.skf.com/webpim/0901d196803d03fb/0901d196803d03fb.svg
SCF	SKF gömbcsuklós fej, téglalap profil, hegesztéshez	https://www.skf.com/webpim/0901d1968080a19c/png/0901d1968080a19c.png	https://www.skf.com/webpim/0901d196803d03fc/0901d196803d03fc.svg
U 200, U 300, U400	SKF gömbfelületű alátéttárcsa axiális golyóscsaph.	https://www.skf.com/webpim/09439590f7ada716/png/09439590f7ada716.png	
LS	SKF gördülőtárcsa axiális tűgörgős csapágyhoz	https://www.skf.com/webpim/0901d196808e8847/png/0901d196808e8847.png	https://www.skf.com/webpim/0901d1968039c41f/0901d1968039c41f.svg
GLA lánc	SKF görgőslánc	https://cdn.skfmediahub.skf.com/api/public/0901d19680bea149/png_highpreview/0901d19680bea149_png_highpreview.png	
GLA fél	SKF görgőslánc, félszem	https://cdn.skfmediahub.skf.com/api/public/0901d19680bea145/png_highpreview/0901d19680bea145_png_highpreview.png	
GLA patent	SKF görgőslánc, patentszem	https://cdn.skfmediahub.skf.com/api/public/0901d19680bea13f/png_highpreview/0901d19680bea13f_png_highpreview.png	
SIM HMS5 RG	SKF gumiházas simmering (egyajkas) NBR	https://www.skf.com/webpim/0901d1968030a1f2/png/0901d1968030a1f2.png	https://www.skf.com/webpim/0901d196803c92a0/0901d196803c92a0.svg
SIM HMS5 V	SKF gumiházas simmering (egyajkas) VITON	https://www.skf.com/webpim/0901d1968030a1f2/png/0901d1968030a1f2.png	https://www.skf.com/webpim/0901d196803c92a0/0901d196803c92a0.svg
SIM HMSA10 RG, SIM HMSA10 RG1	SKF gumiházas, porvédős simmering (kétajkas) NBR	https://www.skf.com/webpim/0901d1968030a1f1/png/0901d1968030a1f1.png	https://www.skf.com/webpim/0901d196803c92a1/0901d196803c92a1.svg
SIM HMSA10 V, SIM HMSA10 V1	SKF gumiházas, porvédős simmering (kétajkas) VITON	https://www.skf.com/webpim/0901d1968030a1f1/png/0901d1968030a1f1.png	https://www.skf.com/webpim/0901d196803c92a1/0901d196803c92a1.svg
729100, 729831 A, 729832 A	SKF gyorscsatlakozó	https://cdn.skfmediahub.skf.com/api/public/0901d196801543e8/png_highpreview_800/0901d196801543e8_png_highpreview_800.png	
CMPT 2310	SKF gyorsulásmérő 5méter beépített fonott kábellel	https://cdn.skfmediahub.skf.com/api/public/0901d1968019901b/png_highpreview/0901d1968019901b_png_highpreview.png	
PRM	SKF hajlított bronz hengeres csúszócsapágy	https://cdn.skfmediahub.skf.com/api/public/0901d1968080a192/png_highpreview/0901d1968080a192_png_highpreview.png	
PRMF	SKF hajlított bronz peremes csúszócsapágy	https://cdn.skfmediahub.skf.com/api/public/0901d1968080a193/png_highpreview/0901d1968080a193_png_highpreview.png	
TMHS 8T	SKF három bővítőrúd és egy központosító csúcs	https://cdn.skfmediahub.skf.com/api/public/0942c1bede8b2395/png_highpreview/0942c1bede8b2395_png_highpreview.png	
TMMA 100H	SKF háromkaros hidraulikus lehúzó (100kN)	https://cdn.skfmediahub.skf.com/api/public/0901d1968010b48b/png_highpreview/0901d1968010b48b_png_highpreview.png	
TMMA 100H/SET	SKF háromkaros hidraulikus lehúzó (100kN) készlet	https://cdn.skfmediahub.skf.com/api/public/0901d1968010bd96/png_highpreview/0901d1968010bd96_png_highpreview.png	
TMMA 75H	SKF háromkaros hidraulikus lehúzó (75kN)	https://cdn.skfmediahub.skf.com/api/public/0901d1968010b48a/png_highpreview/0901d1968010b48a_png_highpreview.png	
TMMA 75H/SET	SKF háromkaros hidraulikus lehúzó (75kN) készlet	https://cdn.skfmediahub.skf.com/api/public/0901d1968078d897/png_highpreview/0901d1968078d897_png_highpreview.png	
TMMP 3X185	SKF háromkaros lehúzó (24kN)	https://cdn.skfmediahub.skf.com/api/public/0901d196807ef5bd/png_highpreview/0901d196807ef5bd_png_highpreview.png	
TMMP 3X230	SKF háromkaros lehúzó (34kN)	https://cdn.skfmediahub.skf.com/api/public/0901d196807ef5bc/png_highpreview/0901d196807ef5bc_png_highpreview.png	
TMMP 3X300	SKF háromkaros lehúzó (50kN)	https://cdn.skfmediahub.skf.com/api/public/0901d196807ef5bb/png_highpreview/0901d196807ef5bb_png_highpreview.png	
TMMA 120	SKF háromkaros mechanikus lehúzó (120kN)	https://cdn.skfmediahub.skf.com/api/public/0901d1968010b489/png_highpreview/0901d1968010b489_png_highpreview.png	
TMMA 60	SKF háromkaros mechanikus lehúzó (60kN)	https://cdn.skfmediahub.skf.com/api/public/0901d1968010b487/png_highpreview/0901d1968010b487_png_highpreview.png	
TMMA 80	SKF háromkaros mechanikus lehúzó (80kN)	https://cdn.skfmediahub.skf.com/api/public/0901d1968010b488/png_highpreview/0901d1968010b488_png_highpreview.png	
TMMS	SKF háromrészes lehúzópofa	https://cdn.skfmediahub.skf.com/api/public/0901d1968015449c/png_highpreview_800/0901d1968015449c_png_highpreview_800.png	
TMBS 100E	SKF hátsópofás lehúzó (100kN), d=20-100mm	https://cdn.skfmediahub.skf.com/api/public/0901d1968010bcd5/png_highpreview/0901d1968010bcd5_png_highpreview.png	
TMBS 150E	SKF hátsópofás lehúzó (150kN), d=35-150mm	https://cdn.skfmediahub.skf.com/api/public/0901d1968010bc9c/png_highpreview/0901d1968010bc9c_png_highpreview.png	
TMBS 50E	SKF hátsópofás lehúzó (30kN), d=7-50mm	https://cdn.skfmediahub.skf.com/api/public/0901d1968010bcd6/png_highpreview/0901d1968010bcd6_png_highpreview.png	
YAR, YAT	SKF hernyócsavaros rögzítésű Y-csapágy	https://www.skf.com/webpim/0901d19680809819/png/0901d19680809819.png	https://www.skf.com/webpim/0901d1968080981c/png/0901d1968080981c.png
YAR ... VA201	SKF hernyócsavaros rögzítésű Y-csapágy /250°C	https://cdn.skfmediahub.skf.com/api/public/09426092a3cffe86/png_highpreview/09426092a3cffe86_png_highpreview.png	
729865 A	SKF hézagmérő, 100mm, 13 lapos	https://cdn.skfmediahub.skf.com/api/public/094a1c92bc13920e/png_highpreview/094a1c92bc13920e_png_highpreview.png	
729865 B	SKF hézagmérő, 200mm, 29 lapos	https://cdn.skfmediahub.skf.com/api/public/0949a993c5d0a610/png_highpreview/0949a993c5d0a610_png_highpreview.png	
TMAS 100-005	SKF hézagoló lemez 1csomag=10db 100x100x0,05mm	https://cdn.skfmediahub.skf.com/api/public/0901d19680156503/png_highpreview_800/0901d19680156503_png_highpreview_800.png	
TMAS 100-010	SKF hézagoló lemez 1csomag=10db 100x100x0,10mm	https://cdn.skfmediahub.skf.com/api/public/0901d19680156503/png_highpreview_800/0901d19680156503_png_highpreview_800.png	
TMAS 100-020	SKF hézagoló lemez 1csomag=10db 100x100x0,20mm	https://cdn.skfmediahub.skf.com/api/public/0901d19680156503/png_highpreview_800/0901d19680156503_png_highpreview_800.png	
TMAS 100-025	SKF hézagoló lemez 1csomag=10db 100x100x0,25mm	https://cdn.skfmediahub.skf.com/api/public/0901d19680156503/png_highpreview_800/0901d19680156503_png_highpreview_800.png	
TMAS 100-040	SKF hézagoló lemez 1csomag=10db 100x100x0,40mm	https://cdn.skfmediahub.skf.com/api/public/0901d19680156503/png_highpreview_800/0901d19680156503_png_highpreview_800.png	
TMAS 100-050	SKF hézagoló lemez 1csomag=10db 100x100x0,50mm	https://cdn.skfmediahub.skf.com/api/public/0901d19680156503/png_highpreview_800/0901d19680156503_png_highpreview_800.png	
TMAS 100-070	SKF hézagoló lemez 1csomag=10db 100x100x0,70mm	https://cdn.skfmediahub.skf.com/api/public/0901d19680156503/png_highpreview_800/0901d19680156503_png_highpreview_800.png	
TMAS 100-100	SKF hézagoló lemez 1csomag=10db 100x100x1,00mm	https://cdn.skfmediahub.skf.com/api/public/0901d19680156503/png_highpreview_800/0901d19680156503_png_highpreview_800.png	
TMAS 100-200	SKF hézagoló lemez 1csomag=10db 100x100x2,00mm	https://cdn.skfmediahub.skf.com/api/public/0901d19680156503/png_highpreview_800/0901d19680156503_png_highpreview_800.png	
TMAS 100-300	SKF hézagoló lemez 1csomag=10db 100x100x3,00mm	https://cdn.skfmediahub.skf.com/api/public/0901d19680156503/png_highpreview_800/0901d19680156503_png_highpreview_800.png	
TMAS 125-005	SKF hézagoló lemez 1csomag=10db 125x125x0,05mm	https://cdn.skfmediahub.skf.com/api/public/0901d19680156503/png_highpreview_800/0901d19680156503_png_highpreview_800.png	
TMAS 125-010	SKF hézagoló lemez 1csomag=10db 125x125x0,10mm	https://cdn.skfmediahub.skf.com/api/public/0901d19680156503/png_highpreview_800/0901d19680156503_png_highpreview_800.png	
TMAS 125-020	SKF hézagoló lemez 1csomag=10db 125x125x0,20mm	https://cdn.skfmediahub.skf.com/api/public/0901d19680156503/png_highpreview_800/0901d19680156503_png_highpreview_800.png	
TMAS 125-025	SKF hézagoló lemez 1csomag=10db 125x125x0,25mm	https://cdn.skfmediahub.skf.com/api/public/0901d19680156503/png_highpreview_800/0901d19680156503_png_highpreview_800.png	
TMAS 125-040	SKF hézagoló lemez 1csomag=10db 125x125x0,40mm	https://cdn.skfmediahub.skf.com/api/public/0901d19680156503/png_highpreview_800/0901d19680156503_png_highpreview_800.png	
TMAS 125-050	SKF hézagoló lemez 1csomag=10db 125x125x0,50mm	https://cdn.skfmediahub.skf.com/api/public/0901d19680156503/png_highpreview_800/0901d19680156503_png_highpreview_800.png	
TMAS 125-070	SKF hézagoló lemez 1csomag=10db 125x125x0,70mm	https://cdn.skfmediahub.skf.com/api/public/0901d19680156503/png_highpreview_800/0901d19680156503_png_highpreview_800.png	
TMAS 125-100	SKF hézagoló lemez 1csomag=10db 125x125x1,00mm	https://cdn.skfmediahub.skf.com/api/public/0901d19680156503/png_highpreview_800/0901d19680156503_png_highpreview_800.png	
TMAS 125-200	SKF hézagoló lemez 1csomag=10db 125x125x2,00mm	https://cdn.skfmediahub.skf.com/api/public/0901d19680156503/png_highpreview_800/0901d19680156503_png_highpreview_800.png	
TMAS 125-300	SKF hézagoló lemez 1csomag=10db 125x125x3,00mm	https://cdn.skfmediahub.skf.com/api/public/0901d19680156503/png_highpreview_800/0901d19680156503_png_highpreview_800.png	
TMAS 200-005	SKF hézagoló lemez 1csomag=10db 200x200x0,05mm	https://cdn.skfmediahub.skf.com/api/public/0901d19680156503/png_highpreview_800/0901d19680156503_png_highpreview_800.png	
TMAS 200-010	SKF hézagoló lemez 1csomag=10db 200x200x0,10mm	https://cdn.skfmediahub.skf.com/api/public/0901d19680156503/png_highpreview_800/0901d19680156503_png_highpreview_800.png	
TMAS 200-020	SKF hézagoló lemez 1csomag=10db 200x200x0,20mm	https://cdn.skfmediahub.skf.com/api/public/0901d19680156503/png_highpreview_800/0901d19680156503_png_highpreview_800.png	
TMAS 200-025	SKF hézagoló lemez 1csomag=10db 200x200x0,25mm	https://cdn.skfmediahub.skf.com/api/public/0901d19680156503/png_highpreview_800/0901d19680156503_png_highpreview_800.png	
TMAS 200-040	SKF hézagoló lemez 1csomag=10db 200x200x0,40mm	https://cdn.skfmediahub.skf.com/api/public/0901d19680156503/png_highpreview_800/0901d19680156503_png_highpreview_800.png	
TMAS 200-050	SKF hézagoló lemez 1csomag=10db 200x200x0,50mm	https://cdn.skfmediahub.skf.com/api/public/0901d19680156503/png_highpreview_800/0901d19680156503_png_highpreview_800.png	
TMAS 200-070	SKF hézagoló lemez 1csomag=10db 200x200x0,70mm	https://cdn.skfmediahub.skf.com/api/public/0901d19680156503/png_highpreview_800/0901d19680156503_png_highpreview_800.png	
TMAS 200-100	SKF hézagoló lemez 1csomag=10db 200x200x1,00mm	https://cdn.skfmediahub.skf.com/api/public/0901d19680156503/png_highpreview_800/0901d19680156503_png_highpreview_800.png	
TMAS 200-200	SKF hézagoló lemez 1csomag=10db 200x200x2,00mm	https://cdn.skfmediahub.skf.com/api/public/0901d19680156503/png_highpreview_800/0901d19680156503_png_highpreview_800.png	
TMAS 200-300	SKF hézagoló lemez 1csomag=10db 200x200x3,00mm	https://cdn.skfmediahub.skf.com/api/public/0901d19680156503/png_highpreview_800/0901d19680156503_png_highpreview_800.png	
TMAS 50-005	SKF hézagoló lemez 1csomag=10db 50x50x0,05mm	https://cdn.skfmediahub.skf.com/api/public/0901d19680156503/png_highpreview_800/0901d19680156503_png_highpreview_800.png	
TMAS 50-010	SKF hézagoló lemez 1csomag=10db 50x50x0,10mm	https://cdn.skfmediahub.skf.com/api/public/0901d19680156503/png_highpreview_800/0901d19680156503_png_highpreview_800.png	
TMAS 50-020	SKF hézagoló lemez 1csomag=10db 50x50x0,20mm	https://cdn.skfmediahub.skf.com/api/public/0901d19680156503/png_highpreview_800/0901d19680156503_png_highpreview_800.png	
TMAS 50-025	SKF hézagoló lemez 1csomag=10db 50x50x0,25mm	https://cdn.skfmediahub.skf.com/api/public/0901d19680156503/png_highpreview_800/0901d19680156503_png_highpreview_800.png	
TMAS 50-040	SKF hézagoló lemez 1csomag=10db 50x50x0,40mm	https://cdn.skfmediahub.skf.com/api/public/0901d19680156503/png_highpreview_800/0901d19680156503_png_highpreview_800.png	
TMAS 50-050	SKF hézagoló lemez 1csomag=10db 50x50x0,50mm	https://cdn.skfmediahub.skf.com/api/public/0901d19680156503/png_highpreview_800/0901d19680156503_png_highpreview_800.png	
TMAS 50-070	SKF hézagoló lemez 1csomag=10db 50x50x0,70mm	https://cdn.skfmediahub.skf.com/api/public/0901d19680156503/png_highpreview_800/0901d19680156503_png_highpreview_800.png	
TMAS 50-100	SKF hézagoló lemez 1csomag=10db 50x50x1,00mm	https://cdn.skfmediahub.skf.com/api/public/0901d19680156503/png_highpreview_800/0901d19680156503_png_highpreview_800.png	
TMAS 50-200	SKF hézagoló lemez 1csomag=10db 50x50x2,00mm	https://cdn.skfmediahub.skf.com/api/public/0901d19680156503/png_highpreview_800/0901d19680156503_png_highpreview_800.png	
TMAS 50-300	SKF hézagoló lemez 1csomag=10db 50x50x3,00mm	https://cdn.skfmediahub.skf.com/api/public/0901d19680156503/png_highpreview_800/0901d19680156503_png_highpreview_800.png	
TMAS 75-005	SKF hézagoló lemez 1csomag=10db 75x75x0,05mm	https://cdn.skfmediahub.skf.com/api/public/0901d19680156503/png_highpreview_800/0901d19680156503_png_highpreview_800.png	
TMAS 75-010	SKF hézagoló lemez 1csomag=10db 75x75x0,10mm	https://cdn.skfmediahub.skf.com/api/public/0901d19680156503/png_highpreview_800/0901d19680156503_png_highpreview_800.png	
TMAS 75-020	SKF hézagoló lemez 1csomag=10db 75x75x0,20mm	https://cdn.skfmediahub.skf.com/api/public/0901d19680156503/png_highpreview_800/0901d19680156503_png_highpreview_800.png	
TMAS 75-025	SKF hézagoló lemez 1csomag=10db 75x75x0,25mm	https://cdn.skfmediahub.skf.com/api/public/0901d19680156503/png_highpreview_800/0901d19680156503_png_highpreview_800.png	
TMAS 75-040	SKF hézagoló lemez 1csomag=10db 75x75x0,40mm	https://cdn.skfmediahub.skf.com/api/public/0901d19680156503/png_highpreview_800/0901d19680156503_png_highpreview_800.png	
TMAS 75-050	SKF hézagoló lemez 1csomag=10db 75x75x0,50mm	https://cdn.skfmediahub.skf.com/api/public/0901d19680156503/png_highpreview_800/0901d19680156503_png_highpreview_800.png	
TMAS 75-070	SKF hézagoló lemez 1csomag=10db 75x75x0,70mm	https://cdn.skfmediahub.skf.com/api/public/0901d19680156503/png_highpreview_800/0901d19680156503_png_highpreview_800.png	
TMAS 75-100	SKF hézagoló lemez 1csomag=10db 75x75x1,00mm	https://cdn.skfmediahub.skf.com/api/public/0901d19680156503/png_highpreview_800/0901d19680156503_png_highpreview_800.png	
TMAS 75-200	SKF hézagoló lemez 1csomag=10db 75x75x2,00mm	https://cdn.skfmediahub.skf.com/api/public/0901d19680156503/png_highpreview_800/0901d19680156503_png_highpreview_800.png	
TMAS 75-300	SKF hézagoló lemez 1csomag=10db 75x75x3,00mm	https://cdn.skfmediahub.skf.com/api/public/0901d19680156503/png_highpreview_800/0901d19680156503_png_highpreview_800.png	
TMAS 100/KIT	SKF hézagóló lemez készlet 100x100mm, 9 féle	https://cdn.skfmediahub.skf.com/api/public/0901d196802d0e59/png_highpreview/0901d196802d0e59_png_highpreview.png	
TMAS 50/KIT	SKF hézagoló lemez készlet 50x50mm, 9 féle	https://cdn.skfmediahub.skf.com/api/public/0901d196802d0f9c/png_highpreview/0901d196802d0f9c_png_highpreview.png	
TMAS 75/KIT	SKF hézagóló lemez készlet 75x75mm, 9 féle	https://cdn.skfmediahub.skf.com/api/public/0901d196802d0e5a/png_highpreview/0901d196802d0e5a_png_highpreview.png	
TMAS 340	SKF hézagoló lemez készlet, 18 féle (100,125)	https://cdn.skfmediahub.skf.com/api/public/0901d196801079e0/png_highpreview/0901d196801079e0_png_highpreview.png	
TMAS 360	SKF hézagoló lemez készlet, 18 féle (50,75,100)	https://cdn.skfmediahub.skf.com/api/public/0901d196801079df/png_highpreview/0901d196801079df_png_highpreview.png	
TMAS 380	SKF hézagoló lemez készlet, 18 féle (50,75)	https://cdn.skfmediahub.skf.com/api/public/0901d196802b9d15/png_highpreview/0901d196802b9d15_png_highpreview.png	
TMAS 510	SKF hézagoló lemez készlet, 27 féle (50,75,100)	https://cdn.skfmediahub.skf.com/api/public/0901d196801079e1/png_highpreview/0901d196801079e1_png_highpreview.png	
TMAS 720	SKF hézagoló lemez készlet, 36 féle (50,75,100,125	https://cdn.skfmediahub.skf.com/api/public/0901d19680b396bd/png_highpreview/0901d19680b396bd_png_highpreview.png	
TMHP 10E	SKF hidraulikus 3 körmös lehúzókészlet	https://cdn.skfmediahub.skf.com/api/public/0901d1968010bcd8/png_highpreview/0901d1968010bcd8_png_highpreview.png	https://cdn.skfmediahub.skf.com/api/public/0901d1968010be1a/png_highpreview/0901d1968010be1a_png_highpreview.png
HMV	SKF hidraulikus anya	https://www.skf.com/webpim/094a588b6f870ea9/png/094a588b6f870ea9.png	
HMVC	SKF hidraulikus anya hüvelyk mérettel	https://cdn.skfmediahub.skf.com/api/public/094a588b6f870ea9/png_highpreview/094a588b6f870ea9_png_highpreview.png	
TMHC 110E	SKF hidraulikus kombinált csapágylehúzó készlet	https://cdn.skfmediahub.skf.com/api/public/0901d1968010bcd7/png_highpreview/0901d1968010bcd7_png_highpreview.png	
TMHP 30/170X	SKF hidraulikus lehúzó L=170, D=290-500	https://cdn.skfmediahub.skf.com/api/public/094604ae977b286f/png_highpreview/094604ae977b286f_png_highpreview.png	
TMHP 30/350X	SKF hidraulikus lehúzó L=350, D=290-500	https://cdn.skfmediahub.skf.com/api/public/0947e1a103d1df12/png_highpreview/0947e1a103d1df12_png_highpreview.png	
TMHP 50/570X	SKF hidraulikus lehúzó L=570, D=310-506	https://cdn.skfmediahub.skf.com/api/public/09425cbc4118bd05/png_highpreview/09425cbc4118bd05_png_highpreview.png	
TMHS 100-1	SKF hidraulikus lehúzó orsó	https://cdn.skfmediahub.skf.com/api/public/09475492e87fa5c2/png_highpreview/09475492e87fa5c2_png_highpreview.png	
TMHS 100	SKF hidraulikus orsó karral központosítóval (100kN	https://cdn.skfmediahub.skf.com/api/public/0901d1968010bcdc/png_highpreview/0901d1968010bcdc_png_highpreview.png	
TMHS 75	SKF három bővítőrúd és egy központosító csúcs	https://cdn.skfmediahub.skf.com/api/public/0901d1968010bcdc/png_highpreview/0901d1968010bcdc_png_highpreview.png	
TMJL 100	SKF hidraulikus pumpa 100MPa	https://cdn.skfmediahub.skf.com/api/public/0901d19680107615/png_highpreview/0901d19680107615_png_highpreview.png	
TMJL 50	SKF hidraulikus pumpa 50MPa	https://cdn.skfmediahub.skf.com/api/public/0901d19680107617/png_highpreview/0901d19680107617_png_highpreview.png	
729124	SKF hidraulikus pumpa, 100MPa	https://cdn.skfmediahub.skf.com/api/public/0901d19680107616/png_highpreview/0901d19680107616_png_highpreview.png	
729124 DU	SKF hidraulikus pumpa, 100MPa digit. nyomásmérővel	https://cdn.skfmediahub.skf.com/api/public/09402887306369a6/png_highpreview_800/09402887306369a6_png_highpreview_800.png	
728619 E	SKF hidraulikus pumpa, 150MPa	https://cdn.skfmediahub.skf.com/api/public/0901d19680107614/png_highpreview/0901d19680107614_png_highpreview.png	
THAP 300E	SKF hidraulikus pumpa, 300MPa	https://cdn.skfmediahub.skf.com/api/public/0901d19680c7b5ee/png_highpreview/0901d19680c7b5ee_png_highpreview.png	
THAP 400E	SKF hidraulikus pumpa, 400MPa	https://cdn.skfmediahub.skf.com/api/public/0901d19680c7b5f1/png_highpreview/0901d19680c7b5f1_png_highpreview.png	
TMHP 50/140	SKF hidraulikus rásegítésű lehúzó L=140, D=310-506	https://cdn.skfmediahub.skf.com/api/public/0949b6bde2b78ca2/png_highpreview/0949b6bde2b78ca2_png_highpreview.png	
TMHP 30/170	SKF hidraulikus rásegítésű lehúzó L=170, D=290-500	https://cdn.skfmediahub.skf.com/api/public/094de89fefe0f092/png_highpreview/094de89fefe0f092_png_highpreview.png	
TMHP 15/260	SKF hidraulikus rásegítésű lehúzó L=264, D=195-386	https://cdn.skfmediahub.skf.com/api/public/09437d98b920ceda/png_highpreview/09437d98b920ceda_png_highpreview.png	
TMHP 50/320	SKF hidraulikus rásegítésű lehúzó L=320, D=310-506	https://cdn.skfmediahub.skf.com/api/public/0940e186b646fd20/png_highpreview/0940e186b646fd20_png_highpreview.png	
TMHP 30/350	SKF hidraulikus rásegítésű lehúzó L=350, D=290-500	https://cdn.skfmediahub.skf.com/api/public/094dafa479cff8c8/png_highpreview/094dafa479cff8c8_png_highpreview.png	
TMHP 50/570	SKF hidraulikus rásegítésű lehúzó L=570, D=310-506	https://cdn.skfmediahub.skf.com/api/public/094e508dc09296c2/png_highpreview/094e508dc09296c2_png_highpreview.png	
TMHP 30/600	SKF hidraulikus rásegítésű lehúzó L=600, D=290-500	https://cdn.skfmediahub.skf.com/api/public/0943099de21e1239/png_highpreview/0943099de21e1239_png_highpreview.png	
LAGG 18AE	SKF hordozható zsírzópumpa 18kg-os hordóhoz	https://cdn.skfmediahub.skf.com/api/public/0901d1968010724b/png_highpreview/0901d1968010724b_png_highpreview.png	
TMMR 16/20XL-1	SKF hosszabító kar + csúcs TMMR 160F és 200F-hez	https://cdn.skfmediahub.skf.com/api/public/0901d196807ef380/png_highpreview/0901d196807ef380_png_highpreview.png	
TMMR 16/35XL-4	SKF hosszabító kar TMMR-hez (125mm-es bővítés)	https://cdn.skfmediahub.skf.com/api/public/0901d196807ef381/png_highpreview/0901d196807ef381_png_highpreview.png	
TMBA G11H	SKF hőálló és olajálló kesztyű, 250°C-ig	https://cdn.skfmediahub.skf.com/api/public/0901d196800e33db/png_highpreview/0901d196800e33db_png_highpreview.png	
TMBA G11	SKF hőálló kesztyű, 150°C-ig	https://cdn.skfmediahub.skf.com/api/public/0901d196800e33da/png_highpreview/0901d196800e33da_png_highpreview.png	
TMBA G11ET	SKF hőálló kesztyű, 500°C-ig	https://cdn.skfmediahub.skf.com/api/public/0901d196800e33ec/png_highpreview/0901d196800e33ec_png_highpreview.png	
TKDT 10	SKF hőmérő, tapintós, LCD kijelző	https://cdn.skfmediahub.skf.com/api/public/0901d196802d3a63/png_highpreview/0901d196802d3a63_png_highpreview.png	
TMDT 2-39	SKF forgó hőszonda mozgó/forgó felülethez (200°C)	https://cdn.skfmediahub.skf.com/api/public/094f78ba05dbf3cd/png_highpreview/094f78ba05dbf3cd_png_highpreview.png	
TMDT 2-38	SKF huzalszonda üvegszálas szigeteléssel (300°C)	https://cdn.skfmediahub.skf.com/api/public/094407aeb9a0e821/png_highpreview/094407aeb9a0e821_png_highpreview.png	
TWIM 15/230V	SKF indukciós melegítő, hordozható, 220-240V (10A)	https://cdn.skfmediahub.skf.com/api/public/0901d19680951530/png_highpreview/0901d19680951530_png_highpreview.png	
TMBH 5/230V	SKF indukciós melegítő, hordozható, 220-240V (2A)	https://cdn.skfmediahub.skf.com/api/public/094ec4ac776e8e45/png_highpreview/094ec4ac776e8e45_png_highpreview.png	
TIH 030M/110V	SKF indukciós melegítő, kis méret, 100-120V	https://cdn.skfmediahub.skf.com/api/public/0901d196800e33e4/png_highpreview/0901d196800e33e4_png_highpreview.png	
TIH 030M/230V	SKF indukciós melegítő, kis méret, 200-240V	https://cdn.skfmediahub.skf.com/api/public/0901d196800e33e4/png_highpreview/0901d196800e33e4_png_highpreview.png	
TIH 100M/230V	SKF indukciós melegítő, közepes méret, 200-240V	https://cdn.skfmediahub.skf.com/api/public/0901d196800e33e1/png_highpreview/0901d196800e33e1_png_highpreview.png	
TIH 100M/MV	SKF indukciós melegítő, közepes méret, 400-460V	https://cdn.skfmediahub.skf.com/api/public/0901d196800e33e1/png_highpreview/0901d196800e33e1_png_highpreview.png	
TIH 220M/LV	SKF indukciós melegítő, nagy méret, 200-230V	https://cdn.skfmediahub.skf.com/api/public/0901d196800e33e8/png_highpreview/0901d196800e33e8_png_highpreview.png	
TIH 220M/MV	SKF indukciós melegítő, nagy méret, 400-460V	https://cdn.skfmediahub.skf.com/api/public/0901d196800e33e8/png_highpreview/0901d196800e33e8_png_highpreview.png	
TIH P20	SKF indukciós melegítőhöz mágneses hőmérő szenzor	https://cdn.skfmediahub.skf.com/api/public/094b70885b787a53/png_highpreview/094b70885b787a53_png_highpreview.png	
TKTL 21	SKF infravörös és tapintó hőmérő	https://cdn.skfmediahub.skf.com/api/public/0901d196809c4b0d/png_highpreview/0901d196809c4b0d_png_highpreview.png	
TKTL 31	SKF infravörös és tapintó hőmérő (nagy pontosságú)	https://cdn.skfmediahub.skf.com/api/public/0901d196809c4b14/png_highpreview/0901d196809c4b14_png_highpreview.png	
TKTL 40	SKF infravörös és tapintó hőmérő készlet	https://cdn.skfmediahub.skf.com/api/public/0901d196802d0e56/png_highpreview/0901d196802d0e56_png_highpreview.png	
TKTL 11	SKF infravörös hőmérő	https://cdn.skfmediahub.skf.com/api/public/0901d196809c4a32/png_highpreview/0901d196809c4a32_png_highpreview.png	
GAC, GX	SKF karbantartásmentes axiális gömbcsukló	https://cdn.skfmediahub.skf.com/api/public/094f02b9f411fc86/png_highpreview/094f02b9f411fc86_png_highpreview.png	https://cdn.skfmediahub.skf.com/api/public/0901d196803d02b8/svg_preview/0901d196803d02b8_svg_preview.svg
FNL ... B	SKF karimás csapágyház átmenő tengelyekhez	https://www.skf.com/webpim/0901d19680ca229c/png/0901d19680ca229c.png	
FNL ... A	SKF karimás csapágyház tengelyvégekhez	https://www.skf.com/webpim/0901d19680ca2299/png/0901d19680ca2299.png	
SIM ... MUD11 R	SKF kazettás többajkas tömítés olajkenéshez NBR	https://cdn.skfmediahub.skf.com/api/public/0901d1968036303a/png_highpreview/0901d1968036303a_png_highpreview.png	
LAPB 3X10E1	SKF kefe olaj alkalmazásokhoz G1/4 30x100mm	https://cdn.skfmediahub.skf.com/api/public/094a0a9d5243298b/png_highpreview/094a0a9d5243298b_png_highpreview.png	
LAPB 3X4E1	SKF kefe olaj alkalmazásokhoz G1/4 30x40mm	https://cdn.skfmediahub.skf.com/api/public/094e4780d734bbe1/png_highpreview/094e4780d734bbe1_png_highpreview.png	
LAPB 3X7E1	SKF kefe olaj alkalmazásokhoz G1/4 30x60mm	https://cdn.skfmediahub.skf.com/api/public/094356a89b3e8dd6/png_highpreview/094356a89b3e8dd6_png_highpreview.png	
LMCG	SKF kenőzsír tengelykapcsolókhoz	https://cdn.skfmediahub.skf.com/api/public/0901d196802b33c4/png_highpreview/0901d196802b33c4_png_highpreview.png	
TMHS 5T	SKF két bővítőrúd és egy központosító csúcs	https://cdn.skfmediahub.skf.com/api/public/094b2fb513b3ba7a/png_highpreview/094b2fb513b3ba7a_png_highpreview.png	
Kúpgörgős ... DF utójel	SKF két párosított egysorú kúpgörgős csapágy X elr	https://cdn.skfmediahub.skf.com/api/public/0901d19680809880/png_highpreview/0901d19680809880_png_highpreview.png	
TMMP 2X170	SKF kétkaros lehúzó (18kN)	https://cdn.skfmediahub.skf.com/api/public/0901d196807ef5ba/png_highpreview/0901d196807ef5ba_png_highpreview.png	
TMMP 2X65	SKF kétkaros lehúzó (6kN)	https://cdn.skfmediahub.skf.com/api/public/0901d196807ef5be/png_highpreview/0901d196807ef5be_png_highpreview.png	
3200, 3300	SKF kétsorú ferdehatásvonalú golyóscsapágy	https://www.skf.com/webpim/0901d196807ff277/png/0901d196807ff277.png	https://www.skf.com/webpim/0901d19680392814/0901d19680392814.svg
305700, 305800	SKF kétsoros vezetőgörgő	https://www.skf.com/webpim/0901d196808e4b14/png/0901d196808e4b14.png	https://www.skf.com/webpim/0901d1968037d11a/0901d1968037d11a.svg
3200 PORVÉDŐS, 3300 PORVÉDŐS	SKF kétsorú ferdehatásvonalú golyóscsap. porvédős	https://www.skf.com/webpim/0901d196807ff26b/png/0901d196807ff26b.png	https://www.skf.com/webpim/0901d19680392820/0901d19680392820.svg
NNU	SKF kétsorú hengerg. cs. váll nélküli belső gyűrű	https://www.skf.com/webpim/0901d1968041a256/0901d1968041a256.svg	
NN	SKF kétsorú hengerg. cs. váll nélküli külső gyűrű	https://www.skf.com/webpim/0901d196808e8c75/png/0901d196808e8c75.png	https://www.skf.com/webpim/094472b34d8cbb16/094472b34d8cbb16.svg
BT2B	SKF kétsorú kúpgörgős csapágy	https://cdn.skfmediahub.skf.com/api/public/0901d1968081483a/png_highpreview/0901d1968081483a_png_highpreview.png	
BTH-, BTHB	SKF kétsorú kúpgörgős járműipari csapágy	https://www.skf.com/webpim/0901d1968081483a/png/0901d1968081483a.png	
4200, 4300	SKF kétsorú mélyhornyú golyóscsapágy	https://www.skf.com/webpim/0901d196807ff28e/png/0901d196807ff28e.png	https://www.skf.com/webpim/0901d1968037dcef/0901d1968037dcef.svg
NNCL	SKF kétsorú teleg.heng.cs. vállnélküli külső gyűrű	https://www.skf.com/webpim/0901d1968039aee4/0901d1968039aee4.svg	
NNF	SKF kétsorú telegörgős hengergörgős cs. tömített	https://www.skf.com/webpim/0901d19680809838/png/0901d19680809838.png	https://www.skf.com/webpim/0940cb9f73fbe444/0940cb9f73fbe444.svg
NNC, NNCF	SKF kétsorú telegörgős hengergörgős csapágy	https://www.skf.com/webpim/0901d19680809837/png/0901d19680809837.png	
PHE ... CRSB	SKF kettős fogazott tengelykapcsoló-agy	https://cdn.skfmediahub.skf.com/api/public/0901d19680bea1ee/png_highpreview/0901d19680bea1ee_png_highpreview.png	
LHDF 900/5	SKF kiszerelő folyadék hidr. berendezéshez (5L)	https://cdn.skfmediahub.skf.com/api/public/0901d19680107612/png_highpreview/0901d19680107612_png_highpreview.png	
TKED 1	SKF kóboráram érzékelő (elektr. kisülés detektor)	https://cdn.skfmediahub.skf.com/api/public/0901d196801080cf/png_highpreview/0901d196801080cf_png_highpreview.png	
TIH T1	SKF kocsi indukciós csapágymelegítőhöz	https://cdn.skfmediahub.skf.com/api/public/0901d196805510b2/png_highpreview/0901d196805510b2_png_highpreview.png	
LAGT 180	SKF kocsi legfeljebb 200kg-os hordóhoz	https://cdn.skfmediahub.skf.com/api/public/0901d19680107225/png_highpreview/0901d19680107225_png_highpreview.png	
TMMK	SKF kombi (lehúzó és felütő) készlet	https://cdn.skfmediahub.skf.com/api/public/0901d1968092591d/png_highpreview_800/0901d1968092591d_png_highpreview_800.png	
NKX	SKF kombinált tűgörgős/axiális golyós csapágy	https://www.skf.com/webpim/0901d19680809853/png/0901d19680809853.png	https://www.skf.com/webpim/0901d196803a0e70/0901d196803a0e70.svg
NKX … Z	SKF kombinált tűgörgős/axiális golyós csapágy zárt	https://www.skf.com/webpim/0901d19680cb2a58/png/0901d19680cb2a58.png	https://www.skf.com/webpim/0901d196803a0e71/0901d196803a0e71.svg
NKXR ... Z	SKF kombinált tűgörgős/axiális hengergörg.cs. zárt	https://www.skf.com/webpim/0901d19680cb2a59/png/0901d19680cb2a59.png	https://www.skf.com/webpim/0901d196803a0e75/0901d196803a0e75.svg
NKXR	SKF kombinált tűgörgős/axiális hengergörgős csap.	https://www.skf.com/webpim/0901d19680cb2a5c/png/0901d19680cb2a5c.png	https://www.skf.com/webpim/0901d196803a0e74/0901d196803a0e74.svg
NKIB	SKF kombinált tűgörgős/golyós csap. osztott belső	https://www.skf.com/webpim/0901d19680809852/png/0901d19680809852.png	https://www.skf.com/webpim/0901d1968039dc90/0901d1968039dc90.svg
NKIA	SKF kombinált tűgörgős/golyós csapágy	https://www.skf.com/webpim/0901d19680cb2a56/png/0901d19680cb2a56.png	https://www.skf.com/webpim/0901d1968039dc98/0901d1968039dc98.svg
NX	SKF kombinált tűgörgős/telegörgős csapágy zsírken.	https://www.skf.com/webpim/0901d19680cb2a5b/png/0901d19680cb2a5b.png	https://www.skf.com/webpim/0901d196803a0e6d/0901d196803a0e6d.svg
H	SKF komplett szorítóhüvely (H+KM+MB)	https://www.skf.com/webpim/0901d1968080a142/png/0901d1968080a142.png	https://www.skf.com/webpim/0901d19680398a63/0901d19680398a63.svg
LAPC 13	SKF konzol automata kenőberendezéshez	https://cdn.skfmediahub.skf.com/api/public/094bd8b3126eb704/png_highpreview/094bd8b3126eb704_png_highpreview.png	
LAPA 45	SKF könyök csatlakozó 45°	https://cdn.skfmediahub.skf.com/api/public/09449497da246c13/png_highpreview/09449497da246c13_png_highpreview.png	
LAPA 90	SKF könyök csatlakozó 90°	https://cdn.skfmediahub.skf.com/api/public/094739a4668cf6c9/png_highpreview/094739a4668cf6c9_png_highpreview.png	
PHE L...HUB	SKF körmös tengelykapcsoló-agy tömör furattal	https://cdn.skfmediahub.skf.com/api/public/0901d19680bea1f6/png_highpreview/0901d19680bea1f6_png_highpreview.png	
PHE L...NR	SKF körmös tengelykapcsoló, nitril betét	https://cdn.skfmediahub.skf.com/api/public/09cf8baa83f86146/png_highpreview/09cf8baa83f86146_png_highpreview.png	
PHE L...NRWRAP	SKF körmös tengelykapcsoló, nitril betét (WRAP)	https://cdn.skfmediahub.skf.com/api/public/0901d19680bea1f4/png_highpreview/0901d19680bea1f4_png_highpreview.png	
HN	SKF körmöskulcs	https://cdn.skfmediahub.skf.com/api/public/0901d196801544a9/png_highpreview_800/0901d196801544a9_png_highpreview_800.png	
HN 4-16/SET	SKF körmöskulcs készlet (10 részes)	https://cdn.skfmediahub.skf.com/api/public/0901d1968010bdfd/png_highpreview/0901d1968010bdfd_png_highpreview.png	
HN ../SNL	SKF körmöskulcs SNL csapágyházhoz	https://www.ipararuhaz.hu/img/28874/906421/906421.webp	
TMDT 2-42	SKF környezeti hőszonda	https://cdn.skfmediahub.skf.com/api/public/094d7ea5584ff497/png_highpreview/094d7ea5584ff497_png_highpreview.png	
TB	SKF kúpos szorító	https://cdn.skfmediahub.skf.com/api/public/0901d19680be9f00/png_highpreview/0901d19680be9f00_png_highpreview.png	
DMB 16/20	SKF kúposság mérő szerszám	https://cdn.skfmediahub.skf.com/api/public/0948879d37372e97/png_highpreview/0948879d37372e97_png_highpreview.png	
LAPF M1/4	SKF külső menetes csőcsatlakozó G1/4	https://cdn.skfmediahub.skf.com/api/public/094325b5f8fc0460/png_highpreview/094325b5f8fc0460_png_highpreview.png	
LAPF M1/4S	SKF külső menetes csőcsatlakozó G1/4 6x4 tömlőhöz	https://cdn.skfmediahub.skf.com/api/public/0942a28afa40a68c/png_highpreview/0942a28afa40a68c_png_highpreview.png	
LAPF M1/8S	SKF külső menetes csőcsatlakozó G1/8 6x4 tömlőhöz	https://cdn.skfmediahub.skf.com/api/public/09400e9fe081c24b/png_highpreview/09400e9fe081c24b_png_highpreview.png	
LAPF M3/8	SKF külső menetes csőcsatlakozó G3/8	https://cdn.skfmediahub.skf.com/api/public/094d5da74d018c78/png_highpreview/094d5da74d018c78_png_highpreview.png	
LHMT 68	SKF lánckenő olaj (közepes hő, poros körülmény)	https://cdn.skfmediahub.skf.com/api/public/0901d196809a883e/png_highpreview/0901d196809a883e_png_highpreview.png	
LHHT 250	SKF lánckenő olaj magas hőmérsékletre	https://cdn.skfmediahub.skf.com/api/public/0901d19680c38818/png_highpreview_800/0901d19680c38818_png_highpreview_800.png	
LK ... lap	SKF lap lánckerék	https://cdn.skfmediahub.skf.com/api/public/0901d19680bf1608/png_highpreview/0901d19680bf1608_png_highpreview.png	
TMMX	SKF lehúzó védőtakaró	https://cdn.skfmediahub.skf.com/api/public/0901d1968010bcdf/png_highpreview/0901d1968010bcdf_png_highpreview.png	https://cdn.skfmediahub.skf.com/api/public/09462fb554662fcb/png_highpreview/09462fb554662fcb_png_highpreview.png
AH, AHX	SKF lehúzóhüvely	https://www.skf.com/webpim/0901d1968080a15d/png/0901d1968080a15d.png	https://www.skf.com/webpim/0901d19680398af5/0901d19680398af5.svg
AOH	SKF lehúzóhüvely olajnyomásos szereléshez	https://www.skf.com/webpim/0901d196808df254/png/0901d196808df254.png	https://www.skf.com/webpim/0901d19680398afa/0901d19680398afa.svg
HK	SKF lemezházas tűgörgős csapágy	https://www.skf.com/webpim/0901d196808e8b80/png/0901d196808e8b80.png	https://www.skf.com/webpim/0901d1968039dc59/0901d1968039dc59.svg
HK ... RS	SKF lemezházas tűgörgős csapágy +egyoldali tömítés	https://cdn.skfmediahub.skf.com/api/public/0901d19680cb2d1f/png_highpreview/0901d19680cb2d1f_png_highpreview.png	
HK ... .2RS	SKF lemezházas tűgörgős csapágy +kétoldali tömítés	https://cdn.skfmediahub.skf.com/api/public/0901d19680cb2a5a/png_highpreview/0901d19680cb2a5a_png_highpreview.png	
BK	SKF lemezházas tűgörgős csapágy +kétoldali tömítés	https://www.skf.com/webpim/0901d196808e876e/png/0901d196808e876e.png	https://www.skf.com/webpim/0901d1968039dc5a/0901d1968039dc5a.svg
TKSA 11	SKF lézeres tengelybeállító (okos)	https://cdn.skfmediahub.skf.com/api/public/0901d196804def99/png_highpreview/0901d196804def99_png_highpreview.png	
LGEM	SKF magas viszkozitású zsír MoS2 + grafit tartalmú	https://cdn.skfmediahub.skf.com/api/public/0901d196809a86e3/png_highpreview/0901d196809a86e3_png_highpreview.png	
TMDT 2-31	SKF mágneses hőszonda kemény felülethez (240°C)	https://cdn.skfmediahub.skf.com/api/public/09496797ca83c940/png_highpreview/09496797ca83c940_png_highpreview.png	
TMMR 120F, TMMR 160F, TMMR 200F, TMMR 250F, TMMR 350F, TMMR 40F, TMMR 60F, TMMR 80F	SKF megfordítható pofás lehúzó	https://cdn.skfmediahub.skf.com/api/public/0948a7aaec665811/png_highpreview/0948a7aaec665811_png_highpreview.png	https://cdn.skfmediahub.skf.com/api/public/0901d196804e036c/png_highpreview/0901d196804e036c_png_highpreview.png
TMMR 160XL, TMMR 200XL, TMMR 250XL, TMMR 350XL	SKF megfordítható pofás lehúzó extra hosszú karral	https://cdn.skfmediahub.skf.com/api/public/094a41a2c65c22c0/png_highpreview/094a41a2c65c22c0_png_highpreview.png	https://cdn.skfmediahub.skf.com/api/public/0901d196804e03cb/png_highpreview/0901d196804e03cb_png_highpreview.png
TMMR 8F/SET	SKF megfordítható pofás lehúzó klt.	https://cdn.skfmediahub.skf.com/api/public/0901d196804e0368/png_highpreview/0901d196804e0368_png_highpreview.png	
TMMR 8XL/SET	SKF megfordítható pofás lehúzó klt. extra hosszú	https://cdn.skfmediahub.skf.com/api/public/0901d196804e0369/png_highpreview/0901d196804e0369_png_highpreview.png	
TMMD 100	SKF mélyhornyú golyóscsapágy-kihúzó készlet	https://cdn.skfmediahub.skf.com/api/public/0901d1968010bccd/png_highpreview/0901d1968010bccd_png_highpreview.png	
1077600-1	SKF merev zsírzószár	https://cdn.skfmediahub.skf.com/api/public/0940058aada0be4c/png_highpreview/0940058aada0be4c_png_highpreview.png	
HMVA 42/200	SKF mérőóra adapter hidraulikus anyához	https://www.skf.com/webpim/09409f9a18c710e4/png/09409f9a18c710e4.png	
CMVA 90-M-CK-SL	SKF Microlog Analyzer dBX, standard változat	https://cdn.skfmediahub.skf.com/api/public/094e7cb4db102b0b/png_highpreview/094e7cb4db102b0b_png_highpreview.png	
TKRT 21	SKF multifunkcionális digitális fordulatszámmérő	https://cdn.skfmediahub.skf.com/api/public/0901d19680c36598/png_highpreview/0901d19680c36598_png_highpreview.png	
ASNH	SKF műanyag végfedél (álló csapágyházhoz)	https://www.skf.com/webpim/0901d1968080a144/png/0901d1968080a144.png	https://www.skf.com/webpim/0942f2a79b7d4ce9/0942f2a79b7d4ce9.svg
FYWK ..YTA EGYSÉG	SKF Food Line Y-csapágyegység (négyzet)	https://cdn.skfmediahub.skf.com/api/public/0901d196803812c2/png_highpreview/0901d196803812c2_png_highpreview.png	
FYWK ..YTH EGYSÉG	SKF műanyag Y csapágyegység, négyzet alakú házzal	https://cdn.skfmediahub.skf.com/api/public/0901d196803812c2/png_highpreview/0901d196803812c2_png_highpreview.png	
FYK EGYSÉG	SKF műanyag Y csapágyegység, négyzet alakú házzal	https://www.skf.com/webpim/0901d1968061255c/png/0901d1968061255c.png	https://www.skf.com/webpim/0901d196803d2af9/0901d196803d2af9.svg
FYTBK EGYSÉG	SKF műanyag Y csapágyegység, ovális alakú házzal	https://www.skf.com/webpim/0901d19680644992/png/0901d19680644992.png	
FYWK 500	SKF Food Line Y-csapágyház (négyzet)	https://www.skf.com/webpim/0901d19680809805/png/0901d19680809805.png	
FYK 500	SKF műanyag Y csapágyház, négyzet alakú (composit)	https://www.skf.com/webpim/0901d196808097fb/png/0901d196808097fb.png	https://www.skf.com/webpim/0901d196803d2db9/0901d196803d2db9.svg
FYTBK 500	SKF műanyag Y csapágyház, ovális alakú (composit)	https://www.skf.com/webpim/0901d196808097fe/png/0901d196808097fe.png	https://www.skf.com/webpim/0901d196803d4eda/0901d196803d4eda.svg||https://www.skf.com/webpim/0901d196803d4ed9/0901d196803d4ed9.svg
SYK EGYSÉG	SKF műanyag, álló Y csapágyegység (composit)	https://www.skf.com/webpim/0901d19680644990/png/0901d19680644990.png	
SYK 500	SKF műanyag, álló Y csapágyház (composit)	https://www.skf.com/webpim/0901d19680809811/png/0901d19680809811.png	https://www.skf.com/webpim/0901d196803b79f9/0901d196803b79f9.svg||https://www.skf.com/webpim/0901d196803b79f8/0901d196803b79f8.svg
TMDT 2-43	SKF nagy teljesítményű felületi hőszonda (300°C)	https://cdn.skfmediahub.skf.com/api/public/0948579d24ba67fc/png_highpreview/0948579d24ba67fc_png_highpreview.png	
TMMP 10	SKF nagy teljesítményű háromkaros lehúzó (100kN)	https://cdn.skfmediahub.skf.com/api/public/09497f8bc360cc14/png_highpreview/09497f8bc360cc14_png_highpreview.png	
TMMP 15	SKF nagy teljesítményű háromkaros lehúzó (150kN)	https://cdn.skfmediahub.skf.com/api/public/0948b4b6d5e03945/png_highpreview/0948b4b6d5e03945_png_highpreview.png	
TMMP 6	SKF nagy teljesítményű háromkaros lehúzó (60kN)	https://cdn.skfmediahub.skf.com/api/public/0901d196807ef5b7/png_highpreview/0901d196807ef5b7_png_highpreview.png	
729126	SKF nagynyomású tömlő, 100MPa	https://cdn.skfmediahub.skf.com/api/public/0945e1933ce7a81c/png_highpreview/0945e1933ce7a81c_png_highpreview.png	
729834	SKF nagynyomású tömlő, 150MPa	https://cdn.skfmediahub.skf.com/api/public/0945e1933ce7a81c/png_highpreview/0945e1933ce7a81c_png_highpreview.png	
LGHP	SKF nagyteljesítményű polikarbamid csapágyzsír	https://cdn.skfmediahub.skf.com/api/public/0901d196809a877d/png_highpreview/0901d196809a877d_png_highpreview.png	
FPXU	SKF négypont-érintkezésű golyóscsapágy, vékony		
QJ	SKF négypont-érintkezésű golyóscsapágy	https://www.skf.com/webpim/0901d196808e4b21/png/0901d196808e4b21.png	https://www.skf.com/webpim/0901d1968038ee57/0901d1968038ee57.svg
FPXA	SKF négypont-érintkezésű golyóscsapágy, vékony		
TMMA 100H/12-3	SKF nyitószerkezet TMMA 100 hidraulikus lehúzóhoz	https://cdn.skfmediahub.skf.com/api/public/094bb5ac34335d15/png_highpreview/094bb5ac34335d15_png_highpreview.png	
TMMA 60-3	SKF nyitószerkezet TMMA 60 mechanikus lehúzóhoz	https://cdn.skfmediahub.skf.com/api/public/09490f8aedcfecfe/png_highpreview/09490f8aedcfecfe_png_highpreview.png	
TMMA 75H/80-3	SKF nyitószerkezet TMMA 75 hidraulikus lehúzóhoz	https://cdn.skfmediahub.skf.com/api/public/0948c588103aeb36/png_highpreview/0948c588103aeb36_png_highpreview.png	
107758. ...	SKF nyomásmérő	https://cdn.skfmediahub.skf.com/api/public/0901d19680922acd/png_highpreview_800/0901d19680922acd_png_highpreview_800.png	
728619 E-3	SKF nyomásmérő	https://cdn.skfmediahub.skf.com/api/public/0901d19680922acd/png_highpreview_800/0901d19680922acd_png_highpreview_800.png	
TLAT 10	SKF nyomtatható matricalap (10db)	https://cdn.skfmediahub.skf.com/api/public/0943f7bb015badc7/png_highpreview/0943f7bb015badc7_png_highpreview.png	
LAOS 66251	SKF Oil-Safe olajozó - 10 literes kanna	https://cdn.skfmediahub.skf.com/api/public/094726bad492d2c5/png_highpreview/094726bad492d2c5_png_highpreview.png	
LAOS 63595	SKF Oil-Safe olajozó - 3 literes kanna	https://cdn.skfmediahub.skf.com/api/public/094804b5c71c029b/png_highpreview/094804b5c71c029b_png_highpreview.png	
LAOS 63618	SKF Oil-Safe olajozó - 5 literes kanna	https://cdn.skfmediahub.skf.com/api/public/094c749ecd8a9011/png_highpreview/094c749ecd8a9011_png_highpreview.png	
LAOS 62499	SKF Oil-Safe olajozó - hosszabbító tömlő nyújtott	https://cdn.skfmediahub.skf.com/api/public/094e34ba3fdcd901/png_highpreview/094e34ba3fdcd901_png_highpreview.png	
LAOS 67265	SKF Oil-Safe olajozó - hosszabbító tömlő tömzsi	https://cdn.skfmediahub.skf.com/api/public/094c6bbe5930c7dd/png_highpreview/094c6bbe5930c7dd_png_highpreview.png	
LAOS 09095	SKF Oil-Safe olajozó - mini öntőcsőr, fekete	https://cdn.skfmediahub.skf.com/api/public/09448b9185a17ba7/png_highpreview/09448b9185a17ba7_png_highpreview.png	
LAOS 09125	SKF Oil-Safe olajozó - mini öntőcsőr, kék	https://cdn.skfmediahub.skf.com/api/public/094e7fa5690e687e/png_highpreview/094e7fa5690e687e_png_highpreview.png	
LAOS 09071	SKF Oil-Safe olajozó - mini öntőcsőr, lila	https://cdn.skfmediahub.skf.com/api/public/094fd388ffbdcbd0/png_highpreview/094fd388ffbdcbd0_png_highpreview.png	
LAOS 09088	SKF Oil-Safe olajozó - mini öntőcsőr, narancs	https://cdn.skfmediahub.skf.com/api/public/0949c8891bd68c7b/png_highpreview/0949c8891bd68c7b_png_highpreview.png	
LAOS 09132	SKF Oil-Safe olajozó - mini öntőcsőr, piros	https://cdn.skfmediahub.skf.com/api/public/09495997e72617ee/png_highpreview/09495997e72617ee_png_highpreview.png	
LAOS 09194	SKF Oil-Safe olajozó - mini öntőcsőr, sárga	https://cdn.skfmediahub.skf.com/api/public/09476dbeaba04aa1/png_highpreview/09476dbeaba04aa1_png_highpreview.png	
LAOS 09057	SKF Oil-Safe olajozó - mini öntőcsőr, sárgásbarna	https://cdn.skfmediahub.skf.com/api/public/094cba80f6ac540c/png_highpreview/094cba80f6ac540c_png_highpreview.png	
LAOS 09101	SKF Oil-Safe olajozó - mini öntőcsőr, sötétzöld	https://cdn.skfmediahub.skf.com/api/public/0944feb634ba2435/png_highpreview/0944feb634ba2435_png_highpreview.png	
LAOS 09064	SKF Oil-Safe olajozó - mini öntőcsőr, szürke	https://cdn.skfmediahub.skf.com/api/public/0949a1878ce82458/png_highpreview/0949a1878ce82458_png_highpreview.png	
LAOS 09118	SKF Oil-Safe olajozó - mini öntőcsőr, zöld	https://cdn.skfmediahub.skf.com/api/public/09445b91a9e5fd37/png_highpreview/09445b91a9e5fd37_png_highpreview.png	
LAOS 09811	SKF Oil-Safe olajozó - nyújtott öntőcsőr sötétzöld	https://cdn.skfmediahub.skf.com/api/public/0942a198dbd1fcb4/png_highpreview/0942a198dbd1fcb4_png_highpreview.png	
LAOS 09804	SKF Oil-Safe olajozó - nyújtott öntőcsőr, fekete	https://cdn.skfmediahub.skf.com/api/public/09434b801bbdb353/png_highpreview/09434b801bbdb353_png_highpreview.png	
LAOS 09835	SKF Oil-Safe olajozó - nyújtott öntőcsőr, kék	https://cdn.skfmediahub.skf.com/api/public/0943ecb8c33adb3d/png_highpreview/0943ecb8c33adb3d_png_highpreview.png	
LAOS 09392	SKF Oil-Safe olajozó - nyújtott öntőcsőr, lila	https://cdn.skfmediahub.skf.com/api/public/094cbfb2d5d96c7e/png_highpreview/094cbfb2d5d96c7e_png_highpreview.png	
LAOS 09798	SKF Oil-Safe olajozó - nyújtott öntőcsőr, narancs	https://cdn.skfmediahub.skf.com/api/public/0949e2abac0174fa/png_highpreview/0949e2abac0174fa_png_highpreview.png	
LAOS 09842	SKF Oil-Safe olajozó - nyújtott öntőcsőr, piros	https://cdn.skfmediahub.skf.com/api/public/09423a8da15dc598/png_highpreview/09423a8da15dc598_png_highpreview.png	
LAOS 62437	SKF Oil-Safe olajozó - nyújtott öntőcsőr, sárga	https://cdn.skfmediahub.skf.com/api/public/094e94b02b666ebd/png_highpreview/094e94b02b666ebd_png_highpreview.png	
LAOS 09682	SKF Oil-Safe olajozó - nyújtott öntőcsőr, sárgásba	https://cdn.skfmediahub.skf.com/api/public/094b31b308bdc8bf/png_highpreview/094b31b308bdc8bf_png_highpreview.png	
LAOS 09699	SKF Oil-Safe olajozó - nyújtott öntőcsőr, szürke	https://cdn.skfmediahub.skf.com/api/public/094960971d0d1a27/png_highpreview/094960971d0d1a27_png_highpreview.png	
LAOS 09828	SKF Oil-Safe olajozó - nyújtott öntőcsőr, zöld	https://cdn.skfmediahub.skf.com/api/public/094a40ad23f57299/png_highpreview/094a40ad23f57299_png_highpreview.png	
LAOS 62567	SKF Oil-Safe olajozó - pumpa segédfedélhez	https://cdn.skfmediahub.skf.com/api/public/094771a794664f6a/png_highpreview/094771a794664f6a_png_highpreview.png	
LAOS 09422	SKF Oil-Safe olajozó - pumpaszűkítő csővég	https://cdn.skfmediahub.skf.com/api/public/09417aa6a414ba29/png_highpreview/09417aa6a414ba29_png_highpreview.png	
LAOS 09873	SKF Oil-Safe olajozó - segédfedél, fekete	https://cdn.skfmediahub.skf.com/api/public/0947c9863a09c560/png_highpreview/0947c9863a09c560_png_highpreview.png	
LAOS 09903	SKF Oil-Safe olajozó - segédfedél, kék	https://cdn.skfmediahub.skf.com/api/public/094db5be7a033e3f/png_highpreview/094db5be7a033e3f_png_highpreview.png	
LAOS 09408	SKF Oil-Safe olajozó - segédfedél, lila	https://cdn.skfmediahub.skf.com/api/public/094ee68e2aa056d2/png_highpreview/094ee68e2aa056d2_png_highpreview.png	
LAOS 09866	SKF Oil-Safe olajozó - segédfedél, narancs	https://cdn.skfmediahub.skf.com/api/public/09476d8f69cf718f/png_highpreview/09476d8f69cf718f_png_highpreview.png	
LAOS 09910	SKF Oil-Safe olajozó - segédfedél, piros	https://cdn.skfmediahub.skf.com/api/public/09412fba15a9fae8/png_highpreview/09412fba15a9fae8_png_highpreview.png	
LAOS 62451	SKF Oil-Safe olajozó - segédfedél, sárga	https://cdn.skfmediahub.skf.com/api/public/094e0bb96385c4ea/png_highpreview/094e0bb96385c4ea_png_highpreview.png	
LAOS 09668	SKF Oil-Safe olajozó - segédfedél, sárgásbarna	https://cdn.skfmediahub.skf.com/api/public/09494d8267e37fec/png_highpreview/09494d8267e37fec_png_highpreview.png	
LAOS 09880	SKF Oil-Safe olajozó - segédfedél, sötétzöld	https://cdn.skfmediahub.skf.com/api/public/094c5f8b5d1c2bf8/png_highpreview/094c5f8b5d1c2bf8_png_highpreview.png	
LAOS 09675	SKF Oil-Safe olajozó - segédfedél, szürke	https://cdn.skfmediahub.skf.com/api/public/094487965d803a16/png_highpreview/094487965d803a16_png_highpreview.png	
LAOS 09897	SKF Oil-Safe olajozó - segédfedél, zöld	https://cdn.skfmediahub.skf.com/api/public/09445d9bcf3cb985/png_highpreview/09445d9bcf3cb985_png_highpreview.png	
LAOS 09736	SKF Oil-Safe olajozó - tömzsi öntőcsőr, fekete	https://cdn.skfmediahub.skf.com/api/public/094ff284cb5f9721/png_highpreview/094ff284cb5f9721_png_highpreview.png	
LAOS 09767	SKF Oil-Safe olajozó - tömzsi öntőcsőr, kék	https://cdn.skfmediahub.skf.com/api/public/094dca972ddbd551/png_highpreview/094dca972ddbd551_png_highpreview.png	
LAOS 09388	SKF Oil-Safe olajozó - tömzsi öntőcsőr, lila	https://cdn.skfmediahub.skf.com/api/public/094fb5b4f2c84c16/png_highpreview/094fb5b4f2c84c16_png_highpreview.png	
LAOS 09729	SKF Oil-Safe olajozó - tömzsi öntőcsőr, narancs	https://cdn.skfmediahub.skf.com/api/public/09466bbebe2e77a3/png_highpreview/09466bbebe2e77a3_png_highpreview.png	
LAOS 09774	SKF Oil-Safe olajozó - tömzsi öntőcsőr, piros	https://cdn.skfmediahub.skf.com/api/public/09483295b1145122/png_highpreview/09483295b1145122_png_highpreview.png	
LAOS 64936	SKF Oil-Safe olajozó - tömzsi öntőcsőr, sárga	https://cdn.skfmediahub.skf.com/api/public/09484da10b4cd7e7/png_highpreview/09484da10b4cd7e7_png_highpreview.png	
LAOS 09705	SKF Oil-Safe olajozó - tömzsi öntőcsőr, sárgásbarn	https://cdn.skfmediahub.skf.com/api/public/094931bfa6792c21/png_highpreview/094931bfa6792c21_png_highpreview.png	
LAOS 09743	SKF Oil-Safe olajozó - tömzsi öntőcsőr, sötétzöld	https://cdn.skfmediahub.skf.com/api/public/094b6a9b11bbc222/png_highpreview/094b6a9b11bbc222_png_highpreview.png	
LAOS 09712	SKF Oil-Safe olajozó - tömzsi öntőcsőr, szürke	https://cdn.skfmediahub.skf.com/api/public/094664b39374993d/png_highpreview/094664b39374993d_png_highpreview.png	
LAOS 09750	SKF Oil-Safe olajozó - tömzsi öntőcsőr, zöld	https://cdn.skfmediahub.skf.com/api/public/094c7088b3382130/png_highpreview/094c7088b3382130_png_highpreview.png	
TMEH 1	SKF olajellenőrző készülék	https://cdn.skfmediahub.skf.com/api/public/0901d196802ad9d0/png_highpreview/0901d196802ad9d0_png_highpreview.png	
226400 E/400	SKF olajinjektor, 400MPa	https://cdn.skfmediahub.skf.com/api/public/0901d19680360bbf/png_highpreview/0901d19680360bbf_png_highpreview.png	
226400 E	SKF olajinjektor	https://cdn.skfmediahub.skf.com/api/public/0901d19680360bbf/png_highpreview/0901d19680360bbf_png_highpreview.png	
920100 B-1	SKF olajinjektor alkatrész, O-gyűrű	https://cdn.skfmediahub.skf.com/api/public/094e418beda9bb35/png_highpreview/094e418beda9bb35_png_highpreview.png	
920100 B	SKF olajinjektor alkatrész, Olajtartály	https://cdn.skfmediahub.skf.com/api/public/094382a048f98f68/png_highpreview/094382a048f98f68_png_highpreview.png	
LAHD 1000	SKF olajszintező 1000ml	https://cdn.skfmediahub.skf.com/api/public/0947caba294f3e26/png_highpreview/0947caba294f3e26_png_highpreview.png	
LAHD 500	SKF olajszintező 500ml	https://cdn.skfmediahub.skf.com/api/public/0901d196800fccc6/png_highpreview/0901d196800fccc6_png_highpreview.png	
TMMP 2X170-6	SKF orsó a TMMP 2x170 körmös lehúzóhoz	https://cdn.skfmediahub.skf.com/api/public/0948e983806a3e60/png_highpreview/0948e983806a3e60_png_highpreview.png	
TMMP 3X185-6	SKF orsó a TMMP 3x185 körmös lehúzóhoz	https://cdn.skfmediahub.skf.com/api/public/0948e983806a3e60/png_highpreview/0948e983806a3e60_png_highpreview.png	
TMMP 3X230-6	SKF orsó a TMMP 3x230 körmös lehúzóhoz	https://cdn.skfmediahub.skf.com/api/public/0948e983806a3e60/png_highpreview/0948e983806a3e60_png_highpreview.png	
TMMP 3X300-6	SKF orsó a TMMP 3x300 körmös lehúzóhoz	https://cdn.skfmediahub.skf.com/api/public/0948e983806a3e60/png_highpreview/0948e983806a3e60_png_highpreview.png	
TMMA 120-2	SKF orsó TMMA 120 mechanikus lehúzóhoz	https://cdn.skfmediahub.skf.com/api/public/094e039545368403/png_highpreview/094e039545368403_png_highpreview.png	
TMMA 60-2	SKF orsó TMMA 60 mechanikus lehúzóhoz	https://cdn.skfmediahub.skf.com/api/public/094d6bb751e553c7/png_highpreview/094d6bb751e553c7_png_highpreview.png	
TMMA 80-2	SKF orsó TMMA 80 mechanikus lehúzóhoz	https://cdn.skfmediahub.skf.com/api/public/094058b2c76b52de/png_highpreview/094058b2c76b52de_png_highpreview.png	
TMMP 10-5	SKF orsó TMMP 10 háromkaros lehuzóhoz	https://cdn.skfmediahub.skf.com/api/public/094cc4a0ed8eff6f/png_highpreview/094cc4a0ed8eff6f_png_highpreview.png	
TMMR 120F-3	SKF orsó TMMR 120F lehúzóhoz	https://cdn.skfmediahub.skf.com/api/public/0942658ed3bea78f/png_highpreview/0942658ed3bea78f_png_highpreview.png	
TMMR 160F-3	SKF orsó TMMR 160F lehúzóhoz	https://cdn.skfmediahub.skf.com/api/public/0942658ed3bea78f/png_highpreview/0942658ed3bea78f_png_highpreview.png	
TMMR 200F-3	SKF orsó TMMR 200F lehúzóhoz	https://cdn.skfmediahub.skf.com/api/public/0942658ed3bea78f/png_highpreview/0942658ed3bea78f_png_highpreview.png	
TMMR 250F-3	SKF orsó TMMR 250F lehúzóhoz	https://cdn.skfmediahub.skf.com/api/public/0942658ed3bea78f/png_highpreview/0942658ed3bea78f_png_highpreview.png	
TMMR 350F-3	SKF orsó TMMR 350F lehúzóhoz	https://cdn.skfmediahub.skf.com/api/public/0942658ed3bea78f/png_highpreview/0942658ed3bea78f_png_highpreview.png	
TMMR 40F-3	SKF orsó TMMR 40F lehúzóhoz	https://cdn.skfmediahub.skf.com/api/public/0942658ed3bea78f/png_highpreview/0942658ed3bea78f_png_highpreview.png	
TMMR 60F-3	SKF orsó TMMR 60F lehúzóhoz	https://cdn.skfmediahub.skf.com/api/public/0942658ed3bea78f/png_highpreview/0942658ed3bea78f_png_highpreview.png	
TMMR 80F-3	SKF orsó TMMR 80F lehúzóhoz	https://cdn.skfmediahub.skf.com/api/public/0942658ed3bea78f/png_highpreview/0942658ed3bea78f_png_highpreview.png	
SYF EGYSÉG, UCPA 200	SKF öntött Y csapágyegység, álló (zsákfurattal)	https://www.skf.com/webpim/0901d196808e89bd/png/0901d196808e89bd.png	https://www.skf.com/webpim/0901d19680c425b0/png/0901d19680c425b0.png
SY EGYSÉG, SYJ EGYSÉG, UCP 200	SKF öntött Y csapágyegység, álló házzal	https://www.skf.com/webpim/0901d196806124a5/png/0901d196806124a5.png	https://www.skf.com/webpim/0901d19680c425b1/png/0901d19680c425b1.png
SY egység ... VA228	SKF öntött Y csapágyegység, álló házzal /350°C	https://cdn.skfmediahub.skf.com/api/public/0901d196808e8c4e/png_highpreview/0901d196808e8c4e_png_highpreview.png	
FYC EGYSÉG, UKFC 200, UCFC 200	SKF öntött Y csapágyegység, kör alakú házzal	https://www.skf.com/webpim/0901d196808e8976/png/0901d196808e8976.png	
FY egység ... VA201	SKF öntött Y csapágyegység, négyzet házzal /250°C	https://cdn.skfmediahub.skf.com/api/public/0901d19680b4681c/png_highpreview/0901d19680b4681c_png_highpreview.png	
FY egység ... VA228	SKF öntött Y csapágyegység, négyzet házzal /350°C	https://cdn.skfmediahub.skf.com/api/public/0901d19680b4681c/png_highpreview/0901d19680b4681c_png_highpreview.png	
FY EGYSÉG, FYJ EGYSÉG, UCF 200	SKF öntött Y csapágyegység, négyzet alakú házzal	https://www.skf.com/webpim/0901d196808e89c5/png/0901d196808e89c5.png	https://www.skf.com/hu/productinfo/productid-FY%2030%20WF
FYT EGYSÉG, FYTB EGYSÉG, UCFL 200	SKF öntött Y csapágyegység, ovális alakú házzal	https://www.skf.com/webpim/0901d196808e8979/png/0901d196808e8979.png	https://www.skf.com/webpim/0901d19680c425b4/png/0901d19680c425b4.png
SY 500, SYJ 500	SKF öntött Y csapágyház, álló	https://www.skf.com/webpim/0901d19680809813/png/0901d19680809813.png	https://www.skf.com/webpim/0901d196803b79f4/0901d196803b79f4.svg||https://www.skf.com/webpim/0901d196803b79f3/0901d196803b79f3.svg
SYF 500	SKF öntött Y csapágyház, álló (zsákfurattal)	https://www.skf.com/webpim/0901d1968080980c/png/0901d1968080980c.png	https://www.skf.com/webpim/0901d196803cecb2/0901d196803cecb2.svg||https://www.skf.com/webpim/0901d196803cebf7/0901d196803cebf7.svg
FYC 500	SKF öntött Y csapágyház, kör alakú	https://www.skf.com/webpim/0901d196808097f9/png/0901d196808097f9.png	https://www.skf.com/webpim/0901d196803d4db5/0901d196803d4db5.svg||https://www.skf.com/webpim/0901d196803d4db4/0901d196803d4db4.svg
FY 500, FYJ 500	SKF öntött Y csapágyház, négyzet alakú	https://www.skf.com/webpim/0901d196808097fd/png/0901d196808097fd.png	https://www.skf.com/webpim/0901d196803d2af8/0901d196803d2af8.svg||https://www.skf.com/webpim/0901d196803d2af7/0901d196803d2af7.svg
FYTB 500	SKF öntött Y csapágyház, ovális alakú	https://www.skf.com/webpim/0901d196808097ff/png/0901d196808097ff.png	https://www.skf.com/webpim/0901d196803d4ed7/0901d196803d4ed7.svg||https://www.skf.com/webpim/0901d196803d4ed8/0901d196803d4ed8.svg
FYTF 500	SKF öntött Y csapágyház, ovális alakú, kompakt	https://www.skf.com/webpim/094db7b3212e8160/png/094db7b3212e8160.png	
7000 ... D ... _S	SKF párosított ferde hatásvonalú golyóscsapágy 2db	https://cdn.skfmediahub.skf.com/api/public/094e929c513cdd93/png_highpreview/094e929c513cdd93_png_highpreview.png	
7000 ... T ... _S	SKF párosított ferde hatásvonalú golyóscsapágy 3db	https://cdn.skfmediahub.skf.com/api/public/094909b4194c5d42/png_highpreview/094909b4194c5d42_png_highpreview.png	
7000 ... Q ... _S	SKF párosított ferde hatásvonalú golyóscsapágy 4db	https://cdn.skfmediahub.skf.com/api/public/094f7db21715d574/png_highpreview/094f7db21715d574_png_highpreview.png	
BTM, BTW	SKF párban szerelt ferde hatásvonalú golyóscsapágy	https://www.skf.com/webpim/0901d196808e8c62/png/0901d196808e8c62.png	https://www.skf.com/webpim/0901d196808e8c62/png/0901d196808e8c62.png
PCMS ... M	SKF POM Composite csúszólemez	https://cdn.skfmediahub.skf.com/api/public/094503b8812d8ff5/png_highpreview/094503b8812d8ff5_png_highpreview.png	
PCM ... M	SKF POM Composite hengeres csúszócsapágy	https://cdn.skfmediahub.skf.com/api/public/0901d1968080a18c/png_highpreview/0901d1968080a18c_png_highpreview.png	
PCMW ... M	SKF POM Composite támasztótárcsa	https://cdn.skfmediahub.skf.com/api/public/0901d1968080a190/png_highpreview/0901d1968080a190_png_highpreview.png	
728383	SKF pótalkatrész hidraulikus szerszámokhoz	https://cdn.skfmediahub.skf.com/api/public/094379bc35aa6858/png_highpreview/094379bc35aa6858_png_highpreview.png	
TMMA 100H-1	SKF pótkar TMMA 100 hidraulikus lehúzóhoz	https://cdn.skfmediahub.skf.com/api/public/0943bbb1d2aeaec2/png_highpreview/0943bbb1d2aeaec2_png_highpreview.png	
TMMA 120-1	SKF pótkar TMMA 120 mechanikus lehúzóhoz	https://cdn.skfmediahub.skf.com/api/public/0946ecb9e983fca3/png_highpreview/0946ecb9e983fca3_png_highpreview.png	
TMMA 60-1	SKF pótkar TMMA 60 mechanikus lehúzóhoz	https://cdn.skfmediahub.skf.com/api/public/09431e86b8149ef1/png_highpreview/09431e86b8149ef1_png_highpreview.png	
TMMA 75H-1	SKF pótkar TMMA 75 hidraulikus lehúzóhoz	https://cdn.skfmediahub.skf.com/api/public/094b97af8365e0d8/png_highpreview/094b97af8365e0d8_png_highpreview.png	
TMMA 80-1	SKF pótkar TMMA 80 mechanikus lehúzóhoz	https://cdn.skfmediahub.skf.com/api/public/094d9cb2c1a9deef/png_highpreview/094d9cb2c1a9deef_png_highpreview.png	
TMMD 100-A...	SKF pótkar TMMD 100 golyóscsapágy kihúzóhoz	https://cdn.skfmediahub.skf.com/api/public/094f8a87874a42fc/png_highpreview/094f8a87874a42fc_png_highpreview.png	
TMMP 10-1	SKF pótkar TMMP 10 háromkaros lehuzóhoz (207mm)	https://cdn.skfmediahub.skf.com/api/public/09406fa447f8ecf0/png_highpreview/09406fa447f8ecf0_png_highpreview.png	
TMMP 10-2	SKF pótkar TMMP 10 háromkaros lehuzóhoz (350mm)	https://cdn.skfmediahub.skf.com/api/public/0943d690e456d973/png_highpreview/0943d690e456d973_png_highpreview.png	
TMMP 10-3	SKF pótkar TMMP 10 háromkaros lehuzóhoz (460mm)	https://cdn.skfmediahub.skf.com/api/public/094b098202fa4476/png_highpreview/094b098202fa4476_png_highpreview.png	
TMMP 10-4	SKF pótkar TMMP 10 háromkaros lehuzóhoz (710mm)	https://cdn.skfmediahub.skf.com/api/public/094ebc9c0c6fa6f5/png_highpreview/094ebc9c0c6fa6f5_png_highpreview.png	
TMMP 15-2	SKF pótkar TMMP 15 háromkaros lehuzóhoz (340mm)	https://cdn.skfmediahub.skf.com/api/public/094f219f80324fba/png_highpreview/094f219f80324fba_png_highpreview.png	
TMMP 15-4	SKF pótkar TMMP 15 háromkaros lehuzóhoz (685mm)	https://cdn.skfmediahub.skf.com/api/public/094f44815a91e3d0/png_highpreview/094f44815a91e3d0_png_highpreview.png	
TMMP 6-2	SKF pótkar TMMP 6 háromkaros lehuzóhoz (220mm)	https://cdn.skfmediahub.skf.com/api/public/0947068e3354815b/png_highpreview/0947068e3354815b_png_highpreview.png	
TMMP 6-4	SKF pótkar TMMP 6 háromkaros lehuzóhoz (470mm)	https://cdn.skfmediahub.skf.com/api/public/094ff2a347431138/png_highpreview/094ff2a347431138_png_highpreview.png	
KMT, KMTA	SKF precíziós állítható tengelyanya rögzítőcsappal	https://www.skf.com/webpim/0901d1968080a146/png/0901d1968080a146.png	https://www.skf.com/webpim/0901d1968080a147/png/0901d1968080a147.png
PCMS ... E	SKF PTFE Composite csúszólemez	https://cdn.skfmediahub.skf.com/api/public/0901d1968080a18d/png_highpreview/0901d1968080a18d_png_highpreview.png	
PCM ... E	SKF PTFE Composite hengeres csúszócsapágy	https://cdn.skfmediahub.skf.com/api/public/0901d1968080a18a/png_highpreview/0901d1968080a18a_png_highpreview.png	
PCMF	SKF PTFE Composite peremes csúszócsapágy	https://cdn.skfmediahub.skf.com/api/public/0901d1968080a18b/png_highpreview/0901d1968080a18b_png_highpreview.png	
PCMW ... E	SKF PTFE Composite támasztótárcsa	https://cdn.skfmediahub.skf.com/api/public/0901d1968080a18f/png_highpreview/0901d1968080a18f_png_highpreview.png	
PPM	SKF PTFE Polyamide hengeres csúszócsapágy	https://cdn.skfmediahub.skf.com/api/public/094c22a572a3ad7b/png_highpreview/094c22a572a3ad7b_png_highpreview.png	
PPMF	SKF PTFE Polyamide peremes csúszócsapágy	https://cdn.skfmediahub.skf.com/api/public/094cec9b29f0b431/png_highpreview/094cec9b29f0b431_png_highpreview.png	
CMDT 391-K-SL	SKF QuickCollect érzékelőkészlet	https://cdn.skfmediahub.skf.com/api/public/0901d196805d57bc/png_highpreview/0901d196805d57bc_png_highpreview.png	
CMDT 391-PRO-K-SL	SKF QuickCollect érzékelőkészlet tartozékokkal	https://cdn.skfmediahub.skf.com/api/public/0901d196805d57bc/png_highpreview/0901d196805d57bc_png_highpreview.png	
TMFN 23-30	SKF ráverő körmöskulcs anya külső átmérő 150-190mm	https://cdn.skfmediahub.skf.com/api/public/0943a7814d46bb22/png_highpreview/0943a7814d46bb22_png_highpreview.png	https://cdn.skfmediahub.skf.com/api/public/0901d1968010b80e/png_highpreview/0901d1968010b80e_png_highpreview.png
TMFN 30-40	SKF ráverő körmöskulcs anya külső átmérő 195-245mm	https://cdn.skfmediahub.skf.com/api/public/0946eea05e3baf5a/png_highpreview/0946eea05e3baf5a_png_highpreview.png	https://cdn.skfmediahub.skf.com/api/public/0901d1968010b80e/png_highpreview/0901d1968010b80e_png_highpreview.png
TMFN 40-52	SKF ráverő körmöskulcs anya külső átmérő 250-310mm	https://cdn.skfmediahub.skf.com/api/public/094f1d8127afe516/png_highpreview/094f1d8127afe516_png_highpreview.png	https://cdn.skfmediahub.skf.com/api/public/0901d1968010b80e/png_highpreview/0901d1968010b80e_png_highpreview.png
TMFN 52-64	SKF ráverő körmöskulcs anya külső átmérő 320-385mm	https://cdn.skfmediahub.skf.com/api/public/094bf8a3da953948/png_highpreview/094bf8a3da953948_png_highpreview.png	https://cdn.skfmediahub.skf.com/api/public/0901d1968010b80e/png_highpreview/0901d1968010b80e_png_highpreview.png
TMFN 64-80	SKF ráverő körmöskulcs anya külső átmérő 400-495mm	https://cdn.skfmediahub.skf.com/api/public/09495c8f23c7be80/png_highpreview/09495c8f23c7be80_png_highpreview.png	https://cdn.skfmediahub.skf.com/api/public/0901d1968010b80e/png_highpreview/0901d1968010b80e_png_highpreview.png
TMFN 80-500	SKF ráverő körmöskulcs anya külső átmérő 520-620mm	https://cdn.skfmediahub.skf.com/api/public/09471b83aee41e14/png_highpreview/09471b83aee41e14_png_highpreview.png	https://cdn.skfmediahub.skf.com/api/public/0901d1968010b80e/png_highpreview/0901d1968010b80e_png_highpreview.png
TMFN 500-600	SKF ráverő körmöskulcs anya külső átmérő 630-735mm	https://cdn.skfmediahub.skf.com/api/public/094a86bbd2c13691/png_highpreview/094a86bbd2c13691_png_highpreview.png	https://cdn.skfmediahub.skf.com/api/public/0901d1968010b80e/png_highpreview/0901d1968010b80e_png_highpreview.png
TMFN 600-750	SKF ráverő körmöskulcs anya külső átmérő 750-950mm	https://cdn.skfmediahub.skf.com/api/public/0945ceb10094b08b/png_highpreview/0945ceb10094b08b_png_highpreview.png	https://cdn.skfmediahub.skf.com/api/public/0901d1968010b80e/png_highpreview/0901d1968010b80e_png_highpreview.png
LGEV	SKF rendkívül magas viszkozitású zsír	https://cdn.skfmediahub.skf.com/api/public/0901d196809a8723/png_highpreview/0901d196809a8723_png_highpreview.png	
LGWM 1	SKF rendkívül nyomásálló csapágyzsír, alacsony hőm	https://cdn.skfmediahub.skf.com/api/public/0901d196809b08da/png_highpreview/0901d196809b08da_png_highpreview.png	
RIS	SKF rezgéscsillapító gumibetét	https://cdn.skfmediahub.skf.com/api/public/0901d196808097f7/png_highpreview/0901d196808097f7_png_highpreview.png	
W 6	SKF rozsdamentes egysorú mélyhornyú golyóscsapágy	https://www.skf.com/webpim/0901d196807ff28b/png/0901d196807ff28b.png	
W ... R	SKF rozsdamentes egysorú peremes mélyhornyú golyós	https://www.skf.com/webpim/094ae982418922ef/png/094ae982418922ef.png	https://www.skf.com/webpim/0901d1968039dfb7/0901d1968039dfb7.svg
SYWK EGYSÉG	SKF rozsdamentes, álló Y csapágyegység (élelm.ip)	https://www.skf.com/webpim/0901d1968063f67a/png/0901d1968063f67a.png	
LAPC 50	SKF rögzítőelem automata kenőberendezéshez 50mm	https://cdn.skfmediahub.skf.com/api/public/094d578182ed2b66/png_highpreview/094d578182ed2b66_png_highpreview.png	
LAPC 63	SKF rögzítőelem automata kenőberendezéshez 63mm	https://cdn.skfmediahub.skf.com/api/public/094d578182ed2b66/png_highpreview/094d578182ed2b66_png_highpreview.png	
PHE F...FTBFLG	SKF rugalmas tengelykapcsoló kúpos furattal, F-típ	https://cdn.skfmediahub.skf.com/api/public/0901d19680bea1e1/png_highpreview/0901d19680bea1e1_png_highpreview.png	
PHE F...HTBFLG	SKF rugalmas tengelykapcsoló kúpos furattal, H-típ	https://cdn.skfmediahub.skf.com/api/public/0901d19680bea1e2/png_highpreview/0901d19680bea1e2_png_highpreview.png	
PHE F...NRTYRE	SKF rugalmas tengelykapcsoló-abroncs, gumi	https://cdn.skfmediahub.skf.com/api/public/0901d19680bea1e6/png_highpreview/0901d19680bea1e6_png_highpreview.png	
LAPT 1000	SKF rugalmas tömlő 1000mm hosszú, 8x6mm	https://cdn.skfmediahub.skf.com/api/public/0949a1bf5ea804c3/png_highpreview/0949a1bf5ea804c3_png_highpreview.png	
LAPT 5000	SKF rugalmas tömlő 5000mm hosszú, 8x6mm	https://cdn.skfmediahub.skf.com/api/public/094396984c6a466d/png_highpreview/094396984c6a466d_png_highpreview.png	
TMMR 16/35XL-5	SKF rugófeszítésű központosító csúcs TMMR-hez	https://cdn.skfmediahub.skf.com/api/public/094564b325f9a5e3/png_highpreview/094564b325f9a5e3_png_highpreview.png	
HJ	SKF sarokgyűrű hengergörgős csapágyhoz (NU,NJ)	https://www.skf.com/webpim/0901d1968080983c/png/0901d1968080983c.png	https://www.skf.com/webpim/0901d196803b7ddf/0901d196803b7ddf.svg
TKST 21	SKF speciális elektronikus sztetoszkóp	https://cdn.skfmediahub.skf.com/api/public/094852a5a6665490/png_highpreview/094852a5a6665490_png_highpreview.png	
TMDT 2-30	SKF standard hőszonda kemény felülethez (900°C)	https://cdn.skfmediahub.skf.com/api/public/09496797ca83c940/png_highpreview/09496797ca83c940_png_highpreview.png	
TKRS 31	SKF stroboszkóp fényerősség:6200lx fényforrás:7LED	https://cdn.skfmediahub.skf.com/api/public/0901d196808ef214/png_highpreview/0901d196808ef214_png_highpreview.png	
TKRS 21	SKF stroboszkóp fényerősség:5600lx fényforrás:6LED	https://cdn.skfmediahub.skf.com/api/public/0901d196808eec1d/png_highpreview/0901d196808eec1d_png_highpreview.png	
TKRS 41	SKF stroboszkóp fényerősség:8000lx fényforr:118LED	https://cdn.skfmediahub.skf.com/api/public/0901d196807f7e2a/png_highpreview/0901d196807f7e2a_png_highpreview.png	
PWTR... _S	SKF támasztógörgő	https://www.skf.com/webpim/0901d19680c37beb/png/0901d19680c37beb.png	https://www.skf.com/webpim/0901d1968037d12a/0901d1968037d12a.svg||https://www.skf.com/webpim/0901d196803b79f3/0901d196803b79f3.svg
LGAF 3E	SKF súrlódásikorrózió-gátló paszta	https://cdn.skfmediahub.skf.com/api/public/0927a915fe7c414c/png_highpreview_800/LUB1046_LGAF_3E_1x1_png_highpreview_800.png	
TKBT 10	SKF szíjfrekvencia és szíjfeszesség mérő műszer	https://cdn.skfmediahub.skf.com/api/public/090fb61e4876dd46/png_highpreview/INS0857_TKBT_10_7_png_highpreview.png	
PHL FM10/400	SKF szíjfrekvencia mérő műszer,szíjfeszesség mérés	https://cdn.skfmediahub.skf.com/api/public/0901d19680cc6bf2/png_highpreview_800/0901d19680cc6bf2_png_highpreview_800.png	
PHE UJMA...	SKF szimpla kardáncsuklós tengelykapcsoló	https://cdn.skfmediahub.skf.com/api/public/0901d19680bf161a/png_highpreview/0901d19680bf161a_png_highpreview.png	
PSM	SKF szinterbronz hengeres csúszócsapágy	https://cdn.skfmediahub.skf.com/api/public/0901d1968080a194/png_highpreview/0901d1968080a194_png_highpreview.png	
PSMF	SKF szinterbronz peremes csúszócsapágy	https://cdn.skfmediahub.skf.com/api/public/0901d1968080a195/png_highpreview/0901d1968080a195_png_highpreview.png	https://www.skf.com/webpim/0901d196803b79f3/0901d196803b79f3.svg
TKSU 10	SKF szivárgáskereső	https://cdn.skfmediahub.skf.com/api/public/0901d196807d2523/png_highpreview/0901d196807d2523_png_highpreview.png	
OH	SKF szorítóhüvely olajnyomásos szereléshez	https://www.skf.com/webpim/0901d19680cb934b/png/0901d19680cb934b.png	https://www.skf.com/webpim/0901d19680398a65/0901d19680398a65.svg
BSD ... CGA	SKF szuperprec. egyirányú ferdehat. ax. golyóscsap	https://cdn.skfmediahub.skf.com/api/public/0901d1968080a174/png_highpreview/0901d1968080a174_png_highpreview.png	
BEAM	SKF szuperprec. kétsorú ferdehat. golyóscsap. csav	https://www.skf.com/webpim/0901d196808e8c65/png/0901d196808e8c65.png	https://www.skf.com/webpim/0901d196803b30b7/0901d196803b30b7.svg||https://www.skf.com/webpim/0901d19680483318/0901d19680483318.svg
BEAS	SKF szuperprec. kétsorú ferdehat. golyóscsapágy	https://www.skf.com/webpim/0901d196808e8c67/png/0901d196808e8c67.png	https://www.skf.com/webpim/0901d196803b30b2/0901d196803b30b2.svg
NNTR, NUTR	SKF támasztógörgő (kétsorú telegörgős hengergörgős	https://www.skf.com/webpim/0901d19680c37bec/png/0901d19680c37bec.png	https://www.skf.com/webpim/0901d1968037d129/0901d1968037d129.svg
NATV	SKF támasztógörgő (telegörgős tűgörgős)	https://www.skf.com/webpim/0901d19680c37bee/png/0901d19680c37bee.png	https://www.skf.com/webpim/0901d19680c6921b/0901d19680c6921b.svg
NATR	SKF támasztógörgő (tűgörgős)	https://www.skf.com/webpim/0901d19680c37bee/png/0901d19680c37bee.png	https://www.skf.com/webpim/0901d19680c6934b/0901d19680c6934b.svg
RSTO	SKF támasztógörgő belső gyűrű nélkül	https://www.skf.com/webpim/0901d19680c37dc3/png/0901d19680c37dc3.png	https://www.skf.com/webpim/0901d1968037d11b/0901d1968037d11b.svg
STO	SKF támasztógörgő belső gyűrűvel	https://www.skf.com/webpim/0901d19680c37dc2/png/0901d19680c37dc2.png	https://www.skf.com/webpim/0901d1968037d11e/0901d1968037d11e.svg
TLSD 1-SPV	SKF tartólemez visszacsapó szeleppel, olajkenéshez	https://cdn.skfmediahub.skf.com/api/public/09481bb140becad8/png_highpreview/09481bb140becad8_png_highpreview.png	
ZW	SKF távtartótárcsa csapágyházakhoz	https://www.skf.com/webpim/0947249fbfa65bc1/png/0947249fbfa65bc1.png	https://www.skf.com/webpim/0901d196803e9ca6/0901d196803e9ca6.svg
PWM	SKF teflonszálas csúszócsapágy	https://www.skf.com/hu/products/plain-bearings/bushings-thrust-washers-strips/productid-PWM%20100115120	
HM 3000	SKF tengelyanya	https://www.skf.com/webpim/0901d19680cb9348/png/0901d19680cb9348.png	https://www.skf.com/webpim/0901d19680390ce5/0901d19680390ce5.svg||https://www.skf.com/webpim/0901d196803d4e54/0901d196803d4e54.svg
KMF	SKF tengelyanya 3 rögzítőcsavarral	https://cdn.skfmediahub.skf.com/api/public/09686d057d6e3f4d/png_highpreview/09686d057d6e3f4d_png_highpreview.png	
KMK	SKF tengelyanya hernyócsavarral	https://www.skf.com/webpim/0901d1968080a152/png/0901d1968080a152.png	https://www.skf.com/webpim/0901d19680390cfe/0901d19680390cfe.svg
KMFE	SKF tengelyanya rögzítőcsavarral	https://www.skf.com/webpim/0901d196808e8696/png/0901d196808e8696.png	https://www.skf.com/webpim/0901d19680390cff/0901d19680390cff.svg||https://www.skf.com/webpim/0901d196803d4e54/0901d196803d4e54.svg
TMHN 7	SKF tengelyanyakulcs-készlet	https://cdn.skfmediahub.skf.com/api/public/0901d1968010b80f/png_highpreview/0901d1968010b80f_png_highpreview.png	
99... Speedy Sleeve	SKF tengelyjavító persely / Speedi-Sleeve	https://www.skf.com/webpim/0901d1968029a5d8/png/0901d1968029a5d8.png	https://www.skf.com/webpim/0901d196803dd835/0901d196803dd835.svg
WS	SKF tengelytárcsa hengergörgős axiális csapágyhoz	https://www.skf.com/webpim/0901d196808e8849/png/0901d196808e8849.png	https://www.skf.com/webpim/0901d1968039c421/0901d1968039c421.svg
TIH 030-Y3	SKF TIH 030 melegítőhöz befogókar (20x20x215mm)	https://cdn.skfmediahub.skf.com/api/public/094acd865c6c0f98/png_highpreview/094acd865c6c0f98_png_highpreview.png	
TKES TS-5	SKF TKES endoszkóp tartozék (félmerev kábel, 5m)	https://cdn.skfmediahub.skf.com/api/public/094921b04852da97/png_highpreview/094921b04852da97_png_highpreview.png	
TKES TF-1	SKF TKES endoszkóp tartozék (flexibilis kábel, 1m)	https://cdn.skfmediahub.skf.com/api/public/0947adaecb0eff0c/png_highpreview/0947adaecb0eff0c_png_highpreview.png	
TKES TF-5	SKF TKES endoszkóp tartozék (flexibilis kábel, 5m)	https://cdn.skfmediahub.skf.com/api/public/094921b04852da97/png_highpreview/094921b04852da97_png_highpreview.png	
TKES TA-1	SKF TKES endoszkóp tartozék (tagolt kábel, 1m)	https://cdn.skfmediahub.skf.com/api/public/09464491a724a094/png_highpreview/09464491a724a094_png_highpreview.png	
TKRT 10-ADAPT	SKF TKRT 10 fordulatszámmérőhöz érintőadapter	https://cdn.skfmediahub.skf.com/api/public/09478fb177b939f2/png_highpreview/09478fb177b939f2_png_highpreview.png	
TKRT-RTAPE	SKF TKRT fsz.mérő tartozék (fényvisszaverő szalag)	https://cdn.skfmediahub.skf.com/api/public/0901d196807f7e2d/png_highpreview/0901d196807f7e2d_png_highpreview.png	
TLSD 1-BAT	SKF TLSD akkucsomag (4.5V, 2.7Ah / Alkáli mangán)	https://cdn.skfmediahub.skf.com/api/public/09411aa3e5eb3f31/png_highpreview/09411aa3e5eb3f31_png_highpreview.png	
TMBH 1-1A	SKF TMBH 1 melegítőhöz tartalék logikai áramkör	https://cdn.skfmediahub.skf.com/api/public/094a059be53ad2ac/png_highpreview/094a059be53ad2ac_png_highpreview.png	
TMBH 1-1B	SKF TMBH 1 melegítőhöz tartalék tápegység	https://cdn.skfmediahub.skf.com/api/public/094091af110358c2/png_highpreview/094091af110358c2_png_highpreview.png	
TMBH 1-3	SKF TMBH 1 melegítőhöz tartozék hőszonda	https://cdn.skfmediahub.skf.com/api/public/09492581d042fd34/png_highpreview/09492581d042fd34_png_highpreview.png	
TMBS 100E-3	SKF TMBS 100E lehúzóhoz 2db bővítő rúd (125mm)	https://cdn.skfmediahub.skf.com/api/public/094f47a1a623bc05/png_highpreview/094f47a1a623bc05_png_highpreview.png	
TMBS 100E-2	SKF TMBS 100E lehúzóhoz 2db fő rúd	https://cdn.skfmediahub.skf.com/api/public/094beebb0d3a6656/png_highpreview/094beebb0d3a6656_png_highpreview.png	
TMBS 100E-4	SKF TMBS 100E lehúzóhoz 4db bővítő rúd (285mm)	https://cdn.skfmediahub.skf.com/api/public/0949ca8f6f9bc8b5/png_highpreview/0949ca8f6f9bc8b5_png_highpreview.png	
TMBS 100E-1	SKF TMBS 100E lehúzóhoz kartartó keresztrúd	https://cdn.skfmediahub.skf.com/api/public/0943d4996fd16b6b/png_highpreview/0943d4996fd16b6b_png_highpreview.png	
TMBS 50E-2	SKF TMBS 100E lehúzóhoz orsó	https://cdn.skfmediahub.skf.com/api/public/09417db3aa9d6274/png_highpreview/09417db3aa9d6274_png_highpreview.png	
TMBS 100E-5	SKF TMBS 100E lehúzóhoz szeparátor	https://cdn.skfmediahub.skf.com/api/public/09494882e84e0985/png_highpreview/09494882e84e0985_png_highpreview.png	
TMBS 150E-1	SKF TMBS 150E lehúzóhoz kartartó keresztrúd	https://cdn.skfmediahub.skf.com/api/public/0943d4996fd16b6b/png_highpreview/0943d4996fd16b6b_png_highpreview.png	
TMBS 150E-5	SKF TMBS 150E lehúzóhoz szeparátor	https://cdn.skfmediahub.skf.com/api/public/0943318a83559474/png_highpreview/0943318a83559474_png_highpreview.png	
TMBS 50E-1K	SKF TMBS 50E lehúzóhoz 2x2db fő rúd	https://cdn.skfmediahub.skf.com/api/public/0940e4ad6d2906c4/png_highpreview/0940e4ad6d2906c4_png_highpreview.png	
TMEB A2	SKF TMEB 2 és TKBA 40-hez oldaladapter	https://cdn.skfmediahub.skf.com/api/public/09492ca0a058e15f/png_highpreview/09492ca0a058e15f_png_highpreview.png	
TMFT 36 ... pogácsák	SKF TMFT 36 csapágyfelütő klt pótalkatrész pogácsa	https://cdn.skfmediahub.skf.com/api/public/09422084338df3e9/png_highpreview/09422084338df3e9_png_highpreview.png	
TMFT 36-A	SKF TMFT 36 csapágyfelütő klt. csőtoldat (A)	https://cdn.skfmediahub.skf.com/api/public/0947a4b74efe81b0/png_highpreview/0947a4b74efe81b0_png_highpreview.png	
TMFT 36-B	SKF TMFT 36 csapágyfelütő klt. csőtoldat (B)	https://cdn.skfmediahub.skf.com/api/public/094af78e8f9e1d7e/png_highpreview/094af78e8f9e1d7e_png_highpreview.png	
TMFT 36-C	SKF TMFT 36 csapágyfelütő klt. csőtoldat (C)	https://cdn.skfmediahub.skf.com/api/public/0941669e58fb6b94/png_highpreview/0941669e58fb6b94_png_highpreview.png	
TMHP 10E-11	SKF TMHP 10E hidraulikus lehúzóhoz kar (240mm)	https://cdn.skfmediahub.skf.com/api/public/0945c991a8fd9c2f/png_highpreview/0945c991a8fd9c2f_png_highpreview.png	
TMHP 10E-12	SKF TMHP 10E hidraulikus lehúzóhoz kar (285mm)	https://cdn.skfmediahub.skf.com/api/public/0947b4adef3c537f/png_highpreview/0947b4adef3c537f_png_highpreview.png	
TMHP 10E-5	SKF TMHP 10E hidraulikus lehúzóhoz kartartó	https://cdn.skfmediahub.skf.com/api/public/094e41aa562e3cff/png_highpreview/094e41aa562e3cff_png_highpreview.png	
TMHP 15-3	SKF TMHP 15/260 hidraulikus lehúzóhoz kar (440mm)	https://cdn.skfmediahub.skf.com/api/public/09491998fb9fcf93/png_highpreview/09491998fb9fcf93_png_highpreview.png	
TMHP 15-4	SKF TMHP 15/260 hidraulikus lehúzóhoz kar (690mm)	https://cdn.skfmediahub.skf.com/api/public/0944f981376ff157/png_highpreview/0944f981376ff157_png_highpreview.png	
TMHP 15-5	SKF TMHP 15/260 hidraulikus lehúzóhoz orsó	https://cdn.skfmediahub.skf.com/api/public/09442cbd5d066b4e/png_highpreview/09442cbd5d066b4e_png_highpreview.png	
TMHP 30-3	SKF TMHP 30 hidraulikus lehúzóhoz kar (600mm)	https://cdn.skfmediahub.skf.com/api/public/094423a99ddfe39b/png_highpreview/094423a99ddfe39b_png_highpreview.png	
TMHP 30-5	SKF TMHP 30 hidraulikus lehúzóhoz orsó	https://cdn.skfmediahub.skf.com/api/public/09442cbd5d066b4e/png_highpreview/09442cbd5d066b4e_png_highpreview.png	
TMHP 50-2	SKF TMHP 50 hidraulikus lehúzóhoz kar (320mm)	https://cdn.skfmediahub.skf.com/api/public/094792a1a7018338/png_highpreview/094792a1a7018338_png_highpreview.png	
TMHP 50-5	SKF TMHP 50 hidraulikus lehúzóhoz orsó	https://cdn.skfmediahub.skf.com/api/public/09442cbd5d066b4e/png_highpreview/09442cbd5d066b4e_png_highpreview.png	
TMIC C7-8	SKF TMIC lehúzó adapter, d=7-8mm	https://cdn.skfmediahub.skf.com/api/public/0946c98a8b3b99fd/png_highpreview/0946c98a8b3b99fd_png_highpreview.png	
TMIP S1	SKF TMIP 7-28 és TMIC 7-28-hoz kis csúszókalapács	https://cdn.skfmediahub.skf.com/api/public/0947919242f08e26/png_highpreview/0947919242f08e26_png_highpreview.png	
TMIP E10-12	SKF TMIP lehúzó adapter, d=10-12mm	https://cdn.skfmediahub.skf.com/api/public/094c94b1ccb96e40/png_highpreview/094c94b1ccb96e40_png_highpreview.png	
TMIP E15-17	SKF TMIP lehúzó adapter, d=15-17mm	https://cdn.skfmediahub.skf.com/api/public/094c94b1ccb96e40/png_highpreview/094c94b1ccb96e40_png_highpreview.png	
TMIP E20-28	SKF TMIP lehúzó adapter, d=20-28mm	https://cdn.skfmediahub.skf.com/api/public/094c94b1ccb96e40/png_highpreview/094c94b1ccb96e40_png_highpreview.png	
TMIP E30-40	SKF TMIP lehúzó adapter, d=30-40mm	https://cdn.skfmediahub.skf.com/api/public/094c94b1ccb96e40/png_highpreview/094c94b1ccb96e40_png_highpreview.png	
TMIP E7-9	SKF TMIP lehúzó adapter, d=7-9mm	https://cdn.skfmediahub.skf.com/api/public/094c94b1ccb96e40/png_highpreview/094c94b1ccb96e40_png_highpreview.png	
TMJE 300-9	SKF TMJE 300 olajinjektorhoz javítókészlet	https://cdn.skfmediahub.skf.com/api/public/094d139370af8655/png_highpreview/094d139370af8655_png_highpreview.png	
TLMP 1008/24DC	SKF többpontos automata kenőberendezés	https://cdn.skfmediahub.skf.com/api/public/0901d196805e4cf4/png_highpreview/0901d196805e4cf4_png_highpreview.png	
BS2	SKF tömített beálló görgőscsapágy	https://www.skf.com/webpim/0901d19680809874/png/0901d19680809874.png	https://www.skf.com/webpim/0901d196803a5a1f/0901d196803a5a1f.svg
BS2 ... K	SKF tömített beálló görgőscsapágy kúpos furattal	https://www.skf.com/webpim/0901d19680809874/png/0901d19680809874.png	https://www.skf.com/webpim/0901d196803c489f/0901d196803c489f.svg
GE …-2LS, GE …-2RS, GE .. ES-2RS, GEH .. ES-2LS, GEH .. ES-2RS, GEM .. ES-2RS, GEZ .. ES-2RS	SKF tömített gömbcsukló	https://www.skf.com/webpim/094148b8ceeac27e/png/094148b8ceeac27e.png	https://www.skf.com/webpim/0901d196803d028a/0901d196803d028a.svg
Z	SKF tömítőtárcsapár	https://www.skf.com/webpim/09430bb346c47a50/png/09430bb346c47a50.png	https://www.skf.com/webpim/0901d196803ea934/0901d196803ea934.svg
PBM	SKF tömör bronz hengeres csúszócsapágy	https://cdn.skfmediahub.skf.com/api/public/0901d1968080a188/png_highpreview/0901d1968080a188_png_highpreview.png	
PBMF	SKF tömör bronz peremes csúszócsapágy	https://cdn.skfmediahub.skf.com/api/public/0901d1968080a189/png_highpreview/0901d1968080a189_png_highpreview.png	
NK, NKS, RNA	SKF tűgörgős csapágy belső gyűrű nélkül	https://www.skf.com/webpim/0901d196808e8851/png/0901d196808e8851.png	https://www.skf.com/webpim/0901d1968039dc19/0901d1968039dc19.svg
RNA 2RS, RNA RS	SKF tűgörgős csapágy belső gyűrű nélkül, porvédős	https://www.skf.com/webpim/0901d196808e8c78/png/0901d196808e8c78.png	https://www.skf.com/webpim/0901d1968039dc18/0901d1968039dc18.svg
NA, NKI, NKIS	SKF tűgörgős csapágy belső gyűrűvel	https://www.skf.com/webpim/0901d19680809862/png/0901d19680809862.png	https://www.skf.com/webpim/0901d1968039f00c/0901d1968039f00c.svg
NA ..-2RS, NA ..-RS	SKF tűgörgős csapágy belső gyűrűvel, porvédős	https://www.skf.com/webpim/0901d19680cb2d1d/png/0901d19680cb2d1d.png	https://www.skf.com/webpim/0901d1968039f0c4/0901d1968039f0c4.svg
NAO	SKF tűgörgős csapágy belső gyűrűvel, vállak nélkül	https://www.skf.com/webpim/0901d19680cb2f31/png/0901d19680cb2f31.png	https://www.skf.com/webpim/0901d1968039f0c9/0901d1968039f0c9.svg
K	SKF tűgörgős kosár	https://www.skf.com/webpim/0901d19680809865/png/0901d19680809865.png	https://www.skf.com/webpim/0901d1968039bc8b/0901d1968039bc8b.svg
V VA ... NBR_SKF	SKF V-gyűrű "A" NBR	https://cdn.skfmediahub.skf.com/api/public/0901d196804a30ee/png_highpreview/0901d196804a30ee_png_highpreview.png	
V VA ... VITON_SKF	SKF V-gyűrű "A" VITON	https://cdn.skfmediahub.skf.com/api/public/0901d196804a30a5/png_highpreview/0901d196804a30a5_png_highpreview.png	
V VL ... NBR_SKF	SKF V-gyűrű "L" NBR	https://cdn.skfmediahub.skf.com/api/public/0901d196804a30f6/png_highpreview/0901d196804a30f6_png_highpreview.png	
V VL ... VITON_SKF	SKF V-gyűrű "L" VITON	https://cdn.skfmediahub.skf.com/api/public/0901d196804a30f3/png_highpreview/0901d196804a30f3_png_highpreview.png	
V VS ... NBR_SKF	SKF V-gyűrű "S" NBR	https://cdn.skfmediahub.skf.com/api/public/0901d196804a3110/png_highpreview/0901d196804a3110_png_highpreview.png	
V VS ... VITON_SKF	SKF V-gyűrű "S" VITON	https://cdn.skfmediahub.skf.com/api/public/0901d196804a310e/png_highpreview/0901d196804a310e_png_highpreview.png	
ECW, ECY	SKF végfedél Y csapágyházhoz	https://www.skf.com/webpim/0901d196808097f6/png/0901d196808097f6.png	https://www.skf.com/webpim/0901d196804140e4/0901d196804140e4.svg
FPAAA	SKF vékony keresztm. egysorú ferdeh.golyóscsapágy		
TKSA 41	SKF vezeték nélküli lézeres tengelybeállító	https://cdn.skfmediahub.skf.com/api/public/0901d196804def9f/png_highpreview/0901d196804def9f_png_highpreview.png	
TKSA 51	SKF vezeték nélküli lézeres tengelybeállító (okos)	https://cdn.skfmediahub.skf.com/api/public/0901d196804defa4/png_highpreview/0901d196804defa4_png_highpreview.png	
TKSA 31	SKF vezetékes lézeres tengelybeállító	https://cdn.skfmediahub.skf.com/api/public/0901d196804def9b/png_highpreview/0901d196804def9b_png_highpreview.png	
361200	SKF vezetőgörgő (mélyhornyú golyós) domború palást	https://www.skf.com/webpim/0901d196807ff27c/png/0901d196807ff27c.png	https://www.skf.com/webpim/0901d1968037d118/0901d1968037d118.svg
729659 C	SKF villamos melegítőlap	https://cdn.skfmediahub.skf.com/api/public/094a1ca42f81a4ad/png_highpreview/094a1ca42f81a4ad_png_highpreview.png	
LAPV 1/4	SKF visszacsapó szelep G1/4	https://cdn.skfmediahub.skf.com/api/public/0944a2a460452c80/png_highpreview/0944a2a460452c80_png_highpreview.png	
LAPV 1/8	SKF visszacsapó szelep G1/8	https://cdn.skfmediahub.skf.com/api/public/0944c4bfda708722/png_highpreview/0944c4bfda708722_png_highpreview.png	
TMCD 1/2R	SKF vízszintes mérőóra hidraulikus anyákhoz	https://cdn.skfmediahub.skf.com/api/public/094fbeabcf9b2a0f/png_highpreview/094fbeabcf9b2a0f_png_highpreview.png	
TMCD 10R	SKF vízszintes mérőóra hidraulikus anyákhoz	https://cdn.skfmediahub.skf.com/api/public/094fbeabcf9b2a0f/png_highpreview/094fbeabcf9b2a0f_png_highpreview.png	
E- ... XP2	SKF Xtra erősített ékszíj - XP	https://cdn.skfmediahub.skf.com/api/public/0901d19680be821f/png_highpreview/0901d19680be821f_png_highpreview.png	
172600	SKF Y csapágy szabványos belső gyűrűvel	https://www.skf.com/webpim/0901d1968080935b/png/0901d1968080935b.png	https://www.skf.com/webpim/0901d1968036f8d3/0901d1968036f8d3.svg
LAPM 2	SKF Y csatlakozó	https://cdn.skfmediahub.skf.com/api/public/094dd581ac2b1edb/png_highpreview/094dd581ac2b1edb_png_highpreview.png	
TU, TUJ	SKF Y feszítő, öntöttvas csapágyház	https://www.skf.com/webpim/0901d19680809817/png/0901d19680809817.png	https://www.skf.com/webpim/0901d196803d4e55/0901d196803d4e55.svg||https://www.skf.com/webpim/0901d196803d4e54/0901d196803d4e54.svg
P	SKF Y sajtolt acél csapágyház, álló	https://cdn.skfmediahub.skf.com/api/public/0901d1968080980a/png_highpreview/0901d1968080980a_png_highpreview.png	https://cdn.skfmediahub.skf.com/api/public/0901d196803b79fb/svg_preview/0901d196803b79fb_svg_preview.svg||https://cdn.skfmediahub.skf.com/api/public/0901d196803b79fa/svg_preview/0901d196803b79fa_svg_preview.svg
PFD	SKF Y sajtolt acél csapágyház, háromszögletű	https://www.skf.com/webpim/0901d19680809807/png/0901d19680809807.png	https://www.skf.com/webpim/0901d196803d4db9/0901d196803d4db9.svg||https://www.skf.com/webpim/0901d196803d4db6/0901d196803d4db6.svg
PF	SKF Y sajtolt acél csapágyház, kerek	https://www.skf.com/webpim/0901d19680809808/png/0901d19680809808.png	https://www.skf.com/webpim/0901d196803d4db7/0901d196803d4db7.svg||https://www.skf.com/webpim/0901d196803d4db6/0901d196803d4db6.svg
PFT	SKF Y sajtolt acél csapágyház, ovális	https://www.skf.com/webpim/0901d19680809809/png/0901d19680809809.png	https://www.skf.com/webpim/0901d196803d4edf/0901d196803d4edf.svg||https://www.skf.com/webpim/0901d196803d4db6/0901d196803d4db6.svg
YSA	SKF Y-csapágy kúpos furattal, szorítóhüvely nélkül	https://cdn.skfmediahub.skf.com/api/public/092df7f563d0cc46/png_highpreview/BBY_BC_KYS_YSA_209_23FK_Cut_open_png_highpreview.png	https://www.skf.com/webpim/0901d1968036f8d2/0901d1968036f8d2.svg
F3BBC	SKF Y-csapágyegység élelmiszeripari alk. (három f)	https://www.skf.com/webpim/0901d1968081997b/png/0901d1968081997b.png	
F4BC	SKF Y-csapágyegység élelmiszeripari alk. (négyzet)	https://www.skf.com/webpim/0901d196808e8985/png/0901d196808e8985.png	
FYWR EGYSÉG	SKF Y-csapágyegység élelmiszeripari alk. (négyzet)	https://www.skf.com/webpim/0901d196808e8985/png/0901d196808e8985.png	
F2BSS	SKF Y-csapágyegység élelmiszeripari alk. (ovális)	https://www.skf.com/webpim/094018bb5810a8b0/png/094018bb5810a8b0.png	
F4BSS	SKF Y-csapágyegység rozsdamentes ház (négyzet)	https://www.skf.com/webpim/0942d9b218bec070/png/0942d9b218bec070.png	
233950 E	SKF záródugó	https://cdn.skfmediahub.skf.com/api/public/0901d19680918774/png_highpreview_800/0901d19680918774_png_highpreview_800.png	
SIM CRSH11 R, SIM CRSH13 R, SIM CRWH1 R	SKF zárt fémházas simmering (egyajkas) NBR	https://www.skf.com/webpim/0901d196804a3e14/png/0901d196804a3e14.png	https://www.skf.com/webpim/0901d196803c9297/0901d196803c9297.svg
SIM CRSHA12 R, SIM CRWHA1 R	SKF zárt fémházas simmering (kétajkas) NBR	https://www.skf.com/webpim/0901d196804a3e16/png/0901d196804a3e16.png	https://www.skf.com/webpim/0901d196803c9298/0901d196803c9298.svg
LGLT	SKF zsír alacsony hőmérs., extrém magas fordulat	https://cdn.skfmediahub.skf.com/api/public/0901d19680152b27/png_highpreview_800/0901d19680152b27_png_highpreview_800.png	
TKGT 1	SKF zsírellenőrző készlet	https://cdn.skfmediahub.skf.com/api/public/0901d19680ba7d46/png_highpreview/0901d19680ba7d46_png_highpreview.png	
TKGT 1-RK1	SKF zsírellenőrző készlet RK1	https://cdn.skfmediahub.skf.com/api/public/0901d19680ba7d48/png_highpreview/0901d19680ba7d48_png_highpreview.png	
TKGT 1-RK3	SKF zsírellenőrző készlet RK3	https://cdn.skfmediahub.skf.com/api/public/0901d19680ba7d49/png_highpreview/0901d19680ba7d49_png_highpreview.png	
LAGM 1000E	SKF zsírmennyiség mérő	https://cdn.skfmediahub.skf.com/api/public/0901d1968035e506/png_highpreview/0901d1968035e506_png_highpreview.png	
LAGF 18	SKF zsírtöltő pumpa 265-285mm átmérőjű hordóhoz	https://cdn.skfmediahub.skf.com/api/public/0901d19680107249/png_highpreview/0901d19680107249_png_highpreview.png	
LAGF 50	SKF zsírtöltő pumpa 350-385mm átmérőjű hordóhoz	https://cdn.skfmediahub.skf.com/api/public/0901d19680107244/png_highpreview/0901d19680107244_png_highpreview.png	
LAGS 8	SKF zsírzófej készlet	https://cdn.skfmediahub.skf.com/api/public/0901d19680107245/png_highpreview/0901d19680107245_png_highpreview.png	
LAPG 1/4	SKF zsírzógomb G1/4	https://cdn.skfmediahub.skf.com/api/public/094a41bad9dad425/png_highpreview/094a41bad9dad425_png_highpreview.png	
TLGH 1	SKF zsírzópisztoly (lökettérfogat: 0,9ccm)	https://cdn.skfmediahub.skf.com/api/public/0901d19680153192/png_highpreview/0901d19680153192_png_highpreview.png	
1077600/SET	SKF zsírzópisztoly készlet	https://cdn.skfmediahub.skf.com/api/public/0901d19680105732/png_highpreview/0901d19680105732_png_highpreview.png	
1077600 H	SKF zsírzópisztoly+flexi szár (lökettérf.:1,5ccm)	https://cdn.skfmediahub.skf.com/api/public/094bc39a146c1dab/png_highpreview/094bc39a146c1dab_png_highpreview.png	
1077600	SKF zsírzópisztoly+merev szár (lökettérf.:1,5ccm)	https://cdn.skfmediahub.skf.com/api/public/0901d19680107236/png_highpreview/0901d19680107236_png_highpreview.png	
LAGG 180AE	SKF zsírzópumpa 180kg-os hordóhoz	https://cdn.skfmediahub.skf.com/api/public/0901d19680107226/png_highpreview/0901d19680107226_png_highpreview.png	
LAGG 18M	SKF zsírzópumpa 18kg-os hordóhoz	https://cdn.skfmediahub.skf.com/api/public/0901d1968010724a/png_highpreview/0901d1968010724a_png_highpreview.png	
LAGG 50AE	SKF zsírzópumpa 50kg-os hordóhoz	https://cdn.skfmediahub.skf.com/api/public/0901d1968010723d/png_highpreview/0901d1968010723d_png_highpreview.png	
1077600-1 A	SKF zsírzószárhoz fej	https://cdn.skfmediahub.skf.com/api/public/094f7ca2c057be1f/png_highpreview/094f7ca2c057be1f_png_highpreview.png	
LAGN 120	SKF zsírzószem készlet	https://cdn.skfmediahub.skf.com/api/public/0901d19680107223/png_highpreview/0901d19680107223_png_highpreview.png	
TLAC	SKF zsírzószem védőkupak és címketartó, 50db	https://primacsapagy.hu/wp-content/uploads/2021/05/TLAC-600x248.png	
CAHB-10-B4A-100209-AAAA0A-000	SKF/Ewellix actuator sliding screw with steel tube	https://lmbt.medias.schaeffler.com/assets/productImage/CAHB-10.jpg	
FLBU 32 KMT	SKF/Ewellix ball screw support bearings, with KMT	https://lmbt.medias.schaeffler.com/assets/productImage/FLBU.jpg	
LBBR, LBCD, LBCR	SKF/Ewellix lineáris csapágy	https://cdn.schaeffler-ecommerce.com/cdn/001C6C3A_d.png	
LBCF, LBCT, LBHT	SKF/Ewellix lineáris csapágy, nyitott	https://cdn.schaeffler-ecommerce.com/cdn/001C6C67_d.png	
LB.. ... HV6	SKF/Ewellix lineáris csapágy, rozsdamentes	https://cdn.schaeffler-ecommerce.com/cdn/001C6C5E_d.png	
LTBR, LTDR, LUCD, LUCR, LUHR, LUJR, LUND, LUNE	SKF/Ewellix lineáris csapágyegység	https://cdn.schaeffler-ecommerce.com/cdn/001C6BDE_d.png	
LTCF, LUCF, LUCT, LUNF	SKF/Ewellix lineáris csapágyegység, nyitott	https://cdn.schaeffler-ecommerce.com/cdn/001C6BED_d.png	
LWAL	SKF/Ewellix lineáris görgős kosár lap	https://lmbt.medias.schaeffler.com/assets/productImage/LWR_cage.JPG	
LWHW	SKF/Ewellix lineáris görgős kosár lap 90° acél	https://lmbt.medias.schaeffler.com/assets/productImage/LWHW.jpg	
LWHV	SKF/Ewellix lineáris görgős kosár lap 90° műanyag	https://lmbt.medias.schaeffler.com/assets/productImage/LWHV_cage.JPG	
LWAKE	SKF/Ewellix lineáris görgős kosár tömb	https://lmbt.medias.schaeffler.com/assets/productImage/LWRE_cage.JPG	
LWJK	SKF/Ewellix lineáris kombinált golyós kosár	https://lmbt.medias.schaeffler.com/assets/productImage/lwrb_acsm_cage.jpg	
LWAKE ... ACS	SKF/Ewellix lineáris kombinált görgős kosár tömb	https://lmbt.medias.schaeffler.com/assets/productImage/LWRE_ACS_cage.JPG	
LPAR, LPBR	SKF/Ewellix lineáris siklócsapágy	https://img.directindustry.com/images_di/photo-mg/183264-19449618.jpg	
LPAT	SKF/Ewellix lineáris siklócsapágy, nyitott	https://img.directindustry.com/images_di/photo-mg/183264-19449618.jpg	
LLSHR	SKF/Ewellix lineáris sín	https://lmbt.medias.schaeffler.com/assets/productImage/LLSHR-15.jpg	
LEAS, LRCB, LSCS, LSNS	SKF/Ewellix lineáris tengelybak / tengelyvezetés	https://www.ewellix.com/sites/default/files/products/LBB-Group-Accessories-01_0.jpg	
LWV	SKF/Ewellix lineáris vezető sín	https://lmbt.medias.schaeffler.com/assets/productImage/LWV_rail.jpg	
LWR	SKF/Ewellix lineáris vezető sín (kosár laphoz)	https://lmbt.medias.schaeffler.com/assets/productImage/LWR_rail.jpg	
LWM	SKF/Ewellix lineáris vezető sín (kosár tömbhöz)	https://lmbt.medias.schaeffler.com/assets/productImage/LWM_rail.jpg	
LWR ... KIT	SKF/Ewellix lineáris vezető sín + kosár lap klt.	https://lmbt.medias.schaeffler.com/assets/productImage/LWR_kit.jpg	
LWRE ... KIT	SKF/Ewellix lineáris vezető sín + kosár tömb klt.	https://lmbt.medias.schaeffler.com/assets/productImage/LWRE_ACS_kit.jpg	
S7	SKF/SNFA egysorú ferde hatásvonalú golyóscsapágy	https://cdn.skfmediahub.skf.com/api/public/0901d196808e8c5b/png_highpreview/0901d196808e8c5b_png_highpreview.png	
NITROHÍGÍTÓ	Univerzális nitrohígító (zsírtalanító fém felület)	https://www.nvzrt.hu/images/Nitro%20Univ%20family.jpg	
V VA ... NBR	V-gyűrű "A" NBR	https://www.intramark.hu/wp-content/uploads/2024/07/v-va-1.png	
V VA ... VITON	V-gyűrű "A" VITON	https://www.intramark.hu/wp-content/uploads/2024/07/v-va-1.png	
V VL ... NBR	V-gyűrű "L" NBR	https://www.intramark.hu/wp-content/uploads/2024/07/v-vl-1.png	
V VS ... NBR	V-gyűrű "S" NBR	https://www.intramark.hu/wp-content/uploads/2024/07/v-vs-1.png	
V VS ... VITON	V-gyűrű "S" VITON	https://www.intramark.hu/wp-content/uploads/2024/07/v-vs-1.png	
FT KESZTYŰ PREC.RUG.FEHÉR 6110	Védőkesztyű PU tenyérmártott prec. rug. FEHÉR 10	https://www.haberkorn.com/dam/510x510/02FB1A56.jpg	https://www.haberkorn.com/dam/510x510/000200B6.jpg
FT KESZTYŰ PREC.RUG.FEHÉR 6111	Védőkesztyű PU tenyérmártott prec. rug. FEHÉR 11	https://www.haberkorn.com/dam/510x510/02FB1A56.jpg	https://www.haberkorn.com/dam/510x510/000200B6.jpg
FT KESZTYŰ PREC.RUG.FEHÉR 6107	Védőkesztyű PU tenyérmártott prec. rug. FEHÉR 7	https://www.haberkorn.com/dam/510x510/02FB1A56.jpg	https://www.haberkorn.com/dam/510x510/000200B6.jpg
FT KESZTYŰ PREC.RUG.FEHÉR 6108	Védőkesztyű PU tenyérmártott prec. rug. FEHÉR 8	https://www.haberkorn.com/dam/510x510/02FB1A56.jpg	https://www.haberkorn.com/dam/510x510/000200B6.jpg
FT KESZTYŰ PREC.RUG.FEHÉR 6109	Védőkesztyű PU tenyérmártott prec. rug. FEHÉR 9	https://www.haberkorn.com/dam/510x510/02FB1A56.jpg	https://www.haberkorn.com/dam/510x510/000200B6.jpg
FT KESZTYŰ PREC.RUG.FEKETE6040	Védőkesztyű PU tenyérmártott prec. rug. FEKETE 10	https://www.haberkorn.com/dam/510x510/02FB1A57.jpg	https://www.haberkorn.com/dam/510x510/000200DD.jpg
FT KESZTYŰ PREC.RUG.FEKETE6041	Védőkesztyű PU tenyérmártott prec. rug. FEKETE 11	https://www.haberkorn.com/dam/510x510/02FB1A57.jpg	https://www.haberkorn.com/dam/510x510/000200DD.jpg
FT KESZTYŰ PREC.RUG.FEKETE6037	Védőkesztyű PU tenyérmártott prec. rug. FEKETE 7	https://www.haberkorn.com/dam/510x510/02FB1A57.jpg	https://www.haberkorn.com/dam/510x510/000200DD.jpg
FT KESZTYŰ PREC.RUG.FEKETE6038	Védőkesztyű PU tenyérmártott prec. rug. FEKETE 8	https://www.haberkorn.com/dam/510x510/02FB1A57.jpg	https://www.haberkorn.com/dam/510x510/000200DD.jpg
FT KESZTYŰ PREC.RUG.FEKETE6039	Védőkesztyű PU tenyérmártott prec. rug. FEKETE 9	https://www.haberkorn.com/dam/510x510/02FB1A57.jpg	https://www.haberkorn.com/dam/510x510/000200DD.jpg
G-G1/4 45° GÖMBFEJŰ MENETES	Zsírzógomb gömbfejű 45°-os G1/4 (13.157x1.337mm)	https://www.haberkorn.com/dam/510x510/0000F5D9.jpg	
G-G1/8 45° GÖMBFEJŰ MENETES	Zsírzógomb gömbfejű 45°-os G1/8 (9.728x0.907mm)	https://www.haberkorn.com/dam/510x510/0000F5D9.jpg	
G-MK10X1.25 45° GÖMBFEJŰ MENET	Zsírzógomb gömbfejű 45°-os kúpos menet MK10x1.25mm	https://www.haberkorn.com/dam/510x510/0000F5D9.jpg	
G-MK10X1 45° GÖMBFEJŰ MENETES	Zsírzógomb gömbfejű 45°-os kúpos menet MK10x1mm	https://www.haberkorn.com/dam/510x510/0000F5D9.jpg	
G-MK6X1 45° GÖMBFEJŰ MENETES	Zsírzógomb gömbfejű 45°-os kúpos menet MK6x1mm	https://www.haberkorn.com/dam/510x510/0000F5D9.jpg	
G-MK8X1 45° GÖMBFEJŰ MENETES	Zsírzógomb gömbfejű 45°-os kúpos menet MK8x1mm	https://www.haberkorn.com/dam/510x510/0000F5D9.jpg	
G-M10X1.5 45° GÖMBFEJŰ MENETES	Zsírzógomb gömbfejű 45°-os M10x1,5mm	https://www.haberkorn.com/dam/510x510/0000F5D9.jpg	
G-M10X1 45° GÖMBFEJŰ MENETES	Zsírzógomb gömbfejű 45°-os M10x1mm	https://www.haberkorn.com/dam/510x510/0000F5D9.jpg	
G-M6X0.75 45° GÖMBFEJŰ MENETES	Zsírzógomb gömbfejű 45°-os M6x0,75mm	https://www.haberkorn.com/dam/510x510/0000F5D9.jpg	
G-M6X1 45° GÖMBFEJŰ MENETES	Zsírzógomb gömbfejű 45°-os M6x1mm	https://www.haberkorn.com/dam/510x510/0000F5D9.jpg	
G-M8X1.25 45° GÖMBFEJŰ MENETES	Zsírzógomb gömbfejű 45°-os M8x1.25mm	https://www.haberkorn.com/dam/510x510/0000F5D9.jpg	
G-M8X1 45° GÖMBFEJŰ MENETES	Zsírzógomb gömbfejű 45°-os M8x1mm	https://www.haberkorn.com/dam/510x510/0000F5D9.jpg	
G-G1/8 90° GÖMBFEJŰ MENETES	Zsírzógomb gömbfejű 90°-os G1/8 (9.728x0.907mm)	https://www.haberkorn.com/dam/510x510/0000F5DA.jpg	
G-MK10X1.25 90° GÖMBFEJŰ MENET	Zsírzógomb gömbfejű 90°-os kúpos menet MK10x1.25mm	https://www.haberkorn.com/dam/510x510/0000F5DA.jpg	
G-MK10X1.5 90°GÖMBFEJŰ MENETES	Zsírzógomb gömbfejű 90°-os kúpos menet MK10x1.5mm	https://www.haberkorn.com/dam/510x510/0000F5DA.jpg	
G-MK10X1 90° GÖMBFEJŰ MENETES	Zsírzógomb gömbfejű 90°-os kúpos menet MK10x1mm	https://www.haberkorn.com/dam/510x510/0000F5DA.jpg	
G-MK6X0.75 90°GÖMBFEJŰ MENETES	Zsírzógomb gömbfejű 90°-os kúpos menet MK6x0.75mm	https://www.haberkorn.com/dam/510x510/0000F5DA.jpg	
G-MK8X1 90° GÖMBFEJŰ MENETES A	Zsírzógomb gömbfejű 90°-os kúpos menet MK8x1mm RM	https://www.haberkorn.com/dam/510x510/0000F5DA.jpg	
G-M1/4 90° GÖMBFEJŰ MENETES	Zsírzógomb gömbfejű 90°-os M1/4 (6.35x1.27mm)	https://www.haberkorn.com/dam/510x510/0000F5DA.jpg	
G-M10X1.5 90° GÖMBFEJŰ MENETES	Zsírzógomb gömbfejű 90°-os M10x1,5mm	https://www.haberkorn.com/dam/510x510/0000F5DA.jpg	
G-M10X1 90° GÖMBFEJŰ MENETES	Zsírzógomb gömbfejű 90°-os M10x1mm	https://www.haberkorn.com/dam/510x510/0000F5DA.jpg	
G-M12X1.25 90° GÖMBFEJŰ MENETE	Zsírzógomb gömbfejű 90°-os M12x1.25mm	https://www.haberkorn.com/dam/510x510/0000F5DA.jpg	
G-M14X1.5 90° GÖMBFEJŰ MENETES	Zsírzógomb gömbfejű 90°-os M14x1.5mm	https://www.haberkorn.com/dam/510x510/0000F5DA.jpg	
G-M6X1 90° GÖMBFEJŰ MENETES	Zsírzógomb gömbfejű 90°-os M6x1mm	https://www.haberkorn.com/dam/510x510/0000F5DA.jpg	
G-M8X1.25 90° GÖMBFEJŰ MENETES	Zsírzógomb gömbfejű 90°-os M8x1.25mm	https://www.haberkorn.com/dam/510x510/0000F5DA.jpg	
G-M8X1 90° GÖMBFEJŰ MENETES	Zsírzógomb gömbfejű 90°-os M8x1mm	https://www.haberkorn.com/dam/510x510/0000F5DA.jpg	
G-G1/4 GÖMBFEJŰ MENETES	Zsírzógomb gömbfejű egyenes G1/4 (13.157x1.337mm)	https://www.haberkorn.com/dam/510x510/0000F5E8.jpg	
G-G1/8 GÖMBFEJŰ MENETES	Zsírzógomb gömbfejű egyenes G1/8 (9.728x0.907mm)	https://www.haberkorn.com/dam/510x510/0000F5E8.jpg	
G-G3/8 GÖMBFEJŰ MENETES	Zsírzógomb gömbfejű egyenes G3/8 (16.662x1.337mm)	https://www.haberkorn.com/dam/510x510/0000F5E8.jpg	
G-MK10X1.5 GÖMBFEJŰ MENETES	Zsírzógomb gömbfejű egyenes kúpos menet MK10x1.5mm	https://www.haberkorn.com/dam/510x510/0000F5E8.jpg	
G-MK10X1 GÖMBFEJŰ MENETES	Zsírzógomb gömbfejű egyenes kúpos menet MK10x1mm	https://www.haberkorn.com/dam/510x510/0000F5E8.jpg	
G-MK12X1.5 GÖMBFEJŰ MENETES	Zsírzógomb gömbfejű egyenes kúpos menet MK12x1.5mm	https://www.haberkorn.com/dam/510x510/0000F5E8.jpg	
G-MK14X1.5 GÖMBFEJŰ MENETES	Zsírzógomb gömbfejű egyenes kúpos menet MK14x1.5mm	https://www.haberkorn.com/dam/510x510/0000F5E8.jpg	
G-MK5X0.8 GÖMBFEJŰ MENETES	Zsírzógomb gömbfejű egyenes kúpos menet MK5x0.8mm	https://www.haberkorn.com/dam/510x510/0000F5E8.jpg	
G-MK6X1 GÖMBFEJŰ MENETES	Zsírzógomb gömbfejű egyenes kúpos menet MK6x1mm	https://www.haberkorn.com/dam/510x510/0000F5E8.jpg	
G-MK7X1 45° GÖMBFEJŰ MENETES	Zsírzógomb gömbfejű 45°-os kúpos menet MK7x1mm	https://www.haberkorn.com/dam/510x510/0000F5D9.jpg	
G-MK8X1.25 GÖMBFEJŰ MENETES	Zsírzógomb gömbfejű egyenes kúpos menet MK8x1.25mm	https://www.haberkorn.com/dam/510x510/0000F5E8.jpg	
G-MK8X1 GÖMBFEJŰ MENETES	Zsírzógomb gömbfejű egyenes kúpos menet MK8x1mm	https://www.haberkorn.com/dam/510x510/0000F5E8.jpg	
G-MK8X1 GÖMBFEJŰ MENETES A2	Zsírzógomb gömbfejű egyenes kúpos menet MK8x1mm RM	https://www.haberkorn.com/dam/510x510/0000F5E8.jpg	
G-MK10X1.25 GÖMBFEJŰ MENETES	Zsírzógomb gömbfejű egyenes kúposmenet MK10x1.25mm	https://www.haberkorn.com/dam/510x510/0000F5E8.jpg	
G-M1/4 GÖMBFEJŰ MENETES	Zsírzógomb gömbfejű egyenes M1/4 (6.35x1.27mm)	https://www.haberkorn.com/dam/510x510/0000F5E8.jpg	
G-M10X1.5 GÖMBFEJŰ MENETES	Zsírzógomb gömbfejű egyenes M10x1,5mm	https://www.haberkorn.com/dam/510x510/0000F5E8.jpg	
G-M10X1 GÖMBFEJŰ MENETES	Zsírzógomb gömbfejű egyenes M10x1mm	https://www.haberkorn.com/dam/510x510/0000F5E8.jpg	
G-M12X1.25 GÖMBFEJŰ MENETES	Zsírzógomb gömbfejű egyenes M12x1.25mm	https://www.haberkorn.com/dam/510x510/0000F5E8.jpg	
G-M12X1.5 45° GÖMBFEJŰ MENETES	Zsírzógomb gömbfejű egyenes M12x1.5mm	https://www.haberkorn.com/dam/510x510/0000F5D9.jpg	
G-M12X1 GÖMBFEJŰ MENETES	Zsírzógomb gömbfejű egyenes M12x1mm	https://www.haberkorn.com/dam/510x510/0000F5E8.jpg	
G-M5X0.8 GÖMBFEJŰ MENETES	Zsírzógomb gömbfejű egyenes M5x0.8mm	https://www.haberkorn.com/dam/510x510/0000F5E8.jpg	
G-M6X0.75 GÖMBFEJŰ MENETES	Zsírzógomb gömbfejű egyenes M6x0,75mm	https://www.haberkorn.com/dam/510x510/0000F5E8.jpg	
G-M6X1 GÖMBFEJŰ MENETES	Zsírzógomb gömbfejű egyenes M6x1mm	https://www.haberkorn.com/dam/510x510/0000F5E8.jpg	
G-M6X1 GÖMBFEJŰ MENETES A2	Zsírzógomb gömbfejű egyenes M6x1mm ROZSDAMENTES	https://www.haberkorn.com/dam/510x510/0000F5E8.jpg	
G-M6X1 GÖMBFEJŰ MENETES A4	Zsírzógomb gömbfejű egyenes M6x1mm SAVÁLLÓ	https://www.haberkorn.com/dam/510x510/0000F5E8.jpg	
G-M7X1 GÖMBFEJŰ MENETES	Zsírzógomb gömbfejű egyenes M7x1mm	https://www.haberkorn.com/dam/510x510/0000F5E8.jpg	
G-M8X1.25 GÖMBFEJŰ MENETES	Zsírzógomb gömbfejű egyenes M8x1.25mm	https://www.haberkorn.com/dam/510x510/0000F5E8.jpg	
G-M8X1 GÖMBFEJŰ MENETES	Zsírzógomb gömbfejű egyenes M8x1mm	https://www.haberkorn.com/dam/510x510/0000F5E8.jpg	
G-M10 TÖLCSÉRES BEÜTŐS	Zsírzógomb tölcséres beütős D=10mm	https://www.haberkorn.com/dam/510x510/0000F5E8.jpg	
G-G1/4 TÖLCSÉRES MENETES	Zsírzógomb tölcséres egyenes G1/4 (13.157x1.337mm)	https://www.haberkorn.com/dam/510x510/0000F876.jpg	
G-M10X1 TÖLCSÉRES MENETES	Zsírzógomb tölcséres egyenes M10x1mm	https://www.haberkorn.com/dam/510x510/0000F876.jpg	
G-M6X1 TÖLCSÉRES MENETES	Zsírzógomb tölcséres egyenes M6x1mm	https://www.haberkorn.com/dam/510x510/0000F876.jpg	
G-M8X1 TÖLCSÉRES MENETES	Zsírzógomb gömbfejű egyenes M8x1mm	https://www.haberkorn.com/dam/510x510/0000F876.jpg	
V-M6X0.75 VEZETŐGYŰRŰS D=10MM	Zsírzógomb vezetőgyűrűs D=10mm M6x0,75mm	https://www.haberkorn.com/dam/510x510/0000F5D8.jpg	
V-M6X1 VEZETŐGYŰRŰS D=10MM	Zsírzógomb vezetőgyűrűs D=10mm M6x1mm	https://www.haberkorn.com/dam/510x510/0000F5D8.jpg	
V-G1/4 VEZETŐGYŰRŰS D=16MM	Zsírzógomb vezetőgyűrűs D=16mm G1/4 13.157x1.337mm	https://www.haberkorn.com/dam/510x510/0000F5D8.jpg	
V-G1/8 VEZETŐGYŰRŰS D=16MM	Zsírzógomb vezetőgyűrűs D=16mm G1/8 9.728x0.907mm	https://www.haberkorn.com/dam/510x510/0000F5D8.jpg	
V-M10X1.5 VEZETŐGYŰRŰS D=16MM	Zsírzógomb vezetőgyűrűs D=16mm M10x1.5mm	https://www.haberkorn.com/dam/510x510/0000F5D8.jpg	
V-M10X1 VEZETŐGYŰRŰS D=16MM	Zsírzógomb vezetőgyűrűs D=16mm M10x1mm	https://www.haberkorn.com/dam/510x510/0000F5D8.jpg	
V-M12X1.5 VEZETŐGYŰRŰS D=16MM	Zsírzógomb vezetőgyűrűs D=16mm M12x1.5mm	https://www.haberkorn.com/dam/510x510/0000F5D8.jpg	
V-M12X1.75 VEZETŐGYŰRŰS D=16MM	Zsírzógomb vezetőgyűrűs D=16mm M12x1.75mm	https://www.haberkorn.com/dam/510x510/0000F5D8.jpg	
V-M14X1.5 VEZETŐGYŰRŰS D=16MM	Zsírzógomb vezetőgyűrűs D=16mm M14x1.5mm	https://www.haberkorn.com/dam/510x510/0000F5D8.jpg	
V-M8X1 VEZETŐGYŰRŰS D=16MM	Zsírzógomb vezetőgyűrűs D=16mm M8x1mm	https://www.haberkorn.com/dam/510x510/0000F5D8.jpg	
V-G1/4 VEZETŐGYŰRŰS D=22MM	Zsírzógomb vezetőgyűrűs D=22mm G1/4 13.157x1.337mm	https://www.haberkorn.com/dam/510x510/0000F5D8.jpg	
V-M14X1.5 VEZETŐGYŰRŰS D=22MM	Zsírzógomb vezetőgyűrűs D=22mm M14x1.5mm	https://www.haberkorn.com/dam/510x510/0000F5D8.jpg	
V-M16X1.5 VEZETŐGYŰRŰS D=22MM	Zsírzógomb vezetőgyűrűs D=22mm M16x1.5mm	https://www.haberkorn.com/dam/510x510/0000F5D8.jpg	
1077600-1 A_Z	Zsírzószárhoz 4 pofás zsírzófej	https://www.haberkorn.com/dam/510x510/02FB9B0A.jpg	
ZSIRZOSZ.	Zsírzószelence / staufer zsírzó / zsírzópatron	https://zolvik.hu/kep-termek/zsirzoszelence.jpg	
LOC 221	LOCTITE kis szilárdságú menetrögzítő, 221	https://dm.henkel-dam.com/is/image/henkel/loctite_221_135331_threadlocker_50ml?wid=1024&fmt=webp&qlt=60&fit=hfit%2C1	https://dm.henkel-dam.com/is/image/henkel/Threadlocker?wid=1024&fmt=webp&qlt=60&fit=hfit%2C1
LOC 222	LOCTITE kis szilárdságú menetrögzítő, 222	https://dm.henkel-dam.com/is/image/henkel/packshot_INDV_Loctite_222_267358_threadlocker_10ml_EMEA?wid=1024&fmt=webp&qlt=60&fit=hfit%2C1	https://dm.henkel-dam.com/is/image/henkel/Threadlocker?wid=1024&fmt=webp&qlt=60&fit=hfit%2C1
LOC 2400	LOCTITE közepes szilárdságú menetrögzítő, 2400	https://dm.henkel-dam.com/is/image/henkel/Loctite_2400_1947402_Threadlocker_50ml_EMEA-1?wid=1024&fmt=webp&qlt=60&fit=hfit%2C1	https://dm.henkel-dam.com/is/image/henkel/Threadlocker?wid=1024&fmt=webp&qlt=60&fit=hfit%2C1
LOC 241	LOCTITE közepes szilárdságú menetrögzítő, 241	https://dm.henkel-dam.com/is/image/henkel/LOCTITE_241_195767_threadlocker_250ml_EMEA?wid=1024&fmt=webp&qlt=60&fit=hfit%2C1	https://dm.henkel-dam.com/is/image/henkel/Threadlocker?wid=1024&fmt=webp&qlt=60&fit=hfit%2C1
LOC 242	LOCTITE közepes szilárdságú menetrögzítő, 242	https://dm.henkel-dam.com/is/image/henkel/loctite-242-threadlocker-250ml-bottle-149325-front?wid=1024&fmt=webp&qlt=60&fit=hfit%2C1	https://dm.henkel-dam.com/is/image/henkel/Threadlocker?wid=1024&fmt=webp&qlt=60&fit=hfit%2C1
LOC 243	LOCTITE közepes szilárdságú menetrögzítő, 243	https://dm.henkel-dam.com/is/image/henkel/Loctite_243_1370555_5ml_carded?wid=1024&fmt=webp&qlt=60&fit=hfit%2C1	https://dm.henkel-dam.com/is/image/henkel/Threadlocker?wid=1024&fmt=webp&qlt=60&fit=hfit%2C1
LOC 245	LOCTITE közepes szilárdságú menetrögzítő, 245	https://dm.henkel-dam.com/is/image/henkel/loctite_245_231549_tottle_250ml_front?wid=1024&fmt=webp&qlt=60&fit=hfit%2C1	https://dm.henkel-dam.com/is/image/henkel/Threadlocker?wid=1024&fmt=webp&qlt=60&fit=hfit%2C1
LOC 248	LOCTITE közepes szilárdságú menetrögzítő STIFT	https://dm.henkel-dam.com/is/image/henkel/573-Loctite_248_1714937_blue_threadlocker_19g_EMEA?wid=1024&fmt=webp&qlt=60&fit=hfit%2C1	https://dm.henkel-dam.com/is/image/henkel/Threadlocker?wid=1024&fmt=webp&qlt=60&fit=hfit%2C1
LOC 262	LOCTITE nagy szilárdságú menetrögzítő, 262	https://dm.henkel-dam.com/is/image/henkel/loctite_262_135376_threadlocker_50ml?wid=1024&fmt=webp&qlt=60&fit=hfit%2C1	https://dm.henkel-dam.com/is/image/henkel/Threadlocker?wid=1024&fmt=webp&qlt=60&fit=hfit%2C1
LOC 268	LOCTITE nagy szilárdságú menetrögzítő STIFT	https://dm.henkel-dam.com/is/image/henkel/Loctite_268_1709314_tl_19g_EMEA?wid=1024&fmt=webp&qlt=60&fit=hfit%2C1	https://dm.henkel-dam.com/is/image/henkel/Threadlocker?wid=1024&fmt=webp&qlt=60&fit=hfit%2C1
LOC 270	LOCTITE nagy szilárdságú menetrögzítő, 270	https://dm.henkel-dam.com/is/image/henkel/Loctite_270_1335906_threadlocker_250ml_EMEA-1?wid=1024&fmt=webp&qlt=60&fit=hfit%2C1	https://dm.henkel-dam.com/is/image/henkel/Threadlocker?wid=1024&fmt=webp&qlt=60&fit=hfit%2C1
LOC 2700	LOCTITE nagy szilárdságú menetrögzítő, 2700	https://dm.henkel-dam.com/is/image/henkel/Loctite_2700_1948763_Threadlocker_50ml_EMEA-1?wid=1024&fmt=webp&qlt=60&fit=hfit%2C1	https://dm.henkel-dam.com/is/image/henkel/Threadlocker?wid=1024&fmt=webp&qlt=60&fit=hfit%2C1
LOC 2701	LOCTITE nagy szilárdságú menetrögzítő, 2701	https://dm.henkel-dam.com/is/image/henkel/loctite-2701-threadlocker-250ml-bottle-1521483-front?wid=1024&fmt=webp&qlt=60&fit=hfit%2C1	https://dm.henkel-dam.com/is/image/henkel/Threadlocker?wid=1024&fmt=webp&qlt=60&fit=hfit%2C1
LOC 271	LOCTITE nagy szilárdságú menetrögzítő, 271	https://dm.henkel-dam.com/is/image/henkel/loctite-271-threadlocker-50ml-bottle-149333-front?wid=1024&fmt=webp&qlt=60&fit=hfit%2C1	https://dm.henkel-dam.com/is/image/henkel/Threadlocker?wid=1024&fmt=webp&qlt=60&fit=hfit%2C1
LOC 272	LOCTITE nagy szilárdságú menetrögzítő, 272	https://dm.henkel-dam.com/is/image/henkel/Loctite_272_1008095_Threadlocker_50ml?wid=1024&fmt=webp&qlt=60&fit=hfit%2C1	https://dm.henkel-dam.com/is/image/henkel/Threadlocker?wid=1024&fmt=webp&qlt=60&fit=hfit%2C1
LOC 275	LOCTITE nagy szilárdságú menetrögzítő, 275	https://dm.henkel-dam.com/is/image/henkel/Loctite_275_231551_threadlocker_50ml?wid=1024&fmt=webp&qlt=60&fit=hfit%2C1	https://dm.henkel-dam.com/is/image/henkel/Threadlocker?wid=1024&fmt=webp&qlt=60&fit=hfit%2C1
LOC 276	LOCTITE nagyon nagy szilárdságú menetrögzítő	https://dm.henkel-dam.com/is/image/henkel/Loctite_276_1266117_Threadlocker_50ml?wid=1024&fmt=webp&qlt=60&fit=hfit%2C1	https://dm.henkel-dam.com/is/image/henkel/Threadlocker?wid=1024&fmt=webp&qlt=60&fit=hfit%2C1
LOC 278	LOCTITE nagy szilárdságú menetrögzítő, 278	https://dm.henkel-dam.com/is/image/henkel/loctite-278-threadlocker-250ml-bottle-1521320-front?wid=1024&fmt=webp&qlt=60&fit=hfit%2C1	https://dm.henkel-dam.com/is/image/henkel/Threadlocker?wid=1024&fmt=webp&qlt=60&fit=hfit%2C1
LOC 290	LOCTITE közepes szilárdságú menetrögzítő, 290	https://dm.henkel-dam.com/is/image/henkel/LOCTITE_290_233758_threadlocker_250ml_EMEA?wid=1024&fmt=webp&qlt=60&fit=hfit%2C1	https://dm.henkel-dam.com/is/image/henkel/Threadlocker?wid=1024&fmt=webp&qlt=60&fit=hfit%2C1
LOC 3090	LOCTITE 2K általános gél pillanatragasztó	https://dm.henkel-dam.com/is/image/henkel/Loctite_3090_11g_Cartridge_1379599_Box_Front?wid=768&fmt=webp&qlt=60&fit=hfit%2C1	
LOC 326	LOCTITE nagy nyírószilárdságú gyors fém-fém rag.	https://dm.henkel-dam.com/is/image/henkel/Loctite_AA_326_232688_adhesive_50ml_EMEA-2?wid=1024&fmt=webp&qlt=60&fit=hfit%2C1	
LOC 3421	LOCTITE 2K nagy szilárdságú epoxi		
LOC 3422	LOCTITE 2K nagy szilárdságú folyékony epoxi		
LOC 3430	LOCTITE 2K epoxi rosszul illeszkedő felületekhez	https://dm.henkel-dam.com/is/image/henkel/loctite_ea_3430_242865_twin_syringe_24ml_front?wid=1024&fmt=webp&qlt=60&fit=hfit%2C1	
LOC 3450	LOCTITE 2K általános gyorsan kötő fém-fém epoxi	https://dm.henkel-dam.com/is/image/henkel/loctite_ea_3450_1885778_twin_syringe_25ml_front?wid=1024&fmt=webp&qlt=60&fit=hfit%2C1	
LOC 3455	LOCTITE 2K nagy szilárdságú fém-fém epoxi	https://dm.henkel-dam.com/is/image/henkel/Loctite_EA_3455_231536_Epoxy_24ml_syringe?wid=1024&fmt=webp&qlt=60&fit=hfit%2C1	
LOC 3463	LOCTITE 2K acéltöltésű gyúrható epoxi	https://dm.henkel-dam.com/is/image/henkel/packshot_INDV_Loctite_EA_3463_265628_compund_128g_10_2019?wid=1024&fmt=webp&qlt=60&fit=hfit%2C1	
LOC 3471	LOCTITE 2K acéltöltésű nem ereszkedő javító gitt	https://dm.henkel-dam.com/is/image/henkel/212-lOCTITE_ea_3471_KIT_229176_EPOXY_ADHESIVE_500g_EMEA?wid=1024&fmt=webp&qlt=60&fit=hfit%2C1	
LOC 3472	LOCTITE 2K acéltöltésű önthető ragasztó	https://dm.henkel-dam.com/is/image/henkel/LOCTITE_EA_3472_500G_229175_ACM_Front?wid=1024&fmt=webp&qlt=60&fit=hfit%2C1	
LOC 3474	LOCTITE 2K ásványi anyaggal töltött epoxi ragasztó	https://dm.henkel-dam.com/is/image/henkel/fallback_product_image?wid=1024&fmt=webp&qlt=60&fit=hfit%2C1	
LOC 3475	LOCTITE 2K alumínium töltésű javító gitt	https://dm.henkel-dam.com/is/image/henkel/553-lOCTITE_ea_3475_KIT_229173_EPOXY_ADHESIVE_500g_EMEA?wid=1024&fmt=webp&qlt=60&fit=hfit%2C1	
LOC 3478	LOCTITE 2K ferroszilícium töltésű epoxigyanta	https://dm.henkel-dam.com/is/image/henkel/fallback_product_image?wid=1024&fmt=webp&qlt=60&fit=hfit%2C1	
LOC 3479	LOCTITE 2K alumínium töltésű epoxy	https://dm.henkel-dam.com/is/image/henkel/100-lOCTITE_ea_3479_KIT_195826_EPOXY_ADHESIVE_500g_EMEA?wid=1024&fmt=webp&qlt=60&fit=hfit%2C1	
LOC 349	LOCTITE UV-fényre kötő üveg-üveg üveg-fém ragasztó	https://dm.henkel-dam.com/is/image/henkel/Loctite_AA_349_34931_88489_LC_adhesive_50ml_NA?wid=1024&fmt=webp&qlt=60&fit=hfit%2C1	
LOC 350	LOCTITE UV-fényre kötő üveg és fém ragasztó	https://dm.henkel-dam.com/is/image/henkel/Loctite_AA_350_adhesive_564003_50ml_bottle_front?wid=600	
LOC 3863	LOCTITE hátsó ablakmelegítő javító		
LOC 3921	LOCTITE UV-fényre kötő műanyag ragasztó	https://dm.henkel-dam.com/is/image/henkel/loctite_aa_3921_1169676_syringe_25ml_front?wid=1024&fmt=webp&qlt=60&fit=hfit%2C1	
LOC 3926	LOCTITE UV-fényre kötő orvostechnikai ragasztó	https://dm.henkel-dam.com/is/image/henkel/LOCTITE_AA_3926_1L_1170627_Front-WE?wid=1024&fmt=webp&qlt=60&fit=hfit%2C1	
LOC 401	LOCTITE általános pillanatragasztó, 401	https://dm.henkel-dam.com/is/image/henkel/LOCTITE_401_20g_1922764_Front_noHQ?wid=1024&fmt=webp&qlt=60&fit=hfit%2C1	
LOC 402	LOCTITE általános pillanatragasztó, 402	https://dm.henkel-dam.com/is/image/henkel/packshot_LOCTITE_402_instant_adhesive_DE_20g_2714621?wid=1024&fmt=webp&qlt=60&fit=hfit%2C1	
LOC 403	LOCTITE általános pillanatragasztó, 403	https://dm.henkel-dam.com/is/image/henkel/LOCTITE_403_50G_88227_Front-WE?wid=1024&fmt=webp&qlt=60&fit=hfit%2C1	
LOC 4031	LOCTITE általános pillanatragasztó, 4031	https://dm.henkel-dam.com/is/image/henkel/Loctite_4031_18683_229805_CA_adhesive_1lb?wid=1024&fmt=webp&qlt=60&fit=hfit%2C1	
LOC 406	LOCTITE gumi, műanyag, O-gyűrű pillanatragasztó	https://dm.henkel-dam.com/is/image/henkel/LOCTITE_406_20g_1922763_Front_noHQ?wid=1024&fmt=webp&qlt=60&fit=hfit%2C1	
LOC 4070	LOCTITE 2K gyorsan kötő hibrid ragasztó, 4070	https://dm.henkel-dam.com/is/image/henkel/Loctite_HY_4070_Universal_Bonder_11g_Cartridge_2237457_Front?wid=1024&fmt=webp&qlt=60&fit=hfit%2C1	
LOC 408	LOCTITE alacsony kifehéredésű pillanatragasztó 408	https://dm.henkel-dam.com/is/image/henkel/loctite_408_20g_bottle_1919333_front?wid=1024&fmt=webp&qlt=60&fit=hfit%2C1	
LOC 4080	LOCTITE 2K gyorsan kötő hibrid ragasztó, 4080	https://dm.henkel-dam.com/is/image/henkel/loctite_hy_4080_2155333_cartridge_400ml_front?wid=1024&fmt=webp&qlt=60&fit=hfit%2C1	
LOC 4090	LOCTITE 2K gyorsan kötő hibrid ragasztó, 4090	https://dm.henkel-dam.com/is/image/henkel/515-Loctite_HY_4090_GY_2151898_structural_instant_adhesive_50ml_EMEA-1?wid=1024&fmt=webp&qlt=60&fit=hfit%2C1	
LOC 414	LOCTITE műanyag pillanatragasztó, 414	https://dm.henkel-dam.com/is/image/henkel/LOCTITE_414_500G_142587_Front-WE?wid=1024&fmt=webp&qlt=60&fit=hfit%2C1	
LOC 415	LOCTITE fém pillanatragasztó, 415	https://dm.henkel-dam.com/is/image/henkel/loctite-415-instant-adhesive-20g-1920920-front?wid=1024&fmt=webp&qlt=60&fit=hfit%2C1	
LOC 4204	LOCTITE ütésálló pillanatragasztó, 4204	https://dm.henkel-dam.com/is/image/henkel/Loctite_4204_142764_instant_adhesive_20g_EMEA-1?wid=1024&fmt=webp&qlt=60&fit=hfit%2C1	
LOC 422	LOCTITE műanyag pillanatragasztó, 422	https://dm.henkel-dam.com/is/image/henkel/DSGN0033370_LOCTITE-422_232673_FRONT?wid=1024&fmt=webp&qlt=60&fit=hfit%2C1	
LOC 424	LOCTITE oldószermentes pillanatragasztó, 424	https://dm.henkel-dam.com/is/image/henkel/LOCTITE_424_500G_142596_Front-WE?wid=1024&fmt=webp&qlt=60&fit=hfit%2C1	
LOC 431	LOCTITE gumi, műanyag pillanatragasztó, 431	https://dm.henkel-dam.com/is/image/henkel/LOCTITE-431-instant-adhesive-500g-195693-front?wid=1024&fmt=webp&qlt=60&fit=hfit%2C1	
LOC 435	LOCTITE átlátszó pillanatragasztó, 435	https://dm.henkel-dam.com/is/image/henkel/Loctite_435_871787_instant_20g_EMEA?wid=1024&fmt=webp&qlt=60&fit=hfit%2C1	
LOC 438	LOCTITE fekete pillanatragasztó rugalmas anyaghoz	https://dm.henkel-dam.com/is/image/henkel/loctite-438-instant-adhesive-871819-20g-bottle-front?wid=1024&fmt=webp&qlt=60&fit=hfit%2C1	
LOC 454	LOCTITE általános gél pillanatragasztó, 454	https://dm.henkel-dam.com/is/image/henkel/Loctite_454_195678_instant_adhesive_20g_EMEA-2?wid=1024&fmt=webp&qlt=60&fit=hfit%2C1	
LOC 460	LOCTITE alacsony kifehéredésű pillanatragasztó 460	https://dm.henkel-dam.com/is/image/henkel/Loctite-460-20g-bottle-multiple-IDH-front?wid=1024&fmt=webp&qlt=60&fit=hfit%2C1	
LOC 480	LOCTITE gumival megerősített pillanatragasztó, 480	https://dm.henkel-dam.com/is/image/henkel/Loctite_480_135250_instant_20g_EMEA-1?wid=1024&fmt=webp&qlt=60&fit=hfit%2C1	
LOC 4850	LOCTITE rugalmas pillanatragasztó, 4850	https://dm.henkel-dam.com/is/image/henkel/loctite_4850_20g_bottle_1920907_front?wid=1024&fmt=webp&qlt=60&fit=hfit%2C1	
LOC 4860	LOCTITE rugalmas pillanatragasztó, 4860	https://dm.henkel-dam.com/is/image/henkel/loctite-4860-instant-adhesive-20g-bottle-1920906-front?wid=1024&fmt=webp&qlt=60&fit=hfit%2C1	
LOC 493	LOCTITE fém pillanatragasztó, 493		
LOC 495	LOCTITE átlátszó pillanatragasztó, 495	https://dm.henkel-dam.com/is/image/henkel/loctite-495-500g-bottle-142602-front?wid=1024&fmt=webp&qlt=60&fit=hfit%2C1	
LOC 496	LOCTITE fém pillanatragasztó, 496	https://dm.henkel-dam.com/is/image/henkel/loctite_496_instant_adhesive_500g_bottle_142606_front?wid=1024&fmt=webp&qlt=60&fit=hfit%2C1	
LOC 5070	LOCTITE gyorsan kötő csőjavító ragasztó 50mmX1.8mm	https://dm.henkel-dam.com/is/image/henkel/packshot_INDV_Loctite_PC_5070_255861_pipe_repair_kit_12_2019?wid=1024&fmt=webp&qlt=60&fit=hfit%2C1	https://dm.henkel-dam.com/is/image/henkel/Liquid-Thread-Sealing-ribbon-feeling_Master-illustration?wid=1024&fmt=webp&qlt=60&fit=hfit%2C1
LOC 5075	LOCTITE önhegedő szilikongumigumi szalag (4,27m)	https://dm.henkel-dam.com/is/image/henkel/Loctite_BX3_SI5075_Isolier_25mmx427cm_ALL_ALL_P121158?wid=1024&fmt=webp&qlt=60&fit=hfit%2C1	https://dm.henkel-dam.com/is/image/henkel/Liquid-Thread-Sealing-ribbon-feeling_Master-illustration?wid=1024&fmt=webp&qlt=60&fit=hfit%2C1
LOC 5080	LOCTITE nagy szilárdságú 3 rétegű ragasztószalag	https://dm.henkel-dam.com/is/image/henkel/TEROSON-VR-5080---50mm-x-25mm-tape-IDH-801959?wid=600	https://dm.henkel-dam.com/is/image/henkel/Teroson_FS29_VR5080_FixundRepair_50m_ALL_P109916?wid=600
LOC 5085	LOCTITE kompozit, gyantával kombinált szövetszalag	https://dm.henkel-dam.com/is/image/henkel/packshot_INDV_Loctite_PC_5085_2122804_tape_12_2019?wid=1024&fmt=webp&qlt=60&fit=hfit%2C1	https://dm.henkel-dam.com/is/image/henkel/Pipe-sealing-large3?wid=1024&fmt=webp&qlt=60&fit=hfit%2C1
LOC 510	LOCTITE vegyszerálló felülettömítő 204°C-ig	https://dm.henkel-dam.com/is/image/henkel/Loctite_510_237296_front_flange_sealant_50ml_V02_2409?wid=1024&fmt=webp&qlt=60&fit=hfit%2C1	https://dm.henkel-dam.com/is/image/henkel/Liquid-Thread-Sealing-ribbon-feeling_Master-illustration?wid=1024&fmt=webp&qlt=60&fit=hfit%2C1
LOC 511	LOCTITE kis szilárdságú menettömítő, 511	https://dm.henkel-dam.com/is/image/henkel/LOCTITE-511-50ml-IDH-230645?wid=1024&fmt=webp&qlt=60&fit=hfit%2C1	https://dm.henkel-dam.com/is/image/henkel/Liquid-Thread-Sealing-ribbon-feeling_Master-illustration?wid=1024&fmt=webp&qlt=60&fit=hfit%2C1
LOC 5130	LOCTITE felülettömítő szilikon paszta, 5130	https://dm.henkel-dam.com/is/image/henkel/LOCTITE-SI-5130-310ml?wid=1024&fmt=webp&qlt=60&fit=hfit%2C1	https://dm.henkel-dam.com/is/image/henkel/Liquid-Thread-Sealing-ribbon-feeling_Master-illustration?wid=1024&fmt=webp&qlt=60&fit=hfit%2C1
LOC 518	LOCTITE félrugalmas felülettömítő 0,25mm-ig	https://dm.henkel-dam.com/is/image/henkel/loctite_518_2069176_standard_cartridge_50ml_front?wid=1024&fmt=webp&qlt=60&fit=hfit%2C1	https://dm.henkel-dam.com/is/image/henkel/Liquid-Thread-Sealing-ribbon-feeling_Master-illustration?wid=1024&fmt=webp&qlt=60&fit=hfit%2C1
LOC 5188	LOCTITE rendkívül rugalmas felülettömítő, 5188	https://dm.henkel-dam.com/is/image/henkel/Loctite_5188_1254415_front_flange_sealant_50ml?wid=1024&fmt=webp&qlt=60&fit=hfit%2C1	https://dm.henkel-dam.com/is/image/henkel/Liquid-Thread-Sealing-ribbon-feeling_Master-illustration?wid=1024&fmt=webp&qlt=60&fit=hfit%2C1
LOC 5331	LOCTITE általános menettömítő ivóvízhez, 5331	https://dm.henkel-dam.com/is/image/henkel/Loctite_SI_5331_2061031_threadsealant_100ml_emea?wid=1024&fmt=webp&qlt=60&fit=hfit%2C1	https://dm.henkel-dam.com/is/image/henkel/Liquid-Thread-Sealing-ribbon-feeling_Master-illustration?wid=1024&fmt=webp&qlt=60&fit=hfit%2C1
LOC 5400	LOCTITE közepes szilárdságú menettömítő, 5400	https://dm.henkel-dam.com/is/image/henkel/Packshot_LOCTITE_5400_50ml_V01_2409?wid=1024&fmt=webp&qlt=60&fit=hfit%2C1	https://dm.henkel-dam.com/is/image/henkel/Liquid-Thread-Sealing-ribbon-feeling_Master-illustration?wid=1024&fmt=webp&qlt=60&fit=hfit%2C1
LOC 542	LOCTITE gyorsan kötő hidraulika menettömítő, 542	https://dm.henkel-dam.com/is/image/henkel/loctite-542-thread-sealant-50ml-bottle-1516157-front?wid=1024&fmt=webp&qlt=60&fit=hfit%2C1	https://dm.henkel-dam.com/is/image/henkel/Liquid-Thread-Sealing-ribbon-feeling_Master-illustration?wid=1024&fmt=webp&qlt=60&fit=hfit%2C1
LOC 55	LOCTITE menettömítő zsinór (50m)	https://dm.henkel-dam.com/is/image/henkel/5010266373720_LOCTITE_55_TUB_24X50M_492004_back-UK?wid=600	https://dm.henkel-dam.com/is/image/henkel/Liquid-Thread-Sealing-ribbon-feeling_Master-illustration?wid=1024&fmt=webp&qlt=60&fit=hfit%2C1
LOC 55-HU	LOCTITE menettömítő zsinór (160m)	https://dm.henkel-dam.com/is/image/henkel/loctite_55_2957215_tub_160m_front?wid=1024&fmt=webp&qlt=60&fit=hfit%2C1	https://dm.henkel-dam.com/is/image/henkel/Liquid-Thread-Sealing-ribbon-feeling_Master-illustration?wid=1024&fmt=webp&qlt=60&fit=hfit%2C1
LOC 5615	LOCTITE 2K gyorsan kötő szilikonpaszta felülettöm.	https://dm.henkel-dam.com/is/image/henkel/loctite_si_5615_400ml_cartridge_2056422_front?wid=1024&fmt=webp&qlt=60&fit=hfit%2C1	https://dm.henkel-dam.com/is/image/henkel/Liquid-Thread-Sealing-ribbon-feeling_Master-illustration?wid=1024&fmt=webp&qlt=60&fit=hfit%2C1
LOC 5660	LOCTITE szilikon felülettömítő, szürke, 5660	https://dm.henkel-dam.com/is/image/henkel/loctite-si-5660-100ml-can-2326228-front?wid=1024&fmt=webp&qlt=60&fit=hfit%2C1	https://dm.henkel-dam.com/is/image/henkel/Liquid-Thread-Sealing-ribbon-feeling_Master-illustration?wid=1024&fmt=webp&qlt=60&fit=hfit%2C1
LOC 567	LOCTITE menettömítő kisnyomású tömítéshez, 567	https://dm.henkel-dam.com/is/image/henkel/Loctite_567_2087070_50ml_tube?wid=1024&fmt=webp&qlt=60&fit=hfit%2C1	https://dm.henkel-dam.com/is/image/henkel/Liquid-Thread-Sealing-ribbon-feeling_Master-illustration?wid=1024&fmt=webp&qlt=60&fit=hfit%2C1
LOC 5699	LOCTITE szilikon felülettömítő, szürke, 5699	https://dm.henkel-dam.com/is/image/henkel/packshot_indv_Loctite_SI_5699_2061026_flange_sealant_3000ml_08_2019-2?wid=1024&fmt=webp&qlt=60&fit=hfit%2C1	https://dm.henkel-dam.com/is/image/henkel/Liquid-Thread-Sealing-ribbon-feeling_Master-illustration?wid=1024&fmt=webp&qlt=60&fit=hfit%2C1
LOC 572	LOCTITE kis szilárdságú lassú kötésű menettömítő	https://dm.henkel-dam.com/is/image/henkel/loctite_572_142611_tottle_50ml_front?wid=1024&fmt=webp&qlt=60&fit=hfit%2C1	https://dm.henkel-dam.com/is/image/henkel/Liquid-Thread-Sealing-ribbon-feeling_Master-illustration?wid=1024&fmt=webp&qlt=60&fit=hfit%2C1
LOC 573	LOCTITE közepes szilárdságú lassú kötésű menettöm.	https://dm.henkel-dam.com/is/image/henkel/Loctite_573_142613_front_flange_sealant_50ml_EMEA?wid=1024&fmt=webp&qlt=60&fit=hfit%2C1	https://dm.henkel-dam.com/is/image/henkel/Liquid-Thread-Sealing-ribbon-feeling_Master-illustration?wid=1024&fmt=webp&qlt=60&fit=hfit%2C1
LOC 574	LOCTITE felülettömítő alacsony nyomásra, 574	https://dm.henkel-dam.com/is/image/henkel/loctite_574_234582_accordion_50ml_front?wid=1024&fmt=webp&qlt=60&fit=hfit%2C1	https://dm.henkel-dam.com/is/image/henkel/Liquid-Thread-Sealing-ribbon-feeling_Master-illustration?wid=1024&fmt=webp&qlt=60&fit=hfit%2C1
LOC 577	LOCTITE általános menettömítő, 577	https://dm.henkel-dam.com/is/image/henkel/loctite_577_2068520_accordion_50ml_front?wid=1024&fmt=webp&qlt=60&fit=hfit%2C1	https://dm.henkel-dam.com/is/image/henkel/Liquid-Thread-Sealing-ribbon-feeling_Master-illustration?wid=1024&fmt=webp&qlt=60&fit=hfit%2C1
LOC 5772	LOCTITE közepes szilárdságú menettömítő, 5772	https://dm.henkel-dam.com/is/image/henkel/Loctite_5772_182812_Thread-sealant_50ml?wid=1024&fmt=webp&qlt=60&fit=hfit%2C1	https://dm.henkel-dam.com/is/image/henkel/Liquid-Thread-Sealing-ribbon-feeling_Master-illustration?wid=1024&fmt=webp&qlt=60&fit=hfit%2C1
LOC 5800	LOCTITE közepes szilárdságú felülettömítő, 5800	https://dm.henkel-dam.com/is/image/henkel/packshot_INDV_Loctite_5800_1948758_thread_sealant_50ml_10_2019?wid=1024&fmt=webp&qlt=60&fit=hfit%2C1	https://dm.henkel-dam.com/is/image/henkel/Liquid-Thread-Sealing-ribbon-feeling_Master-illustration?wid=1024&fmt=webp&qlt=60&fit=hfit%2C1
LOC 586	LOCTITE nagy szilárdságú lassú kötésű menettömítő	https://dm.henkel-dam.com/is/image/henkel/loctite-586-thread-sealant-250ml-bottle-1521474-front?wid=1024&fmt=webp&qlt=60&fit=hfit%2C1	https://dm.henkel-dam.com/is/image/henkel/Liquid-Thread-Sealing-ribbon-feeling_Master-illustration?wid=1024&fmt=webp&qlt=60&fit=hfit%2C1
LOC 5900	LOCTITE szilikon felülettömítő, fekete 6,35mm-ig	https://dm.henkel-dam.com/is/image/henkel/packshot_INDV_Loctite_K08_SI5900_Flaechend_300ml_402g_ALL_P113226_11_2019-2?wid=1024&fmt=webp&qlt=60&fit=hfit%2C1	https://dm.henkel-dam.com/is/image/henkel/Liquid-Thread-Sealing-ribbon-feeling_Master-illustration?wid=1024&fmt=webp&qlt=60&fit=hfit%2C1
LOC 5910	LOCTITE szilikon felülettömítő, fekete, 5910	https://dm.henkel-dam.com/is/image/henkel/LOCTITE-SI-5910---80ml-tube-IDH-2061762?wid=1024&fmt=webp&qlt=60&fit=hfit%2C1	https://dm.henkel-dam.com/is/image/henkel/Liquid-Thread-Sealing-ribbon-feeling_Master-illustration?wid=1024&fmt=webp&qlt=60&fit=hfit%2C1
LOC 5920	LOCTITE szilikon felülettömítő, réz, 5920	https://dm.henkel-dam.com/is/image/henkel/Loctite_Si_5920_2061261_Flange_sealant_315ml?wid=1024&fmt=webp&qlt=60&fit=hfit%2C1	https://dm.henkel-dam.com/is/image/henkel/Liquid-Thread-Sealing-ribbon-feeling_Master-illustration?wid=1024&fmt=webp&qlt=60&fit=hfit%2C1
LOC 5921	LOCTITE gyanta bázisú felülettömítő, 5921	https://dm.henkel-dam.com/is/image/henkel/loctite_mr_5921_142272_box_200g_front?wid=600	https://dm.henkel-dam.com/is/image/henkel/Liquid-Thread-Sealing-ribbon-feeling_Master-illustration?wid=1024&fmt=webp&qlt=60&fit=hfit%2C1
LOC 5923	LOCTITE lassan száradó menettömítő folyadék		https://dm.henkel-dam.com/is/image/henkel/Liquid-Thread-Sealing-ribbon-feeling_Master-illustration?wid=1024&fmt=webp&qlt=60&fit=hfit%2C1
LOC 5926	LOCTITE szilikon felülettömítő, kék, 5926	https://dm.henkel-dam.com/is/image/henkel/Loctite_si_5926_1123350_BSG_40ml_V01_2409?wid=1024&fmt=webp&qlt=60&fit=hfit%2C1	https://dm.henkel-dam.com/is/image/henkel/Liquid-Thread-Sealing-ribbon-feeling_Master-illustration?wid=1024&fmt=webp&qlt=60&fit=hfit%2C1
LOC 5940	LOCTITE szilikon felülettömítő, fekete, 5940	https://dm.henkel-dam.com/is/image/henkel/loctite_si_5940_2064413_tube_100ml_front?wid=1024&fmt=webp&qlt=60&fit=hfit%2C1	https://dm.henkel-dam.com/is/image/henkel/Liquid-Thread-Sealing-ribbon-feeling_Master-illustration?wid=1024&fmt=webp&qlt=60&fit=hfit%2C1
LOC 595	LOCTITE szilikon felülettömítő, színtelen, 595	https://dm.henkel-dam.com/is/image/henkel/LOCTITE-SI-595_blister?wid=1024&fmt=webp&qlt=60&fit=hfit%2C1	https://dm.henkel-dam.com/is/image/henkel/Liquid-Thread-Sealing-ribbon-feeling_Master-illustration?wid=1024&fmt=webp&qlt=60&fit=hfit%2C1
LOC 5970	LOCTITE szilikon felülettömítő, fekete, 5970	https://dm.henkel-dam.com/is/image/henkel/Loctite_SI_5970_2061041_flange_sealant_300ml_EMEA-1?wid=1024&fmt=webp&qlt=60&fit=hfit%2C1	https://dm.henkel-dam.com/is/image/henkel/Liquid-Thread-Sealing-ribbon-feeling_Master-illustration?wid=1024&fmt=webp&qlt=60&fit=hfit%2C1
LOC 5972	LOCTITE gyantabázisú üzemanyagálló felülettömítő	https://dm.henkel-dam.com/is/image/henkel/Loctite-MR-5972-142273-200ml-EMEA?wid=1024&fmt=webp&qlt=60&fit=hfit%2C1	https://dm.henkel-dam.com/is/image/henkel/Liquid-Thread-Sealing-ribbon-feeling_Master-illustration?wid=1024&fmt=webp&qlt=60&fit=hfit%2C1
LOC 5980	LOCTITE alkoxi-szilikon felülettömítő, fekete 5980	https://dm.henkel-dam.com/is/image/henkel/packshot_INDV_LOCTITE_SI_5980_2327036_100ml_10_2019-1?wid=1024&fmt=webp&qlt=60&fit=hfit%2C1	https://dm.henkel-dam.com/is/image/henkel/Liquid-Thread-Sealing-ribbon-feeling_Master-illustration?wid=1024&fmt=webp&qlt=60&fit=hfit%2C1
LOC 5990	LOCTITE alkoxi-szilikon felülettömítő, fekete 5990	https://dm.henkel-dam.com/is/image/henkel/Loctite_SI_5990_100ml_bl?wid=1024&fmt=webp&qlt=60&fit=hfit%2C1	https://dm.henkel-dam.com/is/image/henkel/Liquid-Thread-Sealing-ribbon-feeling_Master-illustration?wid=1024&fmt=webp&qlt=60&fit=hfit%2C1
LOC 601	LOCTITE nagy szilárdságú csapágyrögzítő, 601	https://dm.henkel-dam.com/is/image/henkel/loctite-601-retaining-compound-50ml-bottle-1516469-front?wid=1024&fmt=webp&qlt=60&fit=hfit%2C1	https://dm.henkel-dam.com/is/image/henkel/Retaining-Compounds_female?wid=1024&fmt=webp&qlt=60&fit=hfit%2C1
LOC 603	LOCTITE nagy szilárdságú csapágyrögzítő, 603	https://dm.henkel-dam.com/is/image/henkel/loctite-603-retaining-compound-250ml-bottle-246649-front?wid=1024&fmt=webp&qlt=60&fit=hfit%2C1	https://dm.henkel-dam.com/is/image/henkel/Retaining-Compounds_female?wid=1024&fmt=webp&qlt=60&fit=hfit%2C1
LOC 620	LOCTITE nagy szilárdságú csapágyrögzítő, 620	https://dm.henkel-dam.com/is/image/henkel/packshot_INDV_Loctite_620_142466_retaining_250ml_11_2019-1?wid=1024&fmt=webp&qlt=60&fit=hfit%2C1	https://dm.henkel-dam.com/is/image/henkel/Retaining-Compounds_female?wid=1024&fmt=webp&qlt=60&fit=hfit%2C1
LOC 6300	LOCTITE nagy szilárdságú csapágyrögzítő, 6300	https://dm.henkel-dam.com/is/image/henkel/packshot_INDV_Loctite_6300_1949014_Threadlocker_50ml_10_2019_V01_2002?wid=1024&fmt=webp&qlt=60&fit=hfit%2C1	https://dm.henkel-dam.com/is/image/henkel/Retaining-Compounds_female?wid=1024&fmt=webp&qlt=60&fit=hfit%2C1
LOC 638	LOCTITE nagy szilárdságú csapágyrögzítő, 638	https://dm.henkel-dam.com/is/image/henkel/Loctite_638_1918981_retaining_10ml_EMEA-1?wid=1024&fmt=webp&qlt=60&fit=hfit%2C1	https://dm.henkel-dam.com/is/image/henkel/Retaining-Compounds_female?wid=1024&fmt=webp&qlt=60&fit=hfit%2C1
LOC 640	LOCTITE lassú kikeményedésű csapágyrögzítő	https://dm.henkel-dam.com/is/image/henkel/Loctite_640_88578_Retaining_50ml?wid=1024&fmt=webp&qlt=60&fit=hfit%2C1	https://dm.henkel-dam.com/is/image/henkel/Retaining-Compounds_female?wid=1024&fmt=webp&qlt=60&fit=hfit%2C1
LOC 641	LOCTITE könnyen szétszerelhető csapágyrögzítő	https://dm.henkel-dam.com/is/image/henkel/Loctite_641_234863_retaining_50ml_EMEA-1?wid=1024&fmt=webp&qlt=60&fit=hfit%2C1	https://dm.henkel-dam.com/is/image/henkel/Retaining-Compounds_female?wid=1024&fmt=webp&qlt=60&fit=hfit%2C1
LOC 648	LOCTITE nagy szilárdságú csapágyrögzítő, 648	https://dm.henkel-dam.com/is/image/henkel/packshot_INDV_Loctite_648_1804971_retaining_250ml_10_2019?wid=1024&fmt=webp&qlt=60&fit=hfit%2C1	https://dm.henkel-dam.com/is/image/henkel/Retaining-Compounds_female?wid=1024&fmt=webp&qlt=60&fit=hfit%2C1
LOC 660	LOCTITE nagy szilárdságú csapágyrögzítő, 660	https://dm.henkel-dam.com/is/image/henkel/loctite_660_149315_accordion_50ml_front?wid=1024&fmt=webp&qlt=60&fit=hfit%2C1	https://dm.henkel-dam.com/is/image/henkel/Retaining-Compounds_female?wid=1024&fmt=webp&qlt=60&fit=hfit%2C1
LOC 7023	LOCTITE oldószer alapú karburátor tisztító spray	https://dm.henkel-dam.com/is/image/henkel/loctite_sf_7023_1005879_aerosol_can_400ml_front?wid=1024&fmt=webp&qlt=60&fit=hfit%2C1	
LOC 7039	LOCTITE oldószer alapú kontakt tisztitó spray	https://dm.henkel-dam.com/is/image/henkel/Loctite_SF_7039_208988_cleaner_400ml?wid=1024&fmt=webp&qlt=60&fit=hfit%2C1	
LOC 7061	LOCTITE oldószer alapú aceton tisztitó spray	https://dm.henkel-dam.com/is/image/henkel/loctite_sf_7061_142471_aerosol_can_400ml_front?wid=1024&fmt=webp&qlt=60&fit=hfit%2C1	
LOC 7063	LOCTITE tisztitó fémhez, műanyaghoz	https://dm.henkel-dam.com/is/image/henkel/loctite_sf_7063_149293_bottle_10l_front?wid=1024&fmt=webp&qlt=60&fit=hfit%2C1	
LOC 7063	LOCTITE tisztitó spray fémhez, műanyaghoz	https://dm.henkel-dam.com/is/image/henkel/packshot_indv_Loctite_SF_7063_2098749_new_top_cleaner_400ml_09_2019-2?wid=1024&fmt=webp&qlt=60&fit=hfit%2C1	
LOC 7070	LOCTITE általános tisztító műanyaghoz	https://dm.henkel-dam.com/is/image/henkel/loctite_sf_7070_147514_can_10l_front?wid=1024&fmt=webp&qlt=60&fit=hfit%2C1	
LOC 7070	LOCTITE általános tisztító spray műanyaghoz	https://dm.henkel-dam.com/is/image/henkel/953-Loctite_SF_7070_88432_cleaner_400ml_emea?wid=1024&fmt=webp&qlt=60&fit=hfit%2C1	
LOC 7085	LOCTITE habképző tisztító spray	https://dm.henkel-dam.com/is/image/henkel/Loctite_SF_7085_195915_cleaner_400ml?wid=1024&fmt=webp&qlt=60&fit=hfit%2C1	
LOC 7100	LOCTITE szivárgásjelső spray	https://dm.henkel-dam.com/is/image/henkel/Loctite_SF_7100_250000_surface_pretreatment_400ml_EMEA?wid=1024&fmt=webp&qlt=60&fit=hfit%2C1	
LOC 7117	LOCTITE 2K kerámia erősítésű epoxi felületbevonat	https://dm.henkel-dam.com/is/image/henkel/Loctite_PC_7117_2015110_wearing_comp_1kg?wid=600	
LOC 7200	LOCTITE ragasztó és tömítés eltávolító fémtisztító	https://dm.henkel-dam.com/is/image/henkel/loctite_sf_7200_2385318_aerosol_can_400ml_front?wid=1024&fmt=webp&qlt=60&fit=hfit%2C1	
LOC 7202	LOCTITE 2K epoxi önterülő betornragasztó	https://dm.henkel-dam.com/is/image/henkel/Loctite_Pc_7202_1564701_Fixmaster_9350g_v3?wid=1024&fmt=webp&qlt=60&fit=hfit%2C1	
LOC 7210	LOCTITE 2K epoxi csőjavításokhoz	https://dm.henkel-dam.com/is/image/henkel/2015138-Loctite_PC7210?wid=600	
LOC 7221	LOCTITE 2K kerámiatöltésű kenhető epoxibevonat	https://dm.henkel-dam.com/is/image/henkel/3D_LOCTITE_UR_7221_70683_Front?wid=1024&fmt=webp&qlt=60&fit=hfit%2C1	
LOC 7222	LOCTITE kopásálló paszta 735864		
LOC 7227	LOCTITE kis súrlódású kenhető epoxigyanta	https://dm.henkel-dam.com/is/image/henkel/Loctite_PC_7227_2015126_wearing_comp_1kg-1?wid=1024&fmt=webp&qlt=60&fit=hfit%2C1	
LOC 7228	LOCTITE 2K kerámiatöltésű önterülő epoxibevonat	https://dm.henkel-dam.com/is/image/henkel/Loctite_PC_7228_2015129_kit_1kg?wid=1024&fmt=webp&qlt=60&fit=hfit%2C1	
LOC 7234	LOCTITE 2K kerámiatöltésű kenhető epoxibevonat	https://dm.henkel-dam.com/is/image/henkel/packshot_indv_Loctite_PC_7234_2298373_high_temp_kit_09_2019?wid=1024&fmt=webp&qlt=60&fit=hfit%2C1	
LOC 7239	LOCTITE kötésgyorsító pillanatragasztókhoz		
LOC 7240	LOCTITE kötésgyorsító aktivátor anaerob termékhez	https://dm.henkel-dam.com/is/image/henkel/Loctite_SF_7240_333369_Aktivator_90ml?wid=1024&fmt=webp&qlt=60&fit=hfit%2C1	
LOC 7255	LOCTITE 2K kerámiatöltésű szórható epoxi bevonó	https://dm.henkel-dam.com/is/image/henkel/2012146-Loctite_K11_PC7255_GN_900ml_ALL_P118797?wid=600	
LOC 7257	LOCTITE 2K betonjavító- és habarcsozókészlet	https://dm.henkel-dam.com/is/image/henkel/loctite_pc_7257_1254411_pail_25-7kg_front?wid=1024&fmt=webp&qlt=60&fit=hfit%2C1	
LOC 7400	LOCTITE vörös jelölőfesték elektronikus berendezésekhez	https://dm.henkel-dam.com/is/image/henkel/loctite_sf_7400_1151333_bottle_20ml_front?wid=1024&fmt=webp&qlt=60&fit=hfit%2C1	
LOC 7414	LOCTITE kék nagy viszkozitású indikátor paszta	https://dm.henkel-dam.com/is/image/henkel/Loctite_SF_7414_1269219_50ml_EMEA?wid=1024&fmt=webp&qlt=60&fit=hfit%2C1	
LOC 7455	LOCTITE kötésgyorsító pillanatragasztókhoz	https://dm.henkel-dam.com/is/image/henkel/loctite_sf_7455_2747572_bottle_500ml_front?wid=1024&fmt=webp&qlt=60&fit=hfit%2C1	
LOC 7457	LOCTITE aktivátor pillanatragasztókhoz, 7457	https://dm.henkel-dam.com/is/image/henkel/loctite-sf-7457-activator-142747-aerosol-150ml-front?wid=1024&fmt=webp&qlt=60&fit=hfit%2C1	
LOC 7458	LOCTITE aktivátor pillanatragasztókhoz, 7458	https://dm.henkel-dam.com/is/image/henkel/Loctite_SF_7458_373363_activator_500ml_EMEA?wid=1024&fmt=webp&qlt=60&fit=hfit%2C1	
LOC 7471	LOCTITE kötésgyorsító aktivátor anaerob termékhez	https://dm.henkel-dam.com/is/image/henkel/Loctite_SF_7458_373363_activator_500ml_EMEA?wid=1024&fmt=webp&qlt=60&fit=hfit%2C1	
LOC 7503	LOCTITE Rozsdaátalakító emulzió, szürkés 12ml		
LOC 7505	LOCTITE vízbázisú szintetikus latexgyanta bevonat	https://dm.henkel-dam.com/is/image/henkel/loctite_sf_7505_2792264_bottle_100ml_front?wid=1024&fmt=webp&qlt=60&fit=hfit%2C1	
LOC 7515	LOCTITE bemaró alapozó vakrozsda ellen	https://dm.henkel-dam.com/is/image/henkel/packshot_INDV_Loctite_SF_7515_5L_09_2019-1?wid=1024&fmt=webp&qlt=60&fit=hfit%2C1	
LOC 7649	LOCTITE aktivátor anaerob termékekhez (aeroszol)	https://dm.henkel-dam.com/is/image/henkel/Loctite_SF_7649_142479_activator_150ml_EMEA-2?wid=1024&fmt=webp&qlt=60&fit=hfit%2C1	
LOC 770	LOCTITE pillanatragasztó alapozó műanyagokhoz	https://dm.henkel-dam.com/is/image/henkel/loctite-sf-770-primer-2733632-500ml-can-front?wid=1024&fmt=webp&qlt=60&fit=hfit%2C1	
LOC 7800	LOCTITE korróziógátló bevonat spray	https://dm.henkel-dam.com/is/image/henkel/Loctite_SF_7800_303140_400ml_can?wid=1024&fmt=webp&qlt=60&fit=hfit%2C1	
LOC 7840	LOCTITE biológiailag lebomló vízbázisú általános tisztító	https://dm.henkel-dam.com/is/image/henkel/Loctite_SF_7840_1427775_cleaner_20L?wid=1024&fmt=webp&qlt=60&fit=hfit%2C1	
LOC 7850	LOCTITE kéztisztító (citrusolaj,aloe vera,lanolin)	https://dm.henkel-dam.com/is/image/henkel/packshot_INDV_Loctite_SF7850_2098250_Handreiniger_400ml_10_2019-1?wid=1024&fmt=webp&qlt=60&fit=hfit%2C1	https://dm.henkel-dam.com/is/image/henkel/packshot_INDV_2098251-Loctite_C21_SF7850_Handreiniger_3L_ALL_P119230_12_2019?wid=1024&fmt=webp&qlt=60&fit=hfit%2C1
LOC 7852	LOCTITE előnedvesített tisztító törlőkendő 70db	https://dm.henkel-dam.com/is/image/henkel/LOCTITE_SF_7852-wipes-1?wid=1024&fmt=webp&qlt=60&fit=hfit%2C1	
LOC 7900	LOCTITE kerámia védőbevonat spray	https://dm.henkel-dam.com/is/image/henkel/LOCTITE_SF_7900_AE_400ML_PLHUSIRO?wid=1024&fmt=webp&qlt=60&fit=hfit%2C1	
LOC 8005	LOCTITE ékszíj csúszásgátló és karbantartó spray	https://dm.henkel-dam.com/is/image/henkel/LOCTITE_LB_8005_400ML_232294_Front-WE?wid=1024&fmt=webp&qlt=60&fit=hfit%2C1	
LOC 8007	LOCTITE réz- és grafittartalmú berágódásgátló spray	https://dm.henkel-dam.com/is/image/henkel/Loctite_LB_8007_255795_400ml_can?wid=1024&fmt=webp&qlt=60&fit=hfit%2C1	
LOC 8008	LOCTITE réztartalmú berágódásgátló	https://dm.henkel-dam.com/is/image/henkel/packshot_INDV_Loctite_LB_8008_503147_lubricant_453g_EMEA_09_2019?wid=1024&fmt=webp&qlt=60&fit=hfit%2C1	
LOC 8009	LOCTITE fémmentes berágódásgátló	https://dm.henkel-dam.com/is/image/henkel/Loctite_LB_8009_504219_antiseize_450gr_EMEA?wid=1024&fmt=webp&qlt=60&fit=hfit%2C1	
LOC 8014	LOCTITE élelmiszeripari fémmentes berágódásgátló	https://dm.henkel-dam.com/is/image/henkel/Loctite_LB_8014_1214291_907g_EMEA?wid=1024&fmt=webp&qlt=60&fit=hfit%2C1	
LOC 8019	LOCTITE csavarlazító és rozsdaoldó spray	https://dm.henkel-dam.com/is/image/henkel/loctite_lb_8019_589891_aerosol_can_400ml_front?wid=1024&fmt=webp&qlt=60&fit=hfit%2C1	
LOC 8023	LOCTITE tengerészeti fémmentes berágódásgátló	https://dm.henkel-dam.com/is/image/henkel/Loctite_LB_8023_504618_antiseize_453g_EMEA?wid=1024&fmt=webp&qlt=60&fit=hfit%2C1	
LOC 8031	LOCTITE vágó-fúró-üregelő spray	https://dm.henkel-dam.com/is/image/henkel/Loctite_LB_8031_1324497_Lubricant_400ml?wid=1024&fmt=webp&qlt=60&fit=hfit%2C1	
LOC 8035	LOCTITE vízzel elegyedő hűtő-kenő vágófolyadék	https://dm.henkel-dam.com/is/image/henkel/loctite_lb_8035_1993338_can_20l_front?wid=1024&fmt=webp&qlt=60&fit=hfit%2C1	
LOC 8040	LOCTITE -43°C-ig fagyasztó, csavarlazító spray	https://dm.henkel-dam.com/is/image/henkel/LOCTITE-SF-8040---30kg-IDH-766172?wid=1024&fmt=webp&qlt=60&fit=hfit%2C1	
LOC 8065	LOCTITE megszorulásgátló STIFT	https://dm.henkel-dam.com/is/image/henkel/LOCTITE_LB_8065_20G_525382_Front-WE?wid=600	
LOC 8101	LOCTITE lánckenő spray	https://dm.henkel-dam.com/is/image/henkel/Loctite_LB_8101_303134_Lubricant_400ml?wid=1024&fmt=webp&qlt=60&fit=hfit%2C1	
LOC 8102	LOCTITE nagyteljesítményű kenőzsír 200°C-ig	https://dm.henkel-dam.com/is/image/henkel/LOCTITE-LB-8102-IDH-1115659_?wid=1024&fmt=webp&qlt=60&fit=hfit%2C1	
LOC 8104	LOCTITE szilikonalapú élelmiszeripari kenőanyag	https://dm.henkel-dam.com/is/image/henkel/LOCTITE-LB-8104---75ml-bottle-IDH-1652339?wid=1024&fmt=webp&qlt=60&fit=hfit%2C1	
LOC 8105	LOCTITE ásványiolaj alapű csapágyzsír 150°C-ig	https://dm.henkel-dam.com/is/image/henkel/LOCTITE-LB-8105---400ml-cartridge-IDH-1117830?wid=1024&fmt=webp&qlt=60&fit=hfit%2C1	
LOC 8150	LOCTITE alumínium tartalmú berágódásgátló	https://dm.henkel-dam.com/is/image/henkel/packshot_INDV_LOCTITE_8150_1115791_500g_10_2019?wid=1024&fmt=webp&qlt=60&fit=hfit%2C1	
LOC 8151	LOCTITE alumínium tartalmú berágódásgátló aeroszol	https://dm.henkel-dam.com/is/image/henkel/AG14044_LOCTITE_8151-1?wid=1024&fmt=webp&qlt=60&fit=hfit%2C1	
LOC 8154	LOCTITE MoS2 tartalmú berágódásgátló spray	https://dm.henkel-dam.com/is/image/henkel/LOCTITE-LB-8154---aerosol-can-400ml-IDH-303135?wid=1024&fmt=webp&qlt=60&fit=hfit%2C1	
LOC 8156	LOCTITE kerámia tartalmú fehér berágódásgátló	https://dm.henkel-dam.com/is/image/henkel/loctite_lb_8156_2900108_can_400g_front?wid=1024&fmt=webp&qlt=60&fit=hfit%2C1	
LOC 8201	LOCTITE 5way spray (ken, tisztít, szárít, véd, old)	https://dm.henkel-dam.com/is/image/henkel/LOCTITE_LB_8201_Schmiermittel_400ml_EMEA?wid=1024&fmt=webp&qlt=60&fit=hfit%2C1	
LOC 9225	LOCTITE 2K PU ragasztó műanyag alkatr. javítására	https://dm.henkel-dam.com/is/image/henkel/Teroson_X08_PU9225_UF_ME_50ml_69g_ALL_P110144?wid=1024&fmt=webp&qlt=60&fit=hfit%2C1	
LOC 9461	LOCTITE 2K epoxi ragasztó eltérő felületekhez 9461	https://dm.henkel-dam.com/is/image/henkel/Loctite_EA_9461_2061255_epoxy_adhesive_50ml_EMEA?wid=1024&fmt=webp&qlt=60&fit=hfit%2C1	
LOC 9464	LOCTITE 2K epoxi ragasztó eltérő felületekhez 9464	https://dm.henkel-dam.com/is/image/henkel/Loctite_EA_9464_2058065_epoxy_50ml_EMEA?wid=1024&fmt=webp&qlt=60&fit=hfit%2C1	
LOC 9466	LOCTITE 2K epoxi ragasztó hosszú fazékidővel	https://dm.henkel-dam.com/is/image/henkel/Loctite_EA_9466_2057216_epoxy_adhesive_50ml_EMEA-1?wid=1024&fmt=webp&qlt=60&fit=hfit%2C1	
LOC 9480	LOCTITE 2K epoxi ragasztó élelmiszeripar	https://dm.henkel-dam.com/is/image/henkel/loctite_EA_9480_2056022_Epoxy_50ml?wid=1024&fmt=webp&qlt=60&fit=hfit%2C1	
LOC 9483	LOCTITE 2K epoxi ragasztó optikai tisztaság	https://dm.henkel-dam.com/is/image/henkel/Loctite_EA_9483_2056391_adhesive_50ml_EMEA-1?wid=1024&fmt=webp&qlt=60&fit=hfit%2C1	
LOC 9492	LOCTITE 2K epoxi ragasztó 180°C-ig	https://dm.henkel-dam.com/is/image/henkel/LOCTITE-EA-9492-Li---50ml-cartridge-IDH-2344912?wid=1024&fmt=webp&qlt=60&fit=hfit%2C1	
LOC 9497	LOCTITE 2K epoxi ragasztó hővezető	https://dm.henkel-dam.com/is/image/henkel/Loctite_EA_9497_2053807_epoxy_50ml_EMEA?wid=1024&fmt=webp&qlt=60&fit=hfit%2C1	
LOC 9514	LOCTITE nagy ütésállóságú epoxi mágnes ragasztása	https://dm.henkel-dam.com/is/image/henkel/Loctite_2065585_EA_9514_300ml?wid=1024&fmt=webp&qlt=60&fit=hfit%2C1	
LOC PALMATEX CIPŐRAGASZTÓ	LOCTITE PATTEX cipőragasztó	https://dm.henkel-dam.com/is/image/henkel/3101871-Pattex-Cip%C5%91ragaszt%C3%B3-50-ml-el%C5%91lr%C5%91l?wid=1024&fmt=webp-alpha&qlt=90&fit=hfit,1	
LOC PATTEX FIX MONTÁZSSZALAG	LOCTITE PATTEX fix montázsszalag 120 kg	https://dm.henkel-dam.com/is/image/henkel/2848974-Pattex-Fix-Montazsszalag-120-kg?wid=1024&fmt=webp-alpha&qlt=90&fit=hfit,1	
LOC PATTEX PALMATEX	LOCTITE PATTEX PALMATEX univerzális erősragasztó	https://dm.henkel-dam.com/is/image/henkel/1429398_Pattex_Palmatex_120ml_doboz?wid=1024&fmt=webp-alpha&qlt=90&fit=hfit,1	
LOC TEROSON MS 939 BK CR290ML	LOCTITE rugalmas fekete ragasztó/tömítőanyag	https://dm.henkel-dam.com/is/image/henkel/Teroson_MS_939_2969666_290ml_cartridge_front?wid=1024&fmt=webp&qlt=60&fit=hfit%2C1	
LOC VARIAC	LOCTITE fék- és kuplungtisztító 500ml		
OKS 1110	OKS multi-szilikonzsír, NLGI 3, 80ml	https://www.oks-germany.com/ecomaXL/files/110645_web.jpg?w=592	
OKS 1361	OKS szilikonos leválasztóanyag 400ml	https://www.oks-germany.com/ecomaXL/files/119810_web.jpg?w=592	
OKS 1601	OKS vizesbázisú hegesztő leválasztóanyag 400ml	https://www.oks-germany.com/ecomaXL/files/112269_web.jpg?w=592	
OKS 245	OKS rézpaszta nagyteljesítményű korrózióvédelemmel	https://www.oks-germany.com/ecomaXL/files/110587_web.jpg?w=592	
OKS 250	OKS fehér fémmentes univerzális szerelőpaszta 250g	https://www.oks-germany.com/ecomaXL/files/110589_web.jpg?w=592	
OKS 250	OKS fehér fémmentes univerzális szerelőpaszta 80ml	https://www.oks-germany.com/ecomaXL/files/110589_web.jpg?w=592	
OKS 2501	OKS fehér fémmentes univerzális szerelőpaszta400ml	https://www.oks-germany.com/ecomaXL/files/112281_web.jpg?w=592	
OKS 2561	OKS fényes hideghorgany spray 400ml	https://www.oks-germany.com/ecomaXL/files/134899_web.jpg?w=592	
OKS 2611	OKS univerzális tisztító spray 500ml	https://www.oks-germany.com/ecomaXL/files/113445_web.jpg?w=592	
OKS 2711	OKS hűtő / fagyasztó spray 400ml	https://www.oks-germany.com/ecomaXL/files/113455_web.jpg?w=592	
OKS 2731	OKS nagynyomású levegő spray 400ml	https://www.oks-germany.com/ecomaXL/files/113457_web.jpg?w=592	
OKS 2801	OKS szivárgásvizsgáló folyadék spray 400ml	https://www.oks-germany.com/ecomaXL/files/112204_web.jpg?w=592	
OKS 3570	OKS magas hőmérsékletű láncolaj, élelmiszeripari	https://www.oks-germany.com/ecomaXL/files/110669_web.jpg?w=592	
OKS 3751	OKS tapadókenőanyag PTFE-vel 400ml	https://www.oks-germany.com/ecomaXL/files/108186_web.jpg?w=592	
OKS 410	OKS nyomásálló, hosszú élettartamú MoS2 kenőanyag	https://www.oks-germany.com/ecomaXL/files/113669_web.jpg?w=592	
OKS 424	OKS szintetikus hőálló zsír 200°C-ig 400ml	https://www.oks-germany.com/ecomaXL/files/113674_web.jpg?w=592	
OKS 5500	OKS zsírzópisztoly (lökettérfogat: 1,9ccm)	https://www.oks-germany.com/ecomaXL/files/110883_web.jpg?w=592	
OKS 601	OKS MULTI OLAJ, Spray 400ml	https://www.oks-germany.com/ecomaXL/files/113438_web.jpg?w=592	
	ZKL/ZVL beálló golyóscsapágy	https://www.zkl.cz/ZKL/media/static-media/eabd8ca9-9198-4246-b629-ee5053e5d769@w800.webp	https://www.zkl.cz/getmedia/ba0d0c1f-0b01-414c-86d0-eb5a56ab7c1e/DKL_naklapeci_zaklad_1.png.aspx?width=1612&height=1612&ext=.png
	KELETI beálló golyóscsapágy	https://www.zkl.cz/ZKL/media/static-media/eabd8ca9-9198-4246-b629-ee5053e5d769@w800.webp	https://www.zkl.cz/getmedia/ba0d0c1f-0b01-414c-86d0-eb5a56ab7c1e/DKL_naklapeci_zaklad_1.png.aspx?width=1612&height=1612&ext=.png
	ZKL/ZVL beálló golyóscsapágy kúpos furattal	https://www.zkl.cz/ZKL/media/static-media/dfa32abd-c9a7-4327-82e1-c21124c2f05f@w800.webp	https://www.zkl.cz/getmedia/383fd783-bacc-4ba4-b8a1-4b0934c37bab/DKL_naklapeci_K_zaklad_2.png.aspx?width=1612&height=1612&ext=.png
	KELETI beálló golyóscsapágy kúpos furattal	https://www.zkl.cz/ZKL/media/static-media/dfa32abd-c9a7-4327-82e1-c21124c2f05f@w800.webp	https://www.zkl.cz/getmedia/383fd783-bacc-4ba4-b8a1-4b0934c37bab/DKL_naklapeci_K_zaklad_2.png.aspx?width=1612&height=1612&ext=.png
	ZKL/ZVL egysorú mélyhornyú golyóscsapágy	https://www.zkl.cz/ZKL/media/static-media/6968ca29-21ce-41ce-8703-9c2052474638@w800.webp	https://www.zkl.cz/getmedia/91120a77-0e89-4219-bc09-72b72a6beced/JKL_plech_zaklad_1.png.aspx?width=1612&height=1612&ext=.png
	KELETI egysorú mélyhornyú golyóscsapágy	https://www.zkl.cz/ZKL/media/static-media/6968ca29-21ce-41ce-8703-9c2052474638@w800.webp	https://www.zkl.cz/getmedia/91120a77-0e89-4219-bc09-72b72a6beced/JKL_plech_zaklad_1.png.aspx?width=1612&height=1612&ext=.png
	ZKL/ZVL beálló görgőscsapágy	https://www.zkl.cz/ZKL/media/static-media/ba031be0-f329-47b0-8919-25940fe47cb7@w800.webp	https://www.zkl.cz/getmedia/80740b2a-726a-46e8-a897-ea5dfe8cacb4/DSL_EJ_W33_zaklad_2.png.aspx?width=1612&height=1612&ext=.png
	KELETI beálló görgőscsapágy	https://www.zkl.cz/ZKL/media/static-media/ba031be0-f329-47b0-8919-25940fe47cb7@w800.webp	https://www.zkl.cz/getmedia/80740b2a-726a-46e8-a897-ea5dfe8cacb4/DSL_EJ_W33_zaklad_2.png.aspx?width=1612&height=1612&ext=.png
	ZKL/ZVL beálló görgőscsapágy kúpos furattal	https://www.zkl.cz/ZKL/media/static-media/a1117609-16ba-4a8d-a6b5-20d64a92cd6e@w800.webp	https://www.zkl.cz/getmedia/e62258ef-105b-4c85-90d2-171c4975061a/DSL_EKJ_W33_zaklad_5.png.aspx?width=1612&height=1612&ext=.png
	KELETI beálló görgőscsapágy kúpos furattal	https://www.zkl.cz/ZKL/media/static-media/a1117609-16ba-4a8d-a6b5-20d64a92cd6e@w800.webp	https://www.zkl.cz/getmedia/e62258ef-105b-4c85-90d2-171c4975061a/DSL_EKJ_W33_zaklad_5.png.aspx?width=1612&height=1612&ext=.png
	ZKL/ZVL beálló axiális görgőscsapágy	https://www.zkl.cz/ZKL/media/static-media/e9292c1e-3471-4d8b-9d45-514bc6658d52@w800.webp	https://www.zkl.cz/getmedia/42834201-f443-4193-b123-46edd188ecb8/AX_SL_EM_zaklad_2.png.aspx?width=1612&height=1612&ext=.png
	KELETI beálló axiális görgőscsapágy	https://www.zkl.cz/ZKL/media/static-media/e9292c1e-3471-4d8b-9d45-514bc6658d52@w800.webp	https://www.zkl.cz/getmedia/42834201-f443-4193-b123-46edd188ecb8/AX_SL_EM_zaklad_2.png.aspx?width=1612&height=1612&ext=.png
	ZKL/ZVL egysorú kúpgörgős csapágy	https://www.zkl.cz/ZKL/media/static-media/4fa0d01a-7bf0-4efc-acc0-a6f1bd311a20@w800.webp	https://www.zkl.cz/getmedia/ecba3552-54ee-40b3-915f-f021cdf0ee8c/J_KUZ_metr_zaklad.png.aspx?width=1612&height=1612&ext=.png
	KELETI egysorú kúpgörgős csapágy	https://www.zkl.cz/ZKL/media/static-media/4fa0d01a-7bf0-4efc-acc0-a6f1bd311a20@w800.webp	https://www.zkl.cz/getmedia/ecba3552-54ee-40b3-915f-f021cdf0ee8c/J_KUZ_metr_zaklad.png.aspx?width=1612&height=1612&ext=.png
	ZKL/ZVL kétsorú ferdehatásvonalú golyóscsapágy	https://www.zkl.cz/ZKL/media/static-media/67d2ded3-504f-4481-97ff-e63dc4d62c8c@w800.webp	https://www.zkl.cz/getmedia/bba62742-6c7d-469f-936f-b34eee7b7460/DKL_KS_zaklad.png.aspx?width=1612&height=1612&ext=.png
	KELETI kétsorú ferdehatásvonalú golyóscsapágy	https://www.zkl.cz/ZKL/media/static-media/67d2ded3-504f-4481-97ff-e63dc4d62c8c@w800.webp	https://www.zkl.cz/getmedia/bba62742-6c7d-469f-936f-b34eee7b7460/DKL_KS_zaklad.png.aspx?width=1612&height=1612&ext=.png
	ZKL/ZVL axiális golyóscsapágy egyirányú terhelésre	https://www.zkl.cz/ZKL/media/static-media/54bb8ff4-3b3c-4c96-99e8-a6d381252846@w800.webp	https://www.zkl.cz/getmedia/e783cce8-46d4-4295-94cb-38367544600f/AX_KUL_Jednosmer_zaklad.png.aspx?width=1612&height=1612&ext=.png
	KELETI axiális golyóscsapágy egyirányú terhelésre	https://www.zkl.cz/ZKL/media/static-media/54bb8ff4-3b3c-4c96-99e8-a6d381252846@w800.webp	https://www.zkl.cz/getmedia/e783cce8-46d4-4295-94cb-38367544600f/AX_KUL_Jednosmer_zaklad.png.aspx?width=1612&height=1612&ext=.png
	ZKL/ZVL axiális golyóscsapágy kétirányú terhelésre	https://www.zkl.cz/ZKL/media/static-media/e9b87fad-e076-4a86-9ce0-d7ffe17610ca@w800.webp	https://www.zkl.cz/getmedia/88cab389-afbe-461b-85f2-f68400bdde19/AX_KUL_Obousmer_zaklad.png.aspx?width=1791&height=1791&ext=.png
	KELETI axiális golyóscsapágy kétirányú terhelésre	https://www.zkl.cz/ZKL/media/static-media/e9b87fad-e076-4a86-9ce0-d7ffe17610ca@w800.webp	https://www.zkl.cz/getmedia/88cab389-afbe-461b-85f2-f68400bdde19/AX_KUL_Obousmer_zaklad.png.aspx?width=1791&height=1791&ext=.png
	ZKL/ZVL egysorú ferde hatásvonalú golyóscsapágy	https://www.zkl.cz/ZKL/media/static-media/34aa897b-4b6a-4a12-b320-f45e9263e38a@w800.webp	https://www.zkl.cz/getmedia/b2a8061b-6f7c-4f49-855a-412183620e13/JKL_ks_zaklad.png.aspx?width=1612&height=1612&ext=.png
	KELETI egysorú ferde hatásvonalú golyóscsapágy	https://www.zkl.cz/ZKL/media/static-media/34aa897b-4b6a-4a12-b320-f45e9263e38a@w800.webp	https://www.zkl.cz/getmedia/b2a8061b-6f7c-4f49-855a-412183620e13/JKL_ks_zaklad.png.aspx?width=1612&height=1612&ext=.png
	ZKL/ZVL egysorú hengergörgős csapágy (NJ)	https://www.zkl.cz/ZKL/media/static-media/5b2834d2-294c-41f0-b858-086ff5dcb3c2@w800.webp	https://www.zkl.cz/getmedia/f56d7aa0-aced-4c4b-8688-f4325ab80b00/JVL_NJ_zaklad_6.png.aspx?width=1612&height=1612&ext=.png
	KELETI egysorú hengergörgős csapágy (NJ)	https://www.zkl.cz/ZKL/media/static-media/5b2834d2-294c-41f0-b858-086ff5dcb3c2@w800.webp	https://www.zkl.cz/getmedia/f56d7aa0-aced-4c4b-8688-f4325ab80b00/JVL_NJ_zaklad_6.png.aspx?width=1612&height=1612&ext=.png
	ZKL/ZVL kétsorú hengerg. cs. váll nélküli külső gy	https://www.zkl.cz/ZKL/media/static-media/0219d964-bae4-48a3-816a-6f30c114f321@w800.webp	https://www.zkl.cz/getmedia/ddae5a72-c3d7-4932-be2b-e437a2aa7c6d/DVL_NN_zaklad_1.png.aspx?width=1612&height=1612&ext=.png
	KELETI kétsorú hengerg. cs. váll nélküli külső gy	https://www.zkl.cz/ZKL/media/static-media/0219d964-bae4-48a3-816a-6f30c114f321@w800.webp	https://www.zkl.cz/getmedia/ddae5a72-c3d7-4932-be2b-e437a2aa7c6d/DVL_NN_zaklad_1.png.aspx?width=1612&height=1612&ext=.png
	ZKL/ZVL egysorú hengergörgős csapágy (NU)	https://www.zkl.cz/ZKL/media/static-media/aa6501a1-792b-4bd9-a3de-4db8197af312@w800.webp	https://www.zkl.cz/getmedia/b813b526-76e8-4ced-86de-46ccb3e03dab/JVL_NU_zaklad_5.png.aspx?width=1612&height=1612&ext=.png
	KELETI egysorú hengergörgős csapágy (NU)	https://www.zkl.cz/ZKL/media/static-media/aa6501a1-792b-4bd9-a3de-4db8197af312@w800.webp	https://www.zkl.cz/getmedia/b813b526-76e8-4ced-86de-46ccb3e03dab/JVL_NU_zaklad_5.png.aspx?width=1612&height=1612&ext=.png
	ZKL/ZVL egysorú hengergörgős csapágy (NUP)	https://www.zkl.cz/ZKL/media/static-media/d36ff19c-968f-4fff-87d0-5a2003162723@w800.webp	https://www.zkl.cz/getmedia/5630a660-07aa-4848-b1eb-030f64820d61/JVL_NUP_zaklad_7.png.aspx?width=1612&height=1612&ext=.png
	KELETI egysorú hengergörgős csapágy (NUP)	https://www.zkl.cz/ZKL/media/static-media/d36ff19c-968f-4fff-87d0-5a2003162723@w800.webp	https://www.zkl.cz/getmedia/5630a660-07aa-4848-b1eb-030f64820d61/JVL_NUP_zaklad_7.png.aspx?width=1612&height=1612&ext=.png
	KELETI egysorú hengergörgős csapágy (N)	https://www.zkl.cz/ZKL/media/static-media/dd0e898d-559d-4c57-a862-417a5fb095a8@w800.webp	https://www.zkl.cz/getmedia/4d459e3d-dcdc-47b0-b9ef-a443d95b8dde/JVL_N_zaklad_8.png.aspx?width=1612&height=1612&ext=.png
	ZKL/ZVL hernyócsavaros rögzítésű Y-csapágy	https://www.zkl.cz/ZKL/media/static-media/ec8c86d7-2482-4e4d-a002-75bb15106e2f@w800.webp	https://www.zkl.cz/getmedia/eed442f4-e969-42c1-aa05-8fe4b3ca5b1a/ULJ_UC_zaklad_1.png.aspx?width=1791&height=1791&ext=.png
	KELETI hernyócsavaros rögzítésű Y-csapágy	https://www.zkl.cz/ZKL/media/static-media/ec8c86d7-2482-4e4d-a002-75bb15106e2f@w800.webp	https://www.zkl.cz/getmedia/eed442f4-e969-42c1-aa05-8fe4b3ca5b1a/ULJ_UC_zaklad_1.png.aspx?width=1791&height=1791&ext=.png
	ZKL/ZVL Y csapágy szabványos belső gyűrűvel	https://www.zkl.cz/getmedia/982df57e-7194-4621-8098-60d5d94f0f0f/ULJ_UD_zaklad_3.png.aspx?width=1612&height=1612&ext=.png	
	KELETI Y csapágy szabványos belső gyűrűvel	https://www.zkl.cz/getmedia/982df57e-7194-4621-8098-60d5d94f0f0f/ULJ_UD_zaklad_3.png.aspx?width=1612&height=1612&ext=.png	
	ZKL/ZVL excenteres rögzítőgyűrűvel szerelt Y-csapágy	https://www.zkl.cz/getmedia/f74aa708-3b4a-49c2-b366-708993f00e12/ULJ_UE_zaklad_4.png.aspx?width=1612&height=1612&ext=.png	
	KELETI excenteres rögzítőgyűrűvel szerelt Y-csapágy	https://www.zkl.cz/getmedia/f74aa708-3b4a-49c2-b366-708993f00e12/ULJ_UE_zaklad_4.png.aspx?width=1612&height=1612&ext=.png	
	TIMKEN egysorú kúpgörgős csapágy	https://cad.timken.com/Asset/EnviroSpexx--Energy-Efficient-Bearings-Main_Family-Picture-2026.jpg	
	TIMKEN kúpgörgős csapágy, belső gyűrű	https://cad.timken.com/Asset/Timken_TRB_SINGLECONE_TS_LM67048-20024-A.jpg	
	TIMKEN kúpgörgős csapágy, külső gyűrű	https://cad.timken.com/Asset/Timken_TRB_SINGLECUP_TS_A4138-A.jpg	
	TIMKEN beálló görgőscsapágy	https://cad.timken.com/Asset/Timken_SRB_Steel-EJW33.jpg	
	TIMKEN egysorú mélyhornyú golyóscsapágy	https://cad.timken.com/Asset/DGBB-Group-Picture---2026.jpg	
	TIMKEN excenteres rögzítőgyűrűvel szerelt Ycsapágy	https://cad.timken.com/Asset/TKR16090121_SM1107KS.jpg	
	TIMKEN hernyócsavaros rögzítésű Y-csapágy	https://cad.timken.com/Asset/TKR09080436.jpg	
	TIMKEN axiális kúpgörgős csapágy	https://cad.timken.com/Asset/timken-type-TTSP-tapered-thrust-roller-bearing-cutaway-rendering.jpg	
	AMES szinterbronz hengeres csúszócsapágy	https://selfoil.com/media/wysiwyg/images/Bodegon_Home_SELFOIL.jpeg	
	THN szinterbronz hengeres csúszócsapágy	https://selfoil.com/media/wysiwyg/images/Bodegon_Home_SELFOIL.jpeg	
	AMES szinterbronz peremes csúszócsapágy	https://selfoil.com/media/wysiwyg/images/Bodegon_Home_SELFOIL.jpeg	
	DURBAL gömbcsuklós fej külső menettel	https://my.rollon.com/uk/wp-content/uploads/sites/2/2024/10/modified_bem-niro-650x480-c-center.webp	https://my.rollon.com/uk/wp-content/uploads/sites/2/2024/10/BEM_drawing-650x646-c-center.webp
	DURBAL gömbcsuklós fej belső menettel	https://my.rollon.com/uk/wp-content/uploads/sites/2/2024/10/modified_bef-niro-650x480-c-center.webp	https://my.rollon.com/uk/wp-content/uploads/sites/2/2024/10/BEF_drawing-1-1-650x632-c-center.webp
	DURBAL gömbcsukló	https://my.rollon.com/uk/wp-content/uploads/sites/2/2024/10/DGEZ-650x311-c-center.webp	https://my.rollon.com/uk/wp-content/uploads/sites/2/2025/04/Gelenklager_DGEZ_ES_Katalog-650x594-c-center.webp
	FAFNIR hernyócsavaros rögzítésű Y-csapágy	https://bearingfinder.ntnamericas.com/Asset/Set-Screw-Type---Spherical-O-D-.png	
	FAFNIR Y csapágy hengeres palást, excenter gyűrűs	https://bearingfinder.ntnamericas.com/Asset/Eccentric-Locking-Collar-Type---Cylindrical-O-D-.png	https://cad.timken.com/Asset/HU%20insert%20ecc%20G-KRR,%20G-KRRB%20ind%20G.jpg
	FAG beálló golyóscsapágy széles belső gyűrűvel	https://cdn.schaeffler-ecommerce.com/cdn/0000A171_d.png	
	FAG beálló golyóscsapágy	https://cdn.schaeffler-ecommerce.com/cdn/0000A0F3_d.png	
	FAG beálló golyóscsapágy kúpos furattal	https://cdn.schaeffler-ecommerce.com/cdn/0000A0F3_d.png	
	FAG egysorú mélyhornyú golyóscsapágy	https://cdn.schaeffler-ecommerce.com/cdn/000B4B37_d.png	
	FAG egysorú kúpgörgős csapágy	https://cdn.schaeffler-ecommerce.com/cdn/001DFA7E_d.png	
	FAG beálló görgőscsapágy	https://cdn.schaeffler-ecommerce.com/cdn/001E27EB_d.png	
	FAG beálló görgőscsapágy kúpos furattal	https://cdn.schaeffler-ecommerce.com/cdn/001E2517_d.png	
	FAG párosított ferdehatásvonalú golyóscsapágy	https://cdn.schaeffler-ecommerce.com/cdn/0000755D_d.png	
	FAG beálló axiális görgőscsapágy	https://cdn.schaeffler-ecommerce.com/cdn/001E2240_d.png	
	FAG kétsorú ferdehatásvonalú golyóscsapágy	https://cdn.schaeffler-ecommerce.com/cdn/0018EB82_d.png	
	FAG axiális golyóscsapágy egyirányú terhelésre	https://cdn.schaeffler-ecommerce.com/cdn/000154DF_d.png	
	FAG axiális golyóscsapágy kétirányú terhelésre	https://cdn.schaeffler-ecommerce.com/cdn/000154E0_d.png	
	FAG egysorú mélyh. golyóscsap. külső gy. szigetelt	https://cdn.schaeffler-ecommerce.com/cdn/001680C5_d.png	
	FAG egysorú ferde hatásvonalú golyóscsapágy	https://cdn.schaeffler-ecommerce.com/cdn/00014D0D_d.png	
	FAG lehúzóhüvely	https://cdn.schaeffler-ecommerce.com/cdn/00192621_d.png	
	FAG betétgyűrű csapágyházakhoz	https://cdn.schaeffler-ecommerce.com/cdn/0019A1BE_d.png	
	FAG komplett szorítóhüvely (H+KM+MB)	https://cdn.schaeffler-ecommerce.com/cdn/00192631_d.png	
	FAG belső gyűrű tűgörgős csapágyhoz	https://cdn.schaeffler-ecommerce.com/cdn/00006A6C_d.png	
	FAG csapágyanya	https://cdn.schaeffler-ecommerce.com/cdn/0008B8C7_d.png	
	FAG egysorú hengergörgős csapágy (N)	https://cdn.schaeffler-ecommerce.com/cdn/00007F79_d.png	
	FAG egysorú hengergörgős csapágy (NJ)	https://cdn.schaeffler-ecommerce.com/cdn/001B4CAB_d.png	
	FAG tűgörgős csapágy belső gyűrű nélkül	https://cdn.schaeffler-ecommerce.com/cdn/000069D9_d.png	
	FAG tűgörgős csapágy belső gyűrűvel	https://cdn.schaeffler-ecommerce.com/cdn/000069C1_d.png	
	FAG kétsorú hengerg. cs. váll nélküli külső gyűrű	https://cdn.schaeffler-ecommerce.com/cdn/00172968_d.png	
	FAG egysorú hengergörgős csapágy (NU)	https://cdn.schaeffler-ecommerce.com/cdn/001B4BBD_d.png	
	FAG egysorú hengergörgős csapágy (NUP)	https://cdn.schaeffler-ecommerce.com/cdn/001B50B0_d.png	
	FAG öntött, álló Y csapágyegység (zsákfurattal)	https://cdn.schaeffler-ecommerce.com/cdn/00089DC5_d.png	https://cdn.schaeffler-ecommerce.com/cdn/00088707_a.png||https://cdn.schaeffler-ecommerce.com/cdn/000898E0_a.png
	FAG négypont-érintkezésű golyóscsapágy	https://cdn.schaeffler-ecommerce.com/cdn/0000A149_d.png	
	FAG csapágyház	https://cdn.schaeffler-ecommerce.com/cdn/0001AD1E_d.png	
	FAG gömbfelületű alátéttárcsa axiális golyóscsaph.	https://cdn.schaeffler-ecommerce.com/cdn/000075E0_d.png	
	FAG hernyócsavaros rögzítésű Y-csapágy	https://cdn.schaeffler-ecommerce.com/cdn/00087DEF_d.png	
	FAG Y csapágyegység	https://cdn.schaeffler-ecommerce.com/cdn/00087EC8_d.png	
	FAG öntött Y csapágyegység, kör alakú házzal	https://cdn.schaeffler-ecommerce.com/cdn/00087EA4_d.png	
	FAG öntött, álló Y csapágyegység	https://cdn.schaeffler-ecommerce.com/cdn/00087E26_d.png	
	FAG feszítő Y-csapágyegység öntöttvas házzal	https://cdn.schaeffler-ecommerce.com/cdn/00018FF3_d.png	
	FAG Y-csapágy kúpos furattal, szorítóhüvellyel	https://cdn.schaeffler-ecommerce.com/cdn/00087E13_d.png	
	FAG öntött, álló Y csapágyegység	https://cdn.schaeffler-ecommerce.com/cdn/00087E38_d.png	
	FAG rozsdamentes egysorú mélyhornyú golyóscsapágy	https://cdn.schaeffler-ecommerce.com/cdn/00197B4D_d.png	
	FIBRO golyós hüvely	https://static.fibro.de/assets/pim/img_206_71_fotot--www_500.jpg	https://static.fibro.de/assets/pim/img_206_71_fotot--www_500.jpg
	FERSA egysorú kúpgörgős csapágy	https://aftermarket.fersa.com/uploads/images/Producto/TRB%20INCHES.png	
	FERSA egysorú mélyhornyú golyóscsapágy	https://aftermarket.fersa.com/uploads/images/Producto/BB-003.jpg	
	FERSA klímacsapágy	https://aftermarket.fersa.com/uploads/images/_ACP4626-doble%20h%20especial.jpg	
	FERSA telegörgős hengergörgős csapágy	https://aftermarket.fersa.com/uploads/images/Producto/CRB-007.jpg	
	FERSA egysorú hengergörgős csapágy (NUP)	https://aftermarket.fersa.com/uploads/images/Producto/CRB-011.jpg	
	HIRSCHMANN gömbcsuklós fej külső menettel	https://www.carlhirschmann.us/ceasy/resource/?id=1362&width=263&height=190&withMagnifier=1	
	HIWIN lineáris kocsi	https://www.hiwin.hu/medias/sys_master/hiwinImages/hbd/h57/14731397890078/300Wx300H_HGH35CA_REND_1207_CMYK/300Wx300H-HGH35CA-REND-1207-CMYK.PSD	
	HIWIN lineáris sín	https://www.hiwin.hu/medias/sys_master/hiwinImages/h8e/h0d/14745523322910/300Wx300H_EGR35T_200_REND_1207_RGB/300Wx300H-EGR35T-200-REND-1207-RGB.PSD	
	HIWIN csapágyegység (1db csapágy)	https://www.hiwin.hu/medias/sys_master/hiwinImages/hiwinImages/h8e/hba/8816506699806/8816506699806.png	
	HIWIN csapágyegység (2db csapágy)	https://www.hiwin.hu/medias/sys_master/hiwinImages/hiwinImages/hb1/h19/8816506929182/8816506929182.png	
	HIWIN tömítés lineáris kocsihoz	https://www.hiwin.hu/medias/sys_master/hiwinImages/hiwinImages/hc4/hd4/8912415588382/8912415588382.png	
	HIWIN hornyos anya	https://www.hiwin.hu/medias/sys_master/hiwinImages/hiwinImages/h17/h67/8816509681694/8816509681694.png	
	HIWIN lineáris csapágyegység	https://www.hiwin.hu/medias/sys_master/hiwinImages/h64/h18/14745785597982/300Wx300H_MGW12C_REND_2406_CMYK/300Wx300H-MGW12C-REND-2406-CMYK.PSD	
	INA Y csapágy szélesített belső gyűrűvel	https://cdn.schaeffler-ecommerce.com/cdn/0008A5FB_d.png	
	INA kétsorú ferdehatásvonalú golyóscsapágy	https://cdn.schaeffler-ecommerce.com/cdn/0018EB86_d.png	
	INA egysorú mélyhornyú golyóscsapágy	https://cdn.schaeffler-ecommerce.com/cdn/000B4B37_d.png	
	INA axiális hengergörgős csapágy, egyirányú terh.	https://cdn.schaeffler-ecommerce.com/cdn/001E0902_d.png	
	INA axiális tárcsa tűgörgős csapágyhoz	https://cdn.schaeffler-ecommerce.com/cdn/0000740F_d.png	
	INA axiális tűgörgős csapágy (kosár)	https://cdn.schaeffler-ecommerce.com/cdn/000073E4_d.png	
	INA axiális tűgörgős csapágy	https://cdn.schaeffler-ecommerce.com/cdn/000073EA_d.png	
	INA hernyócsavaros rögzítésű Y-csapágy	https://cdn.schaeffler-ecommerce.com/cdn/000B8695_d.png	
	INA lemezházas tűgörgős csapágy zárt véggel	https://cdn.schaeffler-ecommerce.com/cdn/00006BBD_d.png	
	INA axiális csapágyegység	https://cdn.schaeffler-ecommerce.com/cdn/00083AE6_d.png	
	INA excenteres rögzítőgyűrűvel szerelt Y-csapágy	https://cdn.schaeffler-ecommerce.com/cdn/0008A33A_d.png	
	INA PTFE Composite hengeres csúszócsapágy	https://cdn.schaeffler-ecommerce.com/cdn/00170B00_d.png	
	THN PTFE Composite hengeres csúszócsapágy	https://cdn.schaeffler-ecommerce.com/cdn/00170B00_d.png	
	PERMAGLIDE hengeres csúszócsapágy	https://cdn.schaeffler-ecommerce.com/cdn/00170B00_d.png	
	PERMAGLIDE peremes csúszócsapágy	https://cdn.schaeffler-ecommerce.com/cdn/0017065D_d.png	
	INA PTFE Composite peremes csúszócsapágy	https://cdn.schaeffler-ecommerce.com/cdn/0017065D_d.png	
	INA PTFE Composite támasztótárcsa	https://cdn.schaeffler-ecommerce.com/cdn/0016E70D_d.png	
	PERMAGLIDE támasztótárcsa	https://cdn.schaeffler-ecommerce.com/cdn/0016E70D_d.png	
	INA Y sajtolt acél csapágyház, ovális	https://cdn.schaeffler-ecommerce.com/cdn/00088293_d.png	
	INA Y sajtolt acél csapágyház, kerek	https://cdn.schaeffler-ecommerce.com/cdn/000882B1_d.png	
	INA öntött Y csapágyegység ovális kompakt házzal	https://cdn.schaeffler-ecommerce.com/cdn/00089D8E_d.png	
	INA kétsorú ferdehatásvonalú golyóscsap. porvédős	https://cdn.schaeffler-ecommerce.com/cdn/0018A7BF_d.png	
	INA gömbcsuklós fej külső menettel	https://cdn.schaeffler-ecommerce.com/cdn/001E1EDF_d.png	
	WSW gömbcsuklós fej külső menettel	https://cdn.schaeffler-ecommerce.com/cdn/001E1EDF_d.png	
	INA gömbcsukló	https://cdn.schaeffler-ecommerce.com/cdn/001E0935_d.png	
	WSW gömbcsukló	https://cdn.schaeffler-ecommerce.com/cdn/001E0935_d.png	
	INA tömített gömbcsukló	https://cdn.schaeffler-ecommerce.com/cdn/001E1F17_d.png	
	WSW tömített gömbcsukló	https://cdn.schaeffler-ecommerce.com/cdn/001E1F17_d.png	
	INA gömbcsukló, karbantartásmentes	https://cdn.schaeffler-ecommerce.com/cdn/001E2006_d.png	
	INA karbantartásmentes axiális gömbcsukló	https://cdn.schaeffler-ecommerce.com/cdn/001E2B16_d.png	
	WSW karbantartásmentes axiális gömbcsukló	https://cdn.schaeffler-ecommerce.com/cdn/001E2B16_d.png	
	INA gömbcsuklós fej, téglalap profil, hegesztéshez	https://cdn.schaeffler-ecommerce.com/cdn/001E2035_d.png	
	WSW gömbcsuklós fej, téglalap profil, hegesztéshez	https://cdn.schaeffler-ecommerce.com/cdn/001E2035_d.png	
	INA gömbcsuklós fej belső menettel	https://cdn.schaeffler-ecommerce.com/cdn/001E2051_d.png	
	WSW gömbcsuklós fej belső menettel	https://cdn.schaeffler-ecommerce.com/cdn/001E2051_d.png	
	INA gömbcsuklós fej belső menettel, karbant.mentes	https://cdn.schaeffler-ecommerce.com/cdn/001E2055_d.png	
	INA öntött Y csapágyegys. ovális alakú kompakt ház	https://cdn.schaeffler-ecommerce.com/cdn/00089D8E_d.png	
	INA fészektárcsa axiális görgős csapágyhoz	https://cdn.schaeffler-ecommerce.com/cdn/0000748D_d.png	
	INA Y-csapágy kúpos furattal, szorítóhüvellyel	https://cdn.schaeffler-ecommerce.com/cdn/0008A33F_d.png	
	INA Y csapágy négyszög furattal	https://cdn.schaeffler-ecommerce.com/cdn/0008A345_d.png	
	INA szabadonfutó csapágy	https://cdn.schaeffler-ecommerce.com/cdn/000093FB_d.png	
	INA lemezházas tűgörgős csapágy	https://cdn.schaeffler-ecommerce.com/cdn/00006BAD_d.png	
	INA telegörgős tűgörgős csapágy (HK)	https://cdn.schaeffler-ecommerce.com/cdn/00006B68_d.png	
	INA belső gyűrű tűgörgős csapágyhoz	https://cdn.schaeffler-ecommerce.com/cdn/00006A6C_d.png	
	INA tűgörgős kosár	https://cdn.schaeffler-ecommerce.com/cdn/001C2F7D_d.png	
	INA axiális hengergörgős csapágy kosár	https://cdn.schaeffler-ecommerce.com/cdn/0000747E_d.png	
	INA lineáris csapágy	https://cdn.schaeffler-ecommerce.com/cdn/0001536C_d.png	
	INA csapos támasztógörgő	https://cdn.schaeffler-ecommerce.com/cdn/00007B8F_d.png	
	INA csapos támasztógörgő (excenteres)	https://cdn.schaeffler-ecommerce.com/cdn/00007B52_d.png	
	INA csapos támasztógörgő (telegörgős tűgörgős)	https://cdn.schaeffler-ecommerce.com/cdn/00007B45_d.png	
	INA lineáris kocsi	https://cdn.schaeffler-ecommerce.com/cdn/000150FD_d.png	
	INA lineáris csapágyegység	https://cdn.schaeffler-ecommerce.com/cdn/00008986_d.png	
	INA egysorú ferde hatásvonalú golyóscsapágy	https://cdn.schaeffler-ecommerce.com/cdn/0018EB8B_d.png	
	INA öntött, álló Y csapágyegység	https://cdn.schaeffler-ecommerce.com/cdn/0008AD1A_d.png	
	INA lineáris excenteres támasztógörgő	https://cdn.schaeffler-ecommerce.com/cdn/000138A4_d.png	
	INA támasztógörgő / futógörgő (U profil)	https://cdn.schaeffler-ecommerce.com/cdn/00013910_d.png	
	INA menetes csapszeg LFR támasztógörgőhöz	https://cdn.schaeffler-ecommerce.com/cdn/000138A2_d.png	
	INA vezetőgörgő (mélyhornyú golyós) domború palást	https://cdn.schaeffler-ecommerce.com/cdn/0000E4F6_d.png	
	INA kétsoros golyós vezetőgörgő	https://cdn.schaeffler-ecommerce.com/cdn/0000E497_d.png	
	INA kétsoros vezetőgörgő	https://cdn.schaeffler-ecommerce.com/cdn/0000E4F6_d.png	
	INA gördülőtárcsa axiális tűgörgős csapágyhoz	https://cdn.schaeffler-ecommerce.com/cdn/0000742E_d.png	
	INA tűgörgős csapágy belső gyűrűvel, porvédős	https://cdn.schaeffler-ecommerce.com/cdn/00007720_d.png	
	INA tűgörgős csapágy belső gyűrűvel	https://cdn.schaeffler-ecommerce.com/cdn/000069C1_d.png	
	INA tűgörgős csapágy belső gyűrűvel, vállak nélkül	https://cdn.schaeffler-ecommerce.com/cdn/00006A46_d.png	
	INA támasztógörgő (tűgörgős)	https://cdn.schaeffler-ecommerce.com/cdn/000078A2_d.png	
	INA támasztógörgő (telegörgős tűgörgős)	https://cdn.schaeffler-ecommerce.com/cdn/000078AA_d.png	
	INA tűgörgős csapágy belső gyűrű nélkül	https://cdn.schaeffler-ecommerce.com/cdn/000069D9_d.png	
	INA tűgörgős csapágy belső gyűrűvel	https://cdn.schaeffler-ecommerce.com/cdn/000069C1_d.png	
	INA kombinált tűgörgős/golyós csap. osztott belső	https://cdn.schaeffler-ecommerce.com/cdn/00006F3B_d.png	
	INA kombinált tűgörgős/axiális golyós csapágy zárt	https://cdn.schaeffler-ecommerce.com/cdn/00006F25_d.png	
	INA csapos támasztógörgő (telegörgős hengergörgős)	https://cdn.schaeffler-ecommerce.com/cdn/000079DA_d.png	
	INA telegörgős vezetőgörgő	https://cdn.schaeffler-ecommerce.com/cdn/00007BB1_d.png	
	INA támasztógörgő (kétsorú telegörgős hengergörgős	https://cdn.schaeffler-ecommerce.com/cdn/00007734_d.png	
	INA kombinált tűgörgős/telegörgős csapágy zsírken.	https://cdn.schaeffler-ecommerce.com/cdn/00006F38_d.png	
	INA lineáris csapágyegység	https://cdn.schaeffler-ecommerce.com/cdn/0000A4D9_d.png	
	INA öntött Y csapágyegység, négyzet alakú házzal	https://cdn.schaeffler-ecommerce.com/cdn/00089DA0_d.png	
	INA öntött Y csapágyegység, háromszög alakú házzal	https://cdn.schaeffler-ecommerce.com/cdn/00089D9B_d.png	
	INA öntött Y csapágyegység, ovális alakú házzal	https://cdn.schaeffler-ecommerce.com/cdn/00089DA5_d.png	
	INA öntött Y csapágyegység, kör alakú házzal	https://cdn.schaeffler-ecommerce.com/cdn/00089DB9_d.png	
	INA öntött, álló Y csapágyegység (zsákfurattal)	https://cdn.schaeffler-ecommerce.com/cdn/00089DC5_d.png	
	INA feszítő Y-csapágyegység öntöttvas házzal	https://cdn.schaeffler-ecommerce.com/cdn/00089DD1_d.png	
	INA csapos támasztógörgő	https://cdn.schaeffler-ecommerce.com/cdn/000079CA_d.png	
	INA Y csapágy dumború gumibetéttel excentergyűrűs	https://cdn.schaeffler-ecommerce.com/cdn/0008A582_d.png	
	INA Y csapágy hengeres palást, excenter gyűrűs	https://cdn.schaeffler-ecommerce.com/cdn/0008A610_d.png	
	INA Y csapágy domború palást, excenter gyűrűs	https://cdn.schaeffler-ecommerce.com/cdn/0008A33A_d.png	
	INA Y csapágy hengeres palást excenter gyűrű +gumi	https://cdn.schaeffler-ecommerce.com/cdn/0008A586_d.png	
	INA Y csapágyegység	https://cdn.schaeffler-ecommerce.com/cdn/00089C89_d.png	
	INA tűgörgős csapágy belső gyűrű nélkül, porvédős	https://cdn.schaeffler-ecommerce.com/cdn/000069D9_d.png	
	INA tűgörgős csapágy belső gyűrű nélkül	https://cdn.schaeffler-ecommerce.com/cdn/000069F6_d.png	
	INA kétsorú telegörg hengergörg cs külső gy nélkül	https://cdn.schaeffler-ecommerce.com/cdn/0018C86D_d.png	
	INA támasztógörgő belső gyűrű nélkül	https://cdn.schaeffler-ecommerce.com/cdn/000078B4_d.png	
	INA kétsorú telegörgős hengergörgős cs. tömített	https://cdn.schaeffler-ecommerce.com/cdn/001B5112_d.png	
	INA egysorú telegörgős hengergörgős csapágy	https://cdn.schaeffler-ecommerce.com/cdn/00007DC6_d.png	
	INA egysorú telegörgős hengergörgős csapágy (NJ)	https://cdn.schaeffler-ecommerce.com/cdn/001B4CCD_d.png	
	INA támasztógörgő belső gyűrűvel	https://cdn.schaeffler-ecommerce.com/cdn/00007755_d.png	
	INA lineáris sín	https://cdn.schaeffler-ecommerce.com/cdn/001B98B9_d.png	
	INA tengelytárcsa hengergörgős axiális csapágyhoz	https://cdn.schaeffler-ecommerce.com/cdn/00007494_d.png	
	INA kombinált tűgörgős/axiális hengergörgős csap.	https://cdn.schaeffler-ecommerce.com/cdn/00006E51_d.png	
	INA kétsorú ferdehatásvonalú golyóscsap. porvédős	https://cdn.schaeffler-ecommerce.com/cdn/00006E1B_d.png	
	INA kétsorú ferdehatásvonalú golyóscsap. egység	https://cdn.schaeffler-ecommerce.com/cdn/00006E2B_d.png	
	INA precíziós tengelyanya	https://cdn.schaeffler-ecommerce.com/cdn/00006EA1_d.png	
	KOYO egysorú kúpgörgős csapágy	https://bearingfinder.ntnamericas.com/Asset/Tapered-Roller-Sets--Metric-ISO-Series-.png	
	PFI egysorú kúpgörgős csapágy	https://bearingfinder.ntnamericas.com/Asset/Tapered-Roller-Sets--Metric-ISO-Series-.png	
	SNR egysorú kúpgörgős csapágy	https://bearingfinder.ntnamericas.com/Asset/Tapered-Roller-Sets--Metric-ISO-Series-.png	
	STEYR egysorú kúpgörgős csapágy	https://bearingfinder.ntnamericas.com/Asset/Tapered-Roller-Sets--Metric-ISO-Series-.png	
	NTN egysorú kúpgörgős csapágy	https://bearingfinder.ntnamericas.com/Asset/Tapered-Roller-Sets--Metric-ISO-Series-.png	
	NSK egysorú kúpgörgős csapágy	https://bearingfinder.ntnamericas.com/Asset/Tapered-Roller-Sets--Metric-ISO-Series-.png	
	NACHI egysorú kúpgörgős csapágy	https://bearingfinder.ntnamericas.com/Asset/Tapered-Roller-Sets--Metric-ISO-Series-.png	
	KOYO beálló golyóscsapágy	https://bearingfinder.ntnamericas.com/Asset/Self-Aligning-Ball-Bearings.png	
	STEYR beálló golyóscsapágy	https://bearingfinder.ntnamericas.com/Asset/Self-Aligning-Ball-Bearings.png	
	RHP beálló golyóscsapágy	https://bearingfinder.ntnamericas.com/Asset/Self-Aligning-Ball-Bearings.png	
	NSK beálló golyóscsapágy	https://bearingfinder.ntnamericas.com/Asset/Self-Aligning-Ball-Bearings.png	
	KOYO beálló golyóscsapágy kúpos furattal	https://bearingfinder.ntnamericas.com/Asset/Self-Aligning-Ball-Bearings.png	
	RHP egysorú mélyhornyú golyóscsapágy	https://bearingfinder.ntnamericas.com/Asset/Self-Aligning-Ball-Bearings.png	
	STEYR egysorú mélyhornyú golyóscsapágy	https://bearingfinder.ntnamericas.com/Asset/Self-Aligning-Ball-Bearings.png	
	ZWICKER egysorú mélyhornyú golyóscsapágy	https://bearingfinder.ntnamericas.com/Asset/Self-Aligning-Ball-Bearings.png	
	KOYO egysorú mélyhornyú golyóscsapágy	https://bearingfinder.ntnamericas.com/Asset/Single-Row-Radial-Ball-Bearings.png	
	PFI egysorú mélyhornyú golyóscsapágy	https://bearingfinder.ntnamericas.com/Asset/Single-Row-Radial-Ball-Bearings.png	
	NACHI egysorú mélyhornyú golyóscsapágy	https://bearingfinder.ntnamericas.com/Asset/Single-Row-Radial-Ball-Bearings.png	
	NKE egysorú mélyhornyú golyóscsapágy	https://bearingfinder.ntnamericas.com/Asset/Single-Row-Radial-Ball-Bearings.png	
	SNR egysorú mélyhornyú golyóscsapágy	https://bearingfinder.ntnamericas.com/Asset/Single-Row-Radial-Ball-Bearings.png	
	NMB egysorú mélyhornyú golyóscsapágy	https://bearingfinder.ntnamericas.com/Asset/Single-Row-Radial-Ball-Bearings.png	
	NICE egysorú mélyhornyú golyóscsapágy	https://bearingfinder.ntnamericas.com/Asset/Single-Row-Radial-Ball-Bearings.png	
	NTN egysorú mélyhornyú golyóscsapágy	https://bearingfinder.ntnamericas.com/Asset/Single-Row-Radial-Ball-Bearings.png	
	NSK egysorú mélyhornyú golyóscsapágy	https://bearingfinder.ntnamericas.com/Asset/Single-Row-Radial-Ball-Bearings.png	
	MTK egysorú mélyhornyú golyóscsapágy	https://bearingfinder.ntnamericas.com/Asset/Single-Row-Radial-Ball-Bearings.png	
	KOYO beálló görgőscsapágy	https://bearingfinder.ntnamericas.com/Asset/Spherical-Roller-Bearings-Standard-Bore_1.png	
	NTN beálló görgőscsapágy	https://bearingfinder.ntnamericas.com/Asset/Spherical-Roller-Bearings-Standard-Bore_1.png	
	KOYO beálló görgőscsapágy kúpos furattal	https://bearingfinder.ntnamericas.com/Asset/Spherical-Roller-Bearings-Standard-Bore_1.png	
	NACHI beálló görgőscsapágy kúpos furattal	https://bearingfinder.ntnamericas.com/Asset/Spherical-Roller-Bearings-Standard-Bore_1.png	
	NTN beálló görgőscsapágy kúpos furattal	https://bearingfinder.ntnamericas.com/Asset/Spherical-Roller-Bearings-Standard-Bore_1.png	
	NSK beálló görgőscsapágy kúpos furattal	https://bearingfinder.ntnamericas.com/Asset/Spherical-Roller-Bearings-Standard-Bore_1.png	
	KOYO beálló axiális görgőscsapágy	https://bearingfinder.ntnamericas.com/Asset/Spherical-Roller-Thrust-Bearings.png	
	NACHI beálló axiális görgőscsapágy	https://bearingfinder.ntnamericas.com/Asset/Spherical-Roller-Thrust-Bearings.png	
	QCB beálló axiális görgőscsapágy	https://bearingfinder.ntnamericas.com/Asset/Spherical-Roller-Thrust-Bearings.png	
	UKF kétsorú ferdehatásvonalú golyóscsapágy	https://bearingfinder.ntnamericas.com/Asset/Spherical-Roller-Thrust-Bearings.png	
	KOYO kétsorú ferdehatásvonalú golyóscsapágy	https://bearingfinder.ntnamericas.com/Asset/Double-Row-Angular-Contact-Ball-Bearings.png	
	NTN kétsorú ferdehatásvonalú golyóscsapágy	https://bearingfinder.ntnamericas.com/Asset/Double-Row-Angular-Contact-Ball-Bearings.png	
	NSK kétsorú ferdehatásvonalú golyóscsapágy	https://bearingfinder.ntnamericas.com/Asset/Double-Row-Angular-Contact-Ball-Bearings.png	
	NKE kétsorú ferdehatásvonalú golyóscsapágy	https://bearingfinder.ntnamericas.com/Asset/Double-Row-Angular-Contact-Ball-Bearings.png	
	TIMKEN lemezházas tűgörgős csapágy	https://bearingfinder.ntnamericas.com/Asset/Drawn-Cup-Needle-Roller-Bearing-HK-HMK-Type.png	
	KOYO lemezházas tűgörgős csapágy	https://bearingfinder.ntnamericas.com/Asset/Drawn-Cup-Needle-Roller-Bearing-HK-HMK-Type.png	https://bearingfinder.ntnamericas.com/Asset/Drawn-Cup-Needle-Roller-Bearing-Dimension-1_S.png
	NTN lemezházas tűgörgős csapágy	https://bearingfinder.ntnamericas.com/Asset/Drawn-Cup-Needle-Roller-Bearing-HK-HMK-Type.png	https://bearingfinder.ntnamericas.com/Asset/Drawn-Cup-Needle-Roller-Bearing-Dimension-1_S.png
	NIS lemezházas tűgörgős csapágy	https://bearingfinder.ntnamericas.com/Asset/Drawn-Cup-Needle-Roller-Bearing-HK-HMK-Type.png	https://bearingfinder.ntnamericas.com/Asset/Drawn-Cup-Needle-Roller-Bearing-Dimension-1_S.png
	KOYO tűgörgős csapágy belső gyűrűvel	https://bearingfinder.ntnamericas.com/Asset/Machined-Ring-Needle-Roller-Bearings-w-Inner-Ring.png	
	NTN tűgörgős csapágy belső gyűrűvel	https://bearingfinder.ntnamericas.com/Asset/Machined-Ring-Needle-Roller-Bearings-w-Inner-Ring.png	
	NADELLA tűgörgős csapágy belső gyűrűvel	https://bearingfinder.ntnamericas.com/Asset/Machined-Ring-Needle-Roller-Bearings-w-Inner-Ring.png	
	KOYO axiális golyóscsapágy egyirányú terhelésre	https://bearingfinder.ntnamericas.com/Asset/1264.png	
	STEYR axiális golyóscsapágy egyirányú terhelésre	https://bearingfinder.ntnamericas.com/Asset/1264.png	
	NSK axiális golyóscsapágy egyirányú terhelésre	https://bearingfinder.ntnamericas.com/Asset/1264.png	
	KOYO kétsorú ferdehatásvonalú golyóscsap. porvédős	https://bearingfinder.ntnamericas.com/Asset/Double-Row-Angular-Contact-Ball-Bearings.png	
	KOYO egysorú ferde hatásvonalú golyóscsapágy	https://bearingfinder.ntnamericas.com/Asset/Single-Angular-Contact-Ball-Bearing-for-Motors-and-Lathes.png	
	RHP egysorú ferde hatásvonalú golyóscsapágy	https://bearingfinder.ntnamericas.com/Asset/Single-Angular-Contact-Ball-Bearing-for-Motors-and-Lathes.png	
	NTN egysorú ferde hatásvonalú golyóscsapágy	https://bearingfinder.ntnamericas.com/Asset/Single-Angular-Contact-Ball-Bearing-for-Motors-and-Lathes.png	
	NSK egysorú ferde hatásvonalú golyóscsapágy	https://bearingfinder.ntnamericas.com/Asset/Single-Angular-Contact-Ball-Bearing-for-Motors-and-Lathes.png	
	KOYO egysorú hengergörgős csapágy (NJ)	https://bearingfinder.ntnamericas.com/Asset/ISO-Series-Single-Row-Cylindrical-Roller-Bearings.png	https://bearingfinder.ntnamericas.com/Asset/ISO-Series-Cylindrical-Roller-Bearings_S.png
	NACHI egysorú hengergörgős csapágy (NJ)	https://bearingfinder.ntnamericas.com/Asset/ISO-Series-Single-Row-Cylindrical-Roller-Bearings.png	https://bearingfinder.ntnamericas.com/Asset/ISO-Series-Cylindrical-Roller-Bearings_S.png
	STEYR egysorú hengergörgős csapágy (NJ)	https://bearingfinder.ntnamericas.com/Asset/ISO-Series-Single-Row-Cylindrical-Roller-Bearings.png	https://bearingfinder.ntnamericas.com/Asset/ISO-Series-Cylindrical-Roller-Bearings_S.png
	NKE egysorú hengergörgős csapágy (NJ)	https://bearingfinder.ntnamericas.com/Asset/ISO-Series-Single-Row-Cylindrical-Roller-Bearings.png	https://bearingfinder.ntnamericas.com/Asset/ISO-Series-Cylindrical-Roller-Bearings_S.png
	NTN egysorú hengergörgős csapágy (NJ)	https://bearingfinder.ntnamericas.com/Asset/ISO-Series-Single-Row-Cylindrical-Roller-Bearings.png	https://bearingfinder.ntnamericas.com/Asset/ISO-Series-Cylindrical-Roller-Bearings_S.png
	NSK egysorú hengergörgős csapágy (NJ)	https://bearingfinder.ntnamericas.com/Asset/ISO-Series-Single-Row-Cylindrical-Roller-Bearings.png	https://bearingfinder.ntnamericas.com/Asset/ISO-Series-Cylindrical-Roller-Bearings_S.png
	SNR egysorú hengergörgős csapágy (NJ)	https://bearingfinder.ntnamericas.com/Asset/ISO-Series-Single-Row-Cylindrical-Roller-Bearings.png	https://bearingfinder.ntnamericas.com/Asset/ISO-Series-Cylindrical-Roller-Bearings_S.png
	MTK egysorú hengergörgős csapágy (NJ)	https://bearingfinder.ntnamericas.com/Asset/ISO-Series-Single-Row-Cylindrical-Roller-Bearings.png	https://bearingfinder.ntnamericas.com/Asset/ISO-Series-Cylindrical-Roller-Bearings_S.png
	KOYO axiális hengergörgős csapágy, egyirányú terh.	https://bearingfinder.ntnamericas.com/Asset/Thrust-Cylindrical-Roller-Bearings.png	
	KOYO axiális tárcsa tűgörgős csapágyhoz	https://bearingfinder.ntnamericas.com/Asset/Washers.png	
	KOYO axiális tűgörgős csapágy (kosár)	https://bearingfinder.ntnamericas.com/Asset/Thrust-Roller-and-Cage-Assemblies.png	
	KOYO öntött Y csapágyegység, ovális alakú házzal	https://bearingfinder.ntnamericas.com/Asset/UKFL210D1-1.png	
	KOYO csapos támasztógörgő	https://bearingfinder.ntnamericas.com/Asset/Cam-Followers.png	
	TIMKEN hengergörgős csapágy belső gyűrű nélkül	https://bearingfinder.ntnamericas.com/Asset/Outer-Ring-with-Cage-and-Rollers.png	https://bearingfinder.ntnamericas.com/Asset/Outer-Ring-with-Cage-and-Rollers_S.png
	KOYO hengergörgős csapágy belső gyűrű nélkül	https://bearingfinder.ntnamericas.com/Asset/Outer-Ring-with-Cage-and-Rollers.png	https://bearingfinder.ntnamericas.com/Asset/Outer-Ring-with-Cage-and-Rollers_S.png
	SNR hengergörgős csapágy belső gyűrű nélkül	https://bearingfinder.ntnamericas.com/Asset/Outer-Ring-with-Cage-and-Rollers.png	https://bearingfinder.ntnamericas.com/Asset/Outer-Ring-with-Cage-and-Rollers_S.png
	NTN hengergörgős csapágy belső gyűrű nélkül	https://bearingfinder.ntnamericas.com/Asset/Outer-Ring-with-Cage-and-Rollers.png	https://bearingfinder.ntnamericas.com/Asset/Outer-Ring-with-Cage-and-Rollers_S.png
	NSK hengergörgős csapágy belső gyűrű nélkül	https://bearingfinder.ntnamericas.com/Asset/Outer-Ring-with-Cage-and-Rollers.png	https://bearingfinder.ntnamericas.com/Asset/Outer-Ring-with-Cage-and-Rollers_S.png
	KOYO öntött Y csapágyház, négyzet alakú	https://bearingfinder.ntnamericas.com/Asset/UKF207D1-1.png	
	NTN öntött Y csapágyház, négyzet alakú	https://bearingfinder.ntnamericas.com/Asset/UKF207D1-1.png	
	KOYO fészektárcsa axiális görgős csapágyhoz	https://bearingfinder.ntnamericas.com/Asset/Outer-Rings-for-Thrust-Roller-Bearings.png	
	KOYO belső gyűrű tűgörgős csapágyhoz	https://bearingfinder.ntnamericas.com/Asset/Inner-Ring.png	
	NTN belső gyűrű tűgörgős csapágyhoz	https://bearingfinder.ntnamericas.com/Asset/Inner-Ring.png	
	McGILL belső gyűrű tűgörgős csapágyhoz	https://bearingfinder.ntnamericas.com/Asset/Inner-Ring.png	
	KOYO tűgörgős kosár	https://cdn.schaeffler-ecommerce.com/cdn/001C2F7D_d.png	
	RUVILLE tűgörgős kosár	https://cdn.schaeffler-ecommerce.com/cdn/001C2F7D_d.png	
	NTN tűgörgős kosár	https://cdn.schaeffler-ecommerce.com/cdn/001C2F7D_d.png	
	KOYO axiális hengergörgős csapágy kosár	https://cdn.schaeffler-ecommerce.com/cdn/0000747E_d.png	
	KOYO csapos támasztógörgő	https://bearingfinder.ntnamericas.com/Asset/Cam-Followers.png	
	McGILL csapos támasztógörgő	https://bearingfinder.ntnamericas.com/Asset/Cam-Followers.png	
	NADELLA csapos támasztógörgő	https://bearingfinder.ntnamericas.com/Asset/Cam-Followers.png	
	KOYO gördülőtárcsa axiális tűgörgős csapágyhoz	https://bearingfinder.ntnamericas.com/Asset/Outer-Rings-for-Thrust-Roller-Bearings.png	
	KOYO egysorú hengergörgős csapágy (N)	https://bearingfinder.ntnamericas.com/Asset/ISO-Series-Single-Row-Cylindrical-Roller-Bearings.png	https://bearingfinder.ntnamericas.com/Asset/ISO-Series-Cylindrical-Roller-Bearings_S.png
	NTN egysorú hengergörgős csapágy (N)	https://bearingfinder.ntnamericas.com/Asset/ISO-Series-Single-Row-Cylindrical-Roller-Bearings.png	https://bearingfinder.ntnamericas.com/Asset/ISO-Series-Cylindrical-Roller-Bearings_S.png
	STEYR egysorú hengergörgős csapágy (N)	https://bearingfinder.ntnamericas.com/Asset/ISO-Series-Single-Row-Cylindrical-Roller-Bearings.png	https://bearingfinder.ntnamericas.com/Asset/ISO-Series-Cylindrical-Roller-Bearings_S.png
	RIV egysorú hengergörgős csapágy (N)	https://bearingfinder.ntnamericas.com/Asset/ISO-Series-Single-Row-Cylindrical-Roller-Bearings.png	https://bearingfinder.ntnamericas.com/Asset/ISO-Series-Cylindrical-Roller-Bearings_S.png
	NSK egysorú hengergörgős csapágy (N)	https://bearingfinder.ntnamericas.com/Asset/ISO-Series-Single-Row-Cylindrical-Roller-Bearings.png	https://bearingfinder.ntnamericas.com/Asset/ISO-Series-Cylindrical-Roller-Bearings_S.png
	RHP egysorú hengergörgős csapágy (N)	https://bearingfinder.ntnamericas.com/Asset/ISO-Series-Single-Row-Cylindrical-Roller-Bearings.png	https://bearingfinder.ntnamericas.com/Asset/ISO-Series-Cylindrical-Roller-Bearings_S.png
	NKE egysorú hengergörgős csapágy (N)	https://bearingfinder.ntnamericas.com/Asset/ISO-Series-Single-Row-Cylindrical-Roller-Bearings.png	https://bearingfinder.ntnamericas.com/Asset/ISO-Series-Cylindrical-Roller-Bearings_S.png
	KOYO Y-csapágy kúpos furattal, szorítóhüvellyel	https://bearingfinder.ntnamericas.com/Asset/Adapter-Type-Bearings.png	https://bearingfinder.ntnamericas.com/Asset/Adapter-Type-Bearings_S.png
	SNR Y-csapágy kúpos furattal, szorítóhüvellyel	https://bearingfinder.ntnamericas.com/Asset/Adapter-Type-Bearings.png	
	NSK Y-csapágy kúpos furattal, szorítóhüvellyel	https://bearingfinder.ntnamericas.com/Asset/Adapter-Type-Bearings.png	https://bearingfinder.ntnamericas.com/Asset/Adapter-Type-Bearings_S.png
	KOYO egysorú hengergörgős csapágy (NF)	https://bearingfinder.ntnamericas.com/Asset/ISO-Series-Single-Row-Cylindrical-Roller-Bearings.png	https://bearingfinder.ntnamericas.com/Asset/ISO-Series-Cylindrical-Roller-Bearings_S.png
	RHP egysorú hengergörgős csapágy (NF)	https://bearingfinder.ntnamericas.com/Asset/ISO-Series-Single-Row-Cylindrical-Roller-Bearings.png	https://bearingfinder.ntnamericas.com/Asset/ISO-Series-Cylindrical-Roller-Bearings_S.png
	KOYO tűgörgős csapágy belső gyűrű nélkül	https://bearingfinder.ntnamericas.com/Asset/Machined-Ring-Needle-Roller-Bearings-wo-Inner-Ring.png	https://bearingfinder.ntnamericas.com/Asset/Machined-Ring-Needle-Roller-Bearings-wo-Inner-Ring_S.png
	NTN tűgörgős csapágy belső gyűrű nélkül	https://bearingfinder.ntnamericas.com/Asset/Machined-Ring-Needle-Roller-Bearings-wo-Inner-Ring.png	https://bearingfinder.ntnamericas.com/Asset/Machined-Ring-Needle-Roller-Bearings-wo-Inner-Ring_S.png
	McGILL tűgörgős csapágy belső gyűrű nélkül	https://bearingfinder.ntnamericas.com/Asset/Machined-Ring-Needle-Roller-Bearings-wo-Inner-Ring.png	https://bearingfinder.ntnamericas.com/Asset/Machined-Ring-Needle-Roller-Bearings-wo-Inner-Ring_S.png
	NADELLA tűgörgős csapágy belső gyűrű nélkül	https://bearingfinder.ntnamericas.com/Asset/Machined-Ring-Needle-Roller-Bearings-wo-Inner-Ring.png	https://bearingfinder.ntnamericas.com/Asset/Machined-Ring-Needle-Roller-Bearings-wo-Inner-Ring_S.png
	KOYO egysorú hengergörgős csapágy (NU)	https://bearingfinder.ntnamericas.com/Asset/ISO-Series-Single-Row-Cylindrical-Roller-Bearings.png	https://bearingfinder.ntnamericas.com/Asset/ISO-Series-Cylindrical-Roller-Bearings_S.png
	RHP egysorú hengergörgős csapágy (NU)	https://bearingfinder.ntnamericas.com/Asset/ISO-Series-Single-Row-Cylindrical-Roller-Bearings.png	https://bearingfinder.ntnamericas.com/Asset/ISO-Series-Cylindrical-Roller-Bearings_S.png
	STEYR egysorú hengergörgős csapágy (NU)	https://bearingfinder.ntnamericas.com/Asset/ISO-Series-Single-Row-Cylindrical-Roller-Bearings.png	https://bearingfinder.ntnamericas.com/Asset/ISO-Series-Cylindrical-Roller-Bearings_S.png
	NACHI egysorú hengergörgős csapágy (NU)	https://bearingfinder.ntnamericas.com/Asset/ISO-Series-Single-Row-Cylindrical-Roller-Bearings.png	https://bearingfinder.ntnamericas.com/Asset/ISO-Series-Cylindrical-Roller-Bearings_S.png
	NSK egysorú hengergörgős csapágy (NU)	https://bearingfinder.ntnamericas.com/Asset/ISO-Series-Single-Row-Cylindrical-Roller-Bearings.png	https://bearingfinder.ntnamericas.com/Asset/ISO-Series-Cylindrical-Roller-Bearings_S.png
	NTN egysorú hengergörgős csapágy (NU)	https://bearingfinder.ntnamericas.com/Asset/ISO-Series-Single-Row-Cylindrical-Roller-Bearings.png	https://bearingfinder.ntnamericas.com/Asset/ISO-Series-Cylindrical-Roller-Bearings_S.png
	NKE egysorú hengergörgős csapágy (NU)	https://bearingfinder.ntnamericas.com/Asset/ISO-Series-Single-Row-Cylindrical-Roller-Bearings.png	https://bearingfinder.ntnamericas.com/Asset/ISO-Series-Cylindrical-Roller-Bearings_S.png
	KOYO csapos támasztógörgő (telegörgős hengergörgős	https://bearingfinder.ntnamericas.com/Asset/Cam-Followers.png	
	KOYO egysorú hengergörgős csapágy (NUP)	https://bearingfinder.ntnamericas.com/Asset/ISO-Series-Single-Row-Cylindrical-Roller-Bearings.png	https://bearingfinder.ntnamericas.com/Asset/ISO-Series-Cylindrical-Roller-Bearings_S.png
	NACHI egysorú hengergörgős csapágy (NUP)	https://bearingfinder.ntnamericas.com/Asset/ISO-Series-Single-Row-Cylindrical-Roller-Bearings.png	https://bearingfinder.ntnamericas.com/Asset/ISO-Series-Cylindrical-Roller-Bearings_S.png
	NTN egysorú hengergörgős csapágy (NUP)	https://bearingfinder.ntnamericas.com/Asset/ISO-Series-Single-Row-Cylindrical-Roller-Bearings.png	https://bearingfinder.ntnamericas.com/Asset/ISO-Series-Cylindrical-Roller-Bearings_S.png
	STEYR egysorú hengergörgős csapágy (NUP)	https://bearingfinder.ntnamericas.com/Asset/ISO-Series-Single-Row-Cylindrical-Roller-Bearings.png	https://bearingfinder.ntnamericas.com/Asset/ISO-Series-Cylindrical-Roller-Bearings_S.png
	NSK egysorú hengergörgős csapágy (NUP)	https://bearingfinder.ntnamericas.com/Asset/ISO-Series-Single-Row-Cylindrical-Roller-Bearings.png	https://bearingfinder.ntnamericas.com/Asset/ISO-Series-Cylindrical-Roller-Bearings_S.png
	RIV egysorú hengergörgős csapágy (NUP)	https://bearingfinder.ntnamericas.com/Asset/ISO-Series-Single-Row-Cylindrical-Roller-Bearings.png	https://bearingfinder.ntnamericas.com/Asset/ISO-Series-Cylindrical-Roller-Bearings_S.png
	MTK egysorú hengergörgős csapágy (NUP)	https://bearingfinder.ntnamericas.com/Asset/ISO-Series-Single-Row-Cylindrical-Roller-Bearings.png	https://bearingfinder.ntnamericas.com/Asset/ISO-Series-Cylindrical-Roller-Bearings_S.png
	KOYO támasztógörgő (kétsorú telegörgős hengergörgős	https://bearingfinder.ntnamericas.com/Asset/Roller-Follower-Yoke-Type-Track-Roller-Bearings-w-Inner-Ring-.png	
	KOYO tűgörgős csapágy belső gyűrű nélkül, porvédős	https://bearingfinder.ntnamericas.com/Asset/Machined-Ring-Needle-Roller-Bearings-wo-Inner-Ring.png	
	KOYO támasztógörgő belső gyűrű nélkül	https://bearingfinder.ntnamericas.com/Asset/Roller-Follower-Yoke-Type-Track-Roller-Bearings-wo-Inner-Ring-.png	
	KOYO hernyócsavaros rögzítésű Y-csapágy	https://bearingfinder.ntnamericas.com/Asset/Set-Screw-Type---Spherical-O-D-.png	
	RHP hernyócsavaros rögzítésű Y-csapágy	https://bearingfinder.ntnamericas.com/Asset/Set-Screw-Type---Spherical-O-D-.png	
	SNR hernyócsavaros rögzítésű Y-csapágy	https://bearingfinder.ntnamericas.com/Asset/Set-Screw-Type---Spherical-O-D-.png	
	NTN hernyócsavaros rögzítésű Y-csapágy	https://bearingfinder.ntnamericas.com/Asset/Set-Screw-Type---Spherical-O-D-.png	
	KOYO hengergörgős csapágy külső gyűrű nélkül	https://bearingfinder.ntnamericas.com/Asset/Inner-Ring-with-Cage-and-Rollers.png	
	NTN hengergörgős csapágy külső gyűrű nélkül	https://bearingfinder.ntnamericas.com/Asset/Inner-Ring-with-Cage-and-Rollers.png	
	KOYO öntött Y csapágyegység, négyzet alakú házzal	https://bearingfinder.ntnamericas.com/Asset/UKF207D1-1.png	
	SNR öntött Y csapágyegység, négyzet alakú házzal	https://bearingfinder.ntnamericas.com/Asset/UKF207D1-1.png	
	NTN öntött Y csapágyegység, négyzet alakú házzal	https://bearingfinder.ntnamericas.com/Asset/UKF207D1-1.png	
	KOYO öntött Y csapágyegység, kör alakú házzal	https://bearingfinder.ntnamericas.com/Asset/UKFC210D1-1.png	
	NTN öntött Y csapágyegység, kör alakú házzal	https://bearingfinder.ntnamericas.com/Asset/UKFC210D1-1.png	
	NSK öntött Y csapágyegység, kör alakú házzal	https://bearingfinder.ntnamericas.com/Asset/UKFC210D1-1.png	
	KOYO öntött Y csapágyegység, ovális alakú házzal	https://bearingfinder.ntnamericas.com/Asset/UKFL210D1-1.png	
	KOYO öntött, álló Y csapágyegység	https://bearingfinder.ntnamericas.com/Asset/C-UCP205-5.PNG	
	NTN öntött, álló Y csapágyegység	https://bearingfinder.ntnamericas.com/Asset/C-UCP205-5.PNG	
	NSK öntött, álló Y csapágyegység	https://bearingfinder.ntnamericas.com/Asset/C-UCP205-5.PNG	
	KOYO feszítő Y-csapágyegység öntöttvas házzal	https://bearingfinder.ntnamericas.com/Asset/Take-Up-Unit--Cast-Housing--Set-Screw--UCT-Type.png	
	NTN feszítő Y-csapágyegység öntöttvas házzal	https://bearingfinder.ntnamericas.com/Asset/Take-Up-Unit--Cast-Housing--Set-Screw--UCT-Type.png	
	KOYO tengelytárcsa hengergörgős axiális csapágyhoz	https://bearingfinder.ntnamericas.com/Asset/Inner-Rings-for-Thrust-Roller-Bearings.png	
	NICE Y csapágy hengeres palást, excenter gyűrűs	https://bearingfinder.ntnamericas.com/Asset/Eccentric-Locking-Collar-Type---Cylindrical-O-D-.png	
	NADELLA axiális tárcsa tűgörgős csapágyhoz	https://bearingfinder.ntnamericas.com/Asset/Washers.png	
	NADELLA hengergörgős csapágy belső gyűrű nélkül	https://bearingfinder.ntnamericas.com/Asset/Outer-Ring-with-Cage-and-Rollers.png	
	NADELLA támasztógörgő / futógörgő (U profil)	https://cdn.schaeffler-ecommerce.com/cdn/00013910_d.png	
	NACHI kétsorú hengerg.cs. váll nélküli külső gyűrű	https://bearingfinder.ntnamericas.com/Asset/Double-Row-Cylindrical-Roller-Bearings.png	
	NSK kétsorú hengerg. cs. váll nélküli külső gyűrű	https://bearingfinder.ntnamericas.com/Asset/Double-Row-Cylindrical-Roller-Bearings.png	
	NMB gömbcsukló	https://my.rollon.com/uk/wp-content/uploads/sites/2/2024/10/DGEZ-650x311-c-center.webp	
	NKE öntött Y csapágyegység ovális kompakt házzal	https://cdn.schaeffler-ecommerce.com/cdn/00089D8E_d.png	
	NIS gömbcsukló	https://my.rollon.com/uk/wp-content/uploads/sites/2/2024/10/DGEZ-650x311-c-center.webp	
	NKE excenteres rögzítőgyűrűvel szerelt Y-csapágy	https://cdn.schaeffler-ecommerce.com/cdn/0008A33A_d.png	
	SNR excenteres rögzítőgyűrűvel szerelt Y-csapágy	https://cdn.schaeffler-ecommerce.com/cdn/0008A33A_d.png	
	NTN excenteres rögzítőgyűrűvel szerelt Y-csapágy	https://cdn.schaeffler-ecommerce.com/cdn/0008A33A_d.png	
	NSK excenteres rögzítőgyűrűvel szerelt Y-csapágy	https://cdn.schaeffler-ecommerce.com/cdn/0008A33A_d.png	
	NIS gömbcsuklós fej belső menettel	https://my.rollon.com/uk/wp-content/uploads/sites/2/2024/10/modified_bef-niro-650x480-c-center.webp	
	NKE öntött Y csapágyegység, kör alakú házzal	https://bearingfinder.ntnamericas.com/Asset/UKFC210D1-1.png	
	SNR öntött Y csapágyegység, kör alakú házzal	https://bearingfinder.ntnamericas.com/Asset/UKFC210D1-1.png	
	RHP öntött Y csapágyegység, kör alakú házzal	https://bearingfinder.ntnamericas.com/Asset/UKFC210D1-1.png	
	NSK párosított ferde hatásvonalú golyóscsapágy 2db	https://bearingfinder.ntnamericas.com/Asset/Duplex-Angular-Contact-Ball-Bearing.png	
	RHP párosított ferde hatásvonalú golyóscsapágy 2db	https://bearingfinder.ntnamericas.com/Asset/Duplex-Angular-Contact-Ball-Bearing.png	
	NTN kúpgörgős csapágy, belső gyűrű	https://bearingfinder.ntnamericas.com/Asset/Cone-for-Tapered-Roller-Bearing---Inch-and-J-Series.png	
	NTN lehúzóhüvely	https://cdn.schaeffler-ecommerce.com/cdn/00192621_d.png	
	NTN Y csapágy hengeres palást, hernyócsavaros	https://bearingfinder.ntnamericas.com/Asset/Set-Screw-Type-Bearings---Cylindrical-O-D-.png	
	SealMaster Y csapágy hengeres palást, hernyócsavaros	https://bearingfinder.ntnamericas.com/Asset/Set-Screw-Type-Bearings---Cylindrical-O-D-.png	
	NTN öntött Y csapágyház, ovális alakú	https://bearingfinder.ntnamericas.com/Asset/UKFL210D1-1.png	
	NTN Y-csapágy kúpos furattal szorítóhüvely nélkül	https://bearingfinder.ntnamericas.com/Asset/Adapter-Type-Bearings.png	
	REXROTH lineáris kocsi, miniatűr	https://assets.rexroth.mam.bosch.tech/assets/api/54d7678e-b253-4d3e-ac0a-106e516f8727/dc_ecommerce_thumbnail_png	
	REXROTH lineáris sín, miniatűr	https://assets.rexroth.mam.bosch.tech/assets/api/27c3d514-9c87-45de-9c2c-2d463ee00353/dc_ecommerce_thumbnail_jpg	
	REXROTH lineáris golyóscsapágy	https://assets.rexroth.mam.bosch.tech/assets/api/fddebe03-93c3-413d-9d53-a85fd9961f0b/dc_ecommerce_thumbnail_jpg	
	REXROTH lineáris golyóscsapágy, nyitott	https://assets.rexroth.mam.bosch.tech/assets/api/a77c887c-00a8-4f4c-ae46-4c4f9038f751/dc_ecommerce_thumbnail_jpg	
	REXROTH lineáris műanyag siklócsapágy	https://assets.rexroth.mam.bosch.tech/assets/api/736adf76-3788-42d5-94c8-75dcd3e988a7/dc_ecommerce_thumbnail_jpg	
	REXROTH lineáris golyós sín	https://assets.rexroth.mam.bosch.tech/assets/api/25c7931c-8edd-4488-b3e9-8d248c71d2fb/dc_ecommerce_thumbnail_jpg	
	REXROTH lineáris golyós kocsi	https://assets.rexroth.mam.bosch.tech/assets/api/bd5211b8-c42b-41fc-8bda-d99f3ae82f49/dc_ecommerce_thumbnail_jpg	
	FAG egysorú hengergörgős csapágy, peremes (NUP)	https://cdn.schaeffler-ecommerce.com/cdn/001B50B0_d.png	
	SANKYO önkenő grafitos csúszócsapágy (derékszög)	https://www.sankyo-oilless.de/media/image/4c/8c/6f/SOL_600x600.jpg	
	SANKYO önkenő grafitos csúszócsapágy (lapos)	https://www.sankyo-oilless.de/media/image/91/b0/2c/UWP_600x600.jpg	
	STEYR kétsorú mélyhornyú golyóscsapágy	https://cdn.schaeffler-ecommerce.com/cdn/0000E3E9_d.png	
	KOYO kétsorú mélyhornyú golyóscsapágy	https://cdn.schaeffler-ecommerce.com/cdn/0000E3E9_d.png	
	FAG kétsorú mélyhornyú golyóscsapágy	https://cdn.schaeffler-ecommerce.com/cdn/0000E3E9_d.png	
	RHP kétsorú mélyhornyú golyóscsapágy	https://cdn.schaeffler-ecommerce.com/cdn/0000E3E9_d.png	
	Gumiházas simmering, NBR	https://products.fst.com/pim/assets/design/designsketch/designsketch_was-200x200.png	https://products.fst.com/pim/assets/design/designsketch/designsketch_wa-200x200.png
	TIMKEN gumiházas simmering, VITON	https://products.fst.com/pim/assets/design/designsketch/designsketch_was-200x200.png	https://products.fst.com/pim/assets/design/designsketch/designsketch_wa-200x200.png
	CORTECO gumiházas simmering, NBR	https://products.fst.com/pim/assets/design/designsketch/designsketch_was-200x200.png	https://products.fst.com/pim/assets/design/designsketch/designsketch_wa-200x200.png
	Gumiházas simmering, VITON	https://products.fst.com/pim/assets/design/designsketch/designsketch_was-200x200.png	https://products.fst.com/pim/assets/design/designsketch/designsketch_wa-200x200.png
	SIMRIT gumiházas simmering, NBR	https://products.fst.com/pim/assets/design/designsketch/designsketch_was-200x200.png	https://products.fst.com/pim/assets/design/designsketch/designsketch_wa-200x200.png
	SIMRIT gumiházas simmering, VITON	https://products.fst.com/pim/assets/design/designsketch/designsketch_was-200x200.png	https://products.fst.com/pim/assets/design/designsketch/designsketch_wa-200x200.png
	KOYO gumiházas simmering, NBR	https://products.fst.com/pim/assets/design/designsketch/designsketch_was-200x200.png	https://products.fst.com/pim/assets/design/designsketch/designsketch_wa-200x200.png
	Gumiházas simmering, SZILIKON	https://products.fst.com/pim/assets/design/designsketch/designsketch_was-200x200.png	https://products.fst.com/pim/assets/design/designsketch/designsketch_wa-200x200.png
	Gumiházas simmering, nyomásálló, NBR	https://products.fst.com/pim/assets/design/designsketch/designsketch_babsl-200x200.png	
	Gumiházas simmering, nyomásálló, VITON	https://products.fst.com/pim/assets/design/designsketch/designsketch_babsl-200x200.png	
	SIMRIT gumiházas simmering, nyomásálló, NBR	https://products.fst.com/pim/assets/design/designsketch/designsketch_babsl-200x200.png	
	SIMRIT gumiházas simmering, nyomásálló, VITON	https://products.fst.com/pim/assets/design/designsketch/designsketch_babsl-200x200.png	
	CORTECO gumiházas simmering, nyomásálló, NBR	https://products.fst.com/pim/assets/design/designsketch/designsketch_babsl-200x200.png	
	SIMRIT fémházas simmering, NBR	https://products.fst.com/pim/assets/design/designsketch/designsketch_wbs-200x200.png	https://products.fst.com/pim/assets/design/designsketch/designsketch_wb-200x200.png
	CORTECO fémházas simmering, NBR	https://products.fst.com/pim/assets/design/designsketch/designsketch_wbs-200x200.png	https://products.fst.com/pim/assets/design/designsketch/designsketch_wb-200x200.png
	Fémházas simmering, NBR	https://products.fst.com/pim/assets/design/designsketch/designsketch_wbs-200x200.png	https://products.fst.com/pim/assets/design/designsketch/designsketch_wb-200x200.png
	Gumiházas simmering, rugó nélkül, NBR	https://products.fst.com/pim/assets/design/designsketch/designsketch_wao-200x200.png	
	Gumiházas simmering, rugó nélkül, VITON	https://products.fst.com/pim/assets/design/designsketch/designsketch_wao-200x200.png	
	Gumiházas simmering, kétoldalon rugós, NBR	https://products.fst.com/pim/assets/design/designsketch/designsketch_wbd-200x200.png	
	Fémházas simmering, rugó nélkül, NBR	https://products.fst.com/pim/assets/design/designsketch/designsketch_wbo-200x200.png	
	Zárósapka	https://products.fst.com/pim/assets/design/designsketch/designsketch_ver01-200x200.png	