CSAPÁGYAK	GOLYÓS CSAPÁGY	MÉLYHORNYÚ GOLYÓSCSAPÁGY	EGYSORÚ MÉLYHORNYÚ GOLYÓSCSAPÁGY	BECO fagyálló egysorú mélyhornyú golyóscsapágy
				BECO hőálló egysorú mélyhornyú golyóscsapágy
				BECO rozsdamentes egysorú mélyhornyú golyóscsapágy
				ELGES egysorú mélyhornyú golyóscsapágy
				EZO egysorú mélyhornyú golyóscsapágy
				EZO egysorú mélyhornyú golyóscsapágy, domború
				EZO peremes egysorú mélyhornyú golyóscsapágy
				EZO rozsdamentes egysorú mélyhornyú golyóscsapágy
				FAFNIR egysorú mélyhornyú golyóscsapágy
				FAG egysorú mélyh. golyóscsap. külső gy. szigetelt
				FAG egysorú mélyh.cs. szélesített belső gyűrűvel
				FAG egysorú mélyhornyú golyóscsapágy
				FAG rozsdamentes egysorú mélyhornyú golyóscsapágy
				FERSA egysorú mélyhornyú golyóscsapágy
				GMB egysorú mélyhornyú golyóscsapágy
				GMN egysorú mélyhornyú golyóscsapágy
				GMN műanyag csapágy (üveg golyókkal)
				GMN rozsdamentes egysorú mélyhornyú golyóscsapágy
				GMN üveggolyós műanyag mélyhornyú golyóscsapágy
				GRW egysorú mélyhornyú golyóscsapágy
				GRW peremes egysorú mélyhornyú golyóscsapágy RM
				GRW rozsdamentes egysorú mélyhornyú golyóscsapágy
				INA egysorú mélyhornyú golyóscsapágy
				INA vezetőgörgő (mélyhornyú golyós) domború palást
				KBC egysorú mélyhornyú golyóscsapágy
				KELETI egysorú mélyh.cs szélesített belső gyűrűvel
				KELETI egysorú mélyhornyú golyóscsapágy
				KELETI kétsorú mélyhornyú golyóscsapágy
				KELETI műanyag mélyhornyú golyóscs. üveggolyókkal
				KELETI peremes egysorú mélyhornyú golyóscsapágy
				KELETI rozsdamentes egysorú mélyhornyú golyóscsap.
				KELETI rozsdamentes peremes mélyhornyú golyóscsap.
				KELETI vezetőgörgő (mélyh. golyós) domború palást
				KELETI vezetőgörgő (mélyhornyú golyós) domború
				KOYO egysorú mélyh.cs. szélesített belső gyűrűvel
				KOYO egysorú mélyhornyú golyóscsapágy
				MAPCO egysorú mélyhornyú golyóscsapágy, domború
				MTK egysorú mélyhornyú golyóscsapágy
				NACHI egysorú mélyh.cs. szélesített belső gyűrűvel
				NACHI egysorú mélyhornyú golyóscsapágy
				NICE egysorú mélyhornyú golyóscsapágy
				NKE egysorú mélyhornyú golyóscsapágy
				NMB egysorú mélyhornyú golyóscsapágy
				NSK egysorú mélyh.cs. szélesített belső gyűrűvel
				NSK egysorú mélyhornyú golyóscsapágy
				NSK egysorú mélyhornyú golyóscsapágy (érzékelővel)
				NSK egysorú mélyhornyú gyolyóscsapágy
				NTN egysorú mélyhornyú csapágy
				NTN egysorú mélyhornyú golyóscsapágy
				NTN peremes egysorú mélyhornyú golyóscsapágy
				NWG egysorú mélyhornyú golyóscsapágy
				PEER egysorú mélyhornyú golyóscsapágy domború
				PFI egysorú mélyhornyú golyóscsapágy
				PFI egysorú mélyhornyú golyóscsapágy domborúpalást
				RHP egysorú mélyhornyú golyóscsapágy
				SKF (E2) energiatakarékos mélyhornyú golyóscsapágy
				SKF egysorú mélyh. csapágy (-30...+150°C zsírral)
				SKF egysorú mélyh. csapágy (-40...+160°C zsírral)
				SKF egysorú mélyh. csapágy (-50...+140°C zsírral)
				SKF egysorú mélyh. golyóscsap. külső gy. szigetelt
				SKF egysorú mélyhornyú golyóscs. Solid Oil feltölt
				SKF egysorú mélyhornyú golyóscsapágy
				SKF egysorú mélyhornyú golyóscsapágy (érzékelővel)
				SKF egysorú mélyhornyú golyóscsapágy (OTIS)
				SKF egysorú mélyhornyú hőálló golyóscsapágy /250°C
				SKF egysorú mélyhornyú hőálló golyóscsapágy /350°C
				SKF párosított (2db) egysorú mélyh. golyóscsapágy
				SKF rozsdamentes egysorú mélyhornyú golyóscsapágy
				SKF rozsdamentes egysorú peremes mélyhornyú golyós
				SKF vezetőgörgő (mélyhornyú golyós) domború palást
				SNR egysorú mélyhornyú golyóscsapágy
				STEYR egysorú mélyhornyú golyóscsapágy
				TIMKEN egysorú mélyhornyú golyóscsapágy
				ZKL/ZVL egysorú mélyhornyú golyóscsapágy
				ZKL/ZVL peremes egysorú mélyhornyú golyóscsapágy
				ZWICKER egysorú mélyhornyú golyóscsapágy
			KÉTSORÚ MÉLYHORNYÚ GOLYÓSCSAPÁGY	FAG kétsorú mélyhornyú golyóscsapágy
				KOYO kétsorú mélyhornyú golyóscsapágy
				RHP kétsorú mélyhornyú golyóscsapágy
				SKF kétsorú mélyhornyú golyóscsapágy
				SKF vezetőgörgő (mélyhornyú golyós) domború palást
				STEYR kétsorú mélyhornyú golyóscsapágy
		Y-CSAPÁGY (GOLYÓS)	Y-CSAPÁGY	ASAHI Y csapágy
				BECO hernyócsavaros rögzítésű Y-csapágy (280°C)
				BECO hernyócsavaros rögzítésű Y-csapágy (rozsdam.)
				FAFNIR hernyócsavaros rögzítésű Y-csapágy
				FAFNIR Y csapágy hengeres palást, excenter gyűrűs
				FAG hernyócsavaros rögzítésű Y-csapágy
				FAG Y-csapágy kúpos furattal, szorítóhüvellyel
				INA 06B láncfeszítő RAE csapággyal d=16, z=20
				INA 08B láncfeszítő RAE csapággyal d=15, z=16
				INA 10B láncfeszítő RAE csapággyal d=16, z=14
				INA 10B láncfeszítő RAE csapággyal d=16, z=17
				INA 12B láncfeszítő RAE csapággyal d=15, z=13
				INA 12B láncfeszítő RAE csapággyal d=16, z=15
				INA 12B láncfeszítő RAE csapággyal d=20, z=15
				INA 16B láncfeszítő RAE csapággyal d=20, z=12
				INA excenteres rögzítőgyűrűvel szerelt Y-csapágy
				INA hernyócsavaros rögzítésű Y-csapágy
				INA Y csapágy
				INA Y csapágy domború palást, excenter gyűrűs
				INA Y csapágy dumború gumibetéttel excentergyűrűs
				INA Y csapágy hengeres palást excenter gyűrű +gumi
				INA Y csapágy hengeres palást, excenter gyűrűs
				INA Y csapágy hengeres palást, hernyócsavaros
				INA Y csapágy négyszög furattal
				INA Y csapágy szabványos belső gyűrűvel
				INA Y csapágy szélesített belső gyűrűvel
				INA Y-csapágy kúpos furattal, szorítóhüvellyel
				KELETI excenteres rögzítőgyűrűvel szerelt Y-csapágy
				KELETI hernyócsavaros rögzítésű Y-csapágy
				KELETI hernyócsavaros rögzítésű Y-csapágy rozsdam.
				KELETI Y csapágy szabványos belső gyűrűvel
				KELETI Y csapágy szélesített belső gyűrűvel
				KELETI Y-csapágy kúpos furattal, szorítóhüvellyel
				KELETI Y-csapágy négyszög furat, domború palást
				KELETI Y-csapágy négyszög furat, hengeres palást
				KOYO hernyócsavaros rögzítésű Y-csapágy
				KOYO Y-csapágy kúpos furattal szorítóhüvely nélkül
				KOYO Y-csapágy kúpos furattal, szorítóhüvellyel
				KOYO Y-csapágy négyszög furat, hengeres palást
				NICE Y csapágy hengeres palást, excenter gyűrűs
				NKE excenteres rögzítőgyűrűvel szerelt Y-csapágy
				NSK excenteres rögzítőgyűrűvel szerelt Y-csapágy
				NSK Y csapágy szabványos belső gyűrűvel
				NSK Y-csapágy kúpos furattal, szorítóhüvellyel
				NTN excenteres rögzítőgyűrűvel szerelt Y-csapágy
				NTN hernyócsavaros rögzítésű Y-csapágy
				NTN Y csapágy hengeres palást, hernyócsavaros
				NTN Y-csapágy kúpos furattal szorítóhüvely nélkül
				RHP excenteres rögzítőgyűrűvel szerelt Y-csapágy
				RHP hernyócsavaros rögzítésű Y-csapágy
				RHP hernyócsavaros rögzítésű Y-csapágy (rozsdamen)
				RHP Y csapágy hengeres palást, excenter gyűrűs
				RHP Y csapágy hengeres palást, hernyócsavar
				SealMaster Y csapágy hengeres palást, hernyócsavaros
				SKF excenteres rögzítőgyűrűvel szerelt Y-csapágy
				SKF hernyócsavaros rögzítésű Y-csapágy
				SKF hernyócsavaros rögzítésű Y-csapágy (rozsdamen)
				SKF hernyócsavaros rögzítésű Y-csapágy /250°C
				SKF rezgéscsillapító gumibetét
				SKF Y csapágy szabványos belső gyűrűvel
				SKF Y-csapágy kúpos furattal, szorítóhüvellyel
				SNR excenteres rögzítőgyűrűvel szerelt Y-csapágy
				SNR hernyócsavaros rögzítésű Y-csapágy
				SNR Y-csapágy kúpos furattal, szorítóhüvellyel
				TIMKEN excenteres rögzítőgyűrűvel szerelt Ycsapágy
				TIMKEN hernyócsavaros rögzítésű Y-csapágy
				ZKL/ZVL excenteres rögzítőgyűrűvel szerelt Y-csapágy
				ZKL/ZVL hernyócsavaros rögzítésű Y-csapágy
				ZKL/ZVL Y csapágy szabványos belső gyűrűvel
			Y-CSAPÁGYEGYSÉG	ASAHI öntött Y csapágyegység ovális házzal rozsdam
				ASAHI öntött Y csapágyegység, kör alakú házzal
				ASAHI öntött Y csapágyegység, négyzet alakú házzal
				ASAHI öntött Y csapágyegység, ovális alakú házzal
				ASAHI öntött Y csapágyegység, ovális házzal (RM)
				ASAHI öntött, álló Y csapágyegység
				ASAHI Y csapágyegység
				FAG feszítő Y-csapágyegység öntöttvas házzal
				FAG öntött Y csapágyegység, kör alakú házzal
				FAG öntött, álló Y csapágyegység
				FAG öntött, álló Y csapágyegység (zsákfurattal)
				FAG Y csapágyegység
				HFB öntött Y csapágyegység, kör alakú házzal
				IGUS műanyag Y csapágyegység, ovális alakú házzal
				INA feszítő Y-csapágyegység öntöttvas házzal
				INA öntött Y csapágyegys. ovális alakú kompakt ház
				INA öntött Y csapágyegység ovális kompakt házzal
				INA öntött Y csapágyegység, háromszög alakú házzal
				INA öntött Y csapágyegység, kör alakú házzal
				INA öntött Y csapágyegység, négyzet alakú házzal
				INA öntött Y csapágyegység, ovális alakú házzal
				INA öntött, álló Y csapágyegység
				INA öntött, álló Y csapágyegység (zsákfurattal)
				INA Y csapágyegység
				KELETI feszítő Y-csapágyegység öntöttvas házzal
				KELETI négyszög csap.egys, négyszög furatú csapágy
				KELETI öntött álló Y csapágyegység
				KELETI öntött álló Y csapágyegység (zsákfurattal)
				KELETI öntött Y csap.egys ovális házzal rozsdament
				KELETI öntött Y csapágyegység négyzet alakú házzal
				KELETI öntött Y csapágyegység, kör alakú házzal
				KELETI öntött Y csapágyegység, négyzet alakú h.
				KELETI öntött Y csapágyegység, ovális alakú ház
				KELETI öntött Y csapágyegység, ovális alakú házzal
				KELETI Y csapágyegység
				KOYO feszítő Y-csapágyegység öntöttvas házzal
				KOYO öntött Y csapágyegység, kör alakú házzal
				KOYO öntött Y csapágyegység, négyzet alakú házzal
				KOYO öntött Y csapágyegység, ovális alakú házzal
				KOYO öntött, álló Y csapágyegység
				KOYO öntött, álló Y csapágyegység (zsákfurattal)
				KOYO Y csapágyegység
				NKE öntött Y csapágyegység ovális kompakt házzal
				NKE öntött Y csapágyegység, kör alakú házzal
				NSK öntött Y csapágyegység, kör alakú házzal
				NSK öntött, álló Y csapágyegység
				NTN feszítő Y-csapágyegység öntöttvas házzal
				NTN öntött Y csapágyegység, kör alakú házzal
				NTN öntött Y csapágyegység, négyzet alakú házzal
				NTN öntött, álló Y csapágyegység
				NTN Y csapágyegység
				RHP öntött Y csapágyegység, kör alakú házzal
				SEALMASTER öntött Y csapágyegység ovális alakú ház
				SKF ConCentra csapágyegység
				SKF élelmiszeripari Y csapágyegység
				SKF feszítő Y-csapágyegység öntöttvas házzal
				SKF Food Line Y-csapágyegység (négyzet)
				SKF Food Line Y-csapágyegység (ovális)
				SKF Food Line Y-csapágyház (négyzet)
				SKF műanyag Y csapágyegység, négyzet alakú házzal
				SKF műanyag Y csapágyegység, ovális alakú házzal
				SKF műanyag, álló Y csapágyegység (composit)
				SKF öntött Y csapágyegység, álló (zsákfurattal)
				SKF öntött Y csapágyegység, álló házzal
				SKF öntött Y csapágyegység, álló házzal /350°C
				SKF öntött Y csapágyegység, kör alakú házzal
				SKF öntött Y csapágyegység, négyzet alakú házzal
				SKF öntött Y csapágyegység, négyzet házzal /250°C
				SKF öntött Y csapágyegység, négyzet házzal /350°C
				SKF öntött Y csapágyegység, ovális alakú házzal
				SKF öntött, álló Y csapágyegység
				SKF öntött, álló Y csapágyegység (zsákfurattal)
				SKF rozsdamentes, álló Y csapágyegység (élelm.ip)
				SKF Y csapágy élelmiszeripari alk. /hernyócsavaros
				SKF Y csapágyegység (SYF 508 + YAR 208-2F)
				SKF Y csapágyegység (SYFJ 505 + YAR 205-2F)
				SKF Y élelmiszerip cs.egys rm csapágy composit ház
				SKF Y-csapágyegység élelmiszeripari alk. (három f)
				SKF Y-csapágyegység élelmiszeripari alk. (négyzet)
				SKF Y-csapágyegység élelmiszeripari alk. (ovális)
				SNR élelmiszeripari Y csapágyegység négyzet házzal
				SNR öntött Y csapágyegység, kör alakú házzal
				SNR öntött Y csapágyegység, négyzet alakú házzal
				SNR Y csapágyegység
				TIMKEN Y csapágyegység
				ZKL/ZVL öntött álló Y csapágyegység
				ZKL/ZVL öntött Y csapágyegység, kör alakú házzal
				ZKL/ZVL öntött Y csapágyegység, négyzet alakú h.
				ZKL/ZVL öntött Y csapágyegység, négyzet alakú ház
				ZKL/ZVL öntött Y csapágyegység, ovális alakú ház
		FERDE HATÁSVONALÚ GOLYÓSCSAPÁGY	FERDE HATÁSVONALÚ GOLYÓSCSAPÁGY	ELGES egysorú ferde hatásvonalú golyóscsapágy
				FAG egysorú ferde hatásvonalú golyóscsapágy
				FAG kétsorú ferdehatásvonalú golyóscsapágy
				FAG négypont-érintkezésű golyóscsapágy
				FAG párosított ferde hatásvonalú golyóscsapágy 2db
				FAG párosított ferdehatásvonalú golyóscsapágy
				GMN egysorú ferde hatásvonalú golyóscsapágy
				GMN párosított ferde hatásvonalú golyóscsapágy 2db
				IBC egysorú ferde hatásvonalú golyóscsapágy
				INA egysorú ferde hatásvonalú golyóscsapágy
				INA kétsorú ferdehatásvonalú golyóscsap. porvédős
				INA kétsorú ferdehatásvonalú golyóscsapágy
				KELETI egysorú ferde hatásvonalú golyóscsapágy
				KELETI kétsorú ferdehatásvonalú golyóscsapágy
				Kétsorú ferdehatásvonalú golyóscsapágy
				KOYO egysorú ferde hatásvonalú golyóscsapágy
				KOYO kétsorú ferdehatásvonalú golyóscs porvédős RM
				KOYO kétsorú ferdehatásvonalú golyóscsap. porvédős
				KOYO kétsorú ferdehatásvonalú golyóscsapágy
				NACHI egysorú ferde hatásvonalú golyóscsapágy
				NKE kétsorú ferdehatásvonalú golyóscsapágy
				NSK egysorú ferde hatásvonalú golyóscsapágy
				NSK kétsorú ferdehatásvonalú golyóscsapágy
				NSK párosított ferde hatásvonalú golyóscsapágy 2db
				NTN egysorú ferde hatásvonalú golyóscsapágy
				NTN kétsorú ferdehatásvonalú golyóscsapágy
				RHP egysorú ferde hatásvonalú golyóscsapágy
				RHP párosított ferde hatásvonalú golyóscsapágy 2db
				SKF egysorú ferde hatásvonalú golyóscsap. povédős
				SKF egysorú ferde hatásvonalú golyóscsapágy
				SKF ferdehatásvonalú miniatűr golyóscsapágy
				SKF kétsorú ferdehatásvonalú golyóscsap. porvédős
				SKF kétsorú ferdehatásvonalú golyóscsapágy
				SKF párosított ferde hatásvonalú golyóscsapágy 2db
				SKF párosított ferde hatásvonalú golyóscsapágy 3db
				SKF párosított ferdehatásvonalú golyóscsapágy
				SKF szuperprec. kétsorú ferdehat. golyóscsap. csav
				SKF szuperprec. kétsorú ferdehat. golyóscsapágy
				SKF vékony keresztm. egysorú ferdeh.golyóscsapágy
				UKF kétsorú ferdehatásvonalú golyóscsapágy
				ZKL/ZVL egysorú ferde hatásvonalú golyóscsapágy
				ZKL/ZVL kétsorú ferdehatásvonalú golyóscsapágy
			NÉGYPONT-ÉRINTKEZÉSŰ GOLYÓSCSAPÁGY	INA négypont-érintkezésű golyóscsapágy
				KELETI négypont-érintkezésű golyóscsapágy
				SKF négypont-érintkezésű golyóscsapágy
				SKF négypont-érintkezésű golyóscsapágy (egyedi gy)
				SKF négypont-érintkezésű golyóscsapágy, keskeny
				SKF négypont-érintkezésű golyóscsapágy, vékony
		BEÁLLÓ GOLYÓSCSAPÁGY	BEÁLLÓ GOLYÓSCSAPÁGY	FAG beálló golyóscsapágy
				FAG beálló golyóscsapágy kúpos furattal
				FAG beálló golyóscsapágy széles belső gyűrűvel
				FAG beálló görgőscsapágy
				FAG beálló görgőscsapágy kúpos furattal
				KELETI beálló golyóscsapágy
				KELETI beálló golyóscsapágy kúpos furattal
				KELETI rozsdamentes beálló golyóscsapágy
				KOYO beálló golyóscsapágy
				KOYO beálló golyóscsapágy kúpos furattal
				KOYO beálló görgőscsapágy
				KOYO beálló görgőscsapágy kúpos furattal
				NACHI beálló görgőscsapágy kúpos furattal
				NSK beálló golyóscsapágy
				NSK beálló görgőscsapágy
				NSK beálló görgőscsapágy kúpos furattal
				NTN beálló golyóscsapágy
				NTN beálló golyóscsapágy kúpos furattal
				NTN beálló görgőscsapágy
				NTN beálló görgőscsapágy kúpos furattal
				RHP beálló golyóscsapágy
				SKF beálló golyóscsapágy
				SKF beálló golyóscsapágy kúpos furattal
				SKF beálló golyóscsapágy széles belső gyűrűvel
				SKF önbeálló cs. készlet = 1210 EKTN9/C3 + H210
				SKF önbeálló cs. készlet = 1211 EKTN9/C3 + H211
				STEYR beálló golyóscsapágy
				TIMKEN beálló görgőscsapágy
				ZKL/ZVL beálló golyóscsapágy
				ZKL/ZVL beálló golyóscsapágy kúpos furattal
			CSAPÁGYHÁZ BEÁLLÓ GOLYÓSCSAPÁGYHOZ	SKF csapágyház
				SKF karimás csapágyház átmenő tengelyekhez
				SKF karimás csapágyház tengelyvégekhez
		AXIÁLIS GOLYÓSCSAPÁGY	EZO axiális golyóscsapágy egyirányú terhelésre
			FAG axiális golyóscsapágy egyirányú terhelésre
			FAG axiális golyóscsapágy kétirányú terhelésre
			FAG gömbfelületű alátéttárcsa axiális golyóscsaph.
			FAG szuperprec. egyirányú ferdehat. ax. golyóscsap
			IKO axiális golyóscsapágy egyirányú terhelésre
			KELETI axiális golyóscsapágy
			KELETI axiális golyóscsapágy egyirányú terhelésre
			KELETI axiális golyóscsapágy kétirányú terhelésre
			KELETI rozsdamentes axiális golyóscsapágy
			KOYO axiális golyóscsapágy egyirányú terhelésre
			NSK axiális golyóscsapágy egyirányú terhelésre
			SKF axiális golyóscs egyirányú terh. beálló tárcsa
			SKF axiális golyóscs kétirányú terh. beálló tárcsa
			SKF axiális golyóscsapágy egyirányú terhelésre
			SKF axiális golyóscsapágy egyirányú terhelésre
			SKF axiális golyóscsapágy kétirányú terhelésre
			SKF gömbfelületű alátéttárcsa axiális golyóscsaph.
			SKF szuperprec. egyirányú ferdehat. ax. golyóscsap
			STEYR axiális golyóscsapágy egyirányú terhelésre
			ZKL/ZVL axiális golyóscsapágy egyirányú terhelésre
			ZKL/ZVL axiális golyóscsapágy kétirányú terhelésre
	GÖRGŐS CSAPÁGY	HENGERGÖRGŐS CSAPÁGY	FAG egysorú hengergörgős csapágy (N)
			FAG egysorú hengergörgős csapágy (NJ)
			FAG egysorú hengergörgős csapágy (NU)
			FAG egysorú hengergörgős csapágy (NUP)
			FAG egysorú hengergörgős csapágy belsőgyűrű nélkül
			FAG egysorú telegörgős hengergörgős csapágy (NJ)
			FAG kétsorú hengerg. cs. váll nélküli belső gyűrű
			FAG kétsorú hengerg. cs. váll nélküli külső gyűrű
			FAG telegörgős hengergörgős csap. belső gy.nélkül
			FAG telegörgős hengergörgős csapágy
			FERSA egysorú hengergörgős csapágy (NUP)
			FERSA telegörgős hengergörgős csapágy
			IKO keresztgörgős hengergörgős csapágy
			IKO kétsoros hengergörgős csapágy
			INA egysorú telegörgős hengergörgős csapágy
			INA egysorú telegörgős hengergörgős csapágy (NJ)
			INA hengergörgős csapágy csapágy
			INA kétsorú teleg.heng.cs. vállnélküli külső gyűrű
			INA kétsorú telegörg hengergörg cs külső gy nélkül
			INA kétsorú telegörgős hengergörgős cs. tömített
			INA kétsorú telegörgős hengergörgős csapágy
			INA telegörgos hengergörgős csapágy
			KELETI egysorú hengergörgős csapágy (N)
			KELETI egysorú hengergörgős csapágy (NJ)
			KELETI egysorú hengergörgős csapágy (NU)
			KELETI egysorú hengergörgős csapágy (NUB)
			KELETI egysorú hengergörgős csapágy (NUP)
			KELETI egysorú hengergörgős csapágy belsőgy.nélkül
			KELETI hengergörgős csapágy
			KELETI kétsorú hengerg. cs. váll nélküli külső gy
			KELETI kétsorú telegörgős hengergörgős cs tömített
			KELETI kétsorú telegörgős hengergörgős cs. tömít.
			KELETI kétsorú telegörgős hengergörgős csapágy
			KELETI telegörgős hengergörgős csapágy
			KOYO egysorú hengergörgős csapágy (N)
			KOYO egysorú hengergörgős csapágy (NF)
			KOYO egysorú hengergörgős csapágy (NJ)
			KOYO egysorú hengergörgős csapágy (NU)
			KOYO egysorú hengergörgős csapágy (NUP)
			KOYO egysorú hengergörgős csapágy belsőgyűrű nélkül
			KOYO egysorú telegörgős hengergörgős csapágy (NUP)
			KOYO hengergörgős csapágy belső gyűrű nélkül
			KOYO hengergörgős csapágy külső gyűrű nélkül
			KOYO telegörgős hengergörgős csap. külső gy.nélkül
			KOYO telegörgős hengergörgős csapágy
			MTK egysorú hengergörgős csapágy (NJ)
			MTK egysorú hengergörgős csapágy (NUP)
			NACHI egysorú hengergörgős csapágy (NJ)
			NACHI egysorú hengergörgős csapágy (NU)
			NACHI egysorú hengergörgős csapágy (NUP)
			NACHI kétsorú hengerg.cs. váll nélküli külső gyűrű
			NACHI telegörgős hengergörgős csapágy, külső gyűrű
			NADELLA hengergörgős csapágy belső gyűrű nélkül
			NKE egysorú hengergörgős csapágy (N)
			NKE egysorú hengergörgős csapágy (NJ)
			NKE egysorú hengergörgős csapágy (NU)
			NKE egysorú telegörgős hengergörgős csapágy
			NKE kétsorú telegörgős hengergörgős csapágy
			NSK egysorú hengergörgős csapágy (N)
			NSK egysorú hengergörgős csapágy (NJ)
			NSK egysorú hengergörgős csapágy (NU)
			NSK egysorú hengergörgős csapágy (NUP)
			NSK egysorú telegörgős hengergörgős csapágy (NUP)
			NSK hengergörgős csapágy belső gyűrű nélkül
			NSK kétsorú hengerg. cs. váll nélküli külső gyűrű
			NSK telegörgős hengergörgős csapágy (NJ)
			NTN egysorú hengergörgős csapágy (N)
			NTN egysorú hengergörgős csapágy (NJ)
			NTN egysorú hengergörgős csapágy (NU)
			NTN egysorú hengergörgős csapágy (NUP)
			NTN hengergörgős csapágy belső gyűrű nélkül
			NTN hengergörgős csapágy külső gyűrű nélkül
			RHP egysorú hengergörgős csapágy (N)
			RHP egysorú hengergörgős csapágy (NF)
			RHP egysorú hengergörgős csapágy (NU)
			RIV egysorú hengergörgős csapágy (N)
			RIV egysorú hengergörgős csapágy (NUP)
			SKF egysorú hengergörgős csapágy
			SKF egysorú hengergörgős csapágy (N)
			SKF egysorú hengergörgős csapágy (NJ)
			SKF egysorú hengergörgős csapágy (NU)
			SKF egysorú hengergörgős csapágy (NU) szigetelt
			SKF egysorú hengergörgős csapágy (NUP)
			SKF egysorú hengergörgős csapágy (NUP)
			SKF egysorú hengergörgős csapágy belsőgyűrű nélkül
			SKF egysorú hengergörgős csapágy, peremes (NUP)
			SKF egysorú telegörgős hengergörgős csapágy
			SKF egysorú telegörgős hengergörgős csapágy (NJ)
			SKF hengergörgős csapágy
			SKF kétsorú hengerg. cs. váll nélküli belső gyűrű
			SKF kétsorú hengerg. cs. váll nélküli külső gyűrű
			SKF kétsorú telegörgős hengergörgős cs. tömített
			SKF sarokgyűrű hengergörgős csapágyhoz (NU,NJ)
			SNR egysorú hengergörgős csapágy (NJ)
			SNR egysorú hengergörgős csapágy belsőgyűrű nélkül
			SNR hengergörgős csapágy belső gyűrű nélkül
			SNR telegörgős hengergörgős csapágy
			STEYR egysorú hengergörgős csapágy (N)
			STEYR egysorú hengergörgős csapágy (NJ)
			STEYR egysorú hengergörgős csapágy (NU)
			STEYR egysorú hengergörgős csapágy (NUP)
			TIMKEN hengergörgős csapágy belső gyűrű nélkül
			ZKL/ZVL egysorú hengergörgős csapágy (NJ)
			ZKL/ZVL egysorú hengergörgős csapágy (NU)
			ZKL/ZVL egysorú hengergörgős csapágy (NUP)
			ZKL/ZVL kétsorú hengerg. cs. váll nélküli külső gy
		TŰGÖRGŐS CSAPÁGY	TŰGÖRGŐS KOSÁR	IKO tűgörgős kosár
				INA tűgörgős kosár
				KELETI tűgörgős kosár
				KOYO tűgörgős kosár
				KOYO tűgörgős kosár (2 fél darab)
				NSK tűgörgős kosár (2 fél darab)
				NTN tűgörgős kosár
				RUVILLE tűgörgős kosár
				SKF tűgörgős kosár
			TŰGÖRGŐS CSAPÁGY BELSŐ GYŰRŰ NÉLKÜL	FAG tűgörgős csapágy belső gyűrű nélkül
				IKO lemezházas tűgörgős csapágy
				IKO lemezházas tűgörgős csapágy zárt véggel
				IKO telegörgős tűgörgős csapágy
				IKO tűgörgős csapágy belső gyűrű nélkül
				INA beálló tűgörgős csapágy belső gyűrű nélkül
				INA lemezházas tűgörgős csapágy
				INA lemezházas tűgörgős csapágy zárt véggel
				INA telegörgős tűgörgős csapágy (HK)
				INA tűgörgős csapágy belső gyűrű nélkül
				INA tűgörgős csapágy belső gyűrű nélkül, porvédős
				KELETI lemezházas tűgörgős csapágy
				KELETI lemezházas tűgörgős csapágy zárt véggel
				KELETI tűgörgős csapágy belső gyűrű nélkül
				KOYO lemezházas tűgörgős csapágy zárt véggel
				KOYO telegörgős tűgörgős csapágy
				KOYO telegörgős tűgörgős csapágy (HK)
				KOYO telegörgős tűgörgős csapágy zárt véggel
				KOYO tűgörgős csapágy belső gyűrű nélkül, porvédős
				NADELLA telegörgős tűgörgős csapágy
				NADELLA telegörgős tűgörgős csapágy zárt véggel
				NADELLA tűgörgős csapágy belső gyűrű nélkül
				NIS lemezházas tűgörgős csapágy
				NSK lemezházas tűgörgős csapágy
				NTN lemezházas tűgörgős csapágy
				NTN tűgörgős csapágy belső gyűrű nélkül
				SKF beálló tűgörgős csapágy belső gyűrű nélkül
				SKF lemezházas tűgörgős csapágy
				SKF lemezházas tűgörgős csapágy +egyoldali tömítés
				SKF lemezházas tűgörgős csapágy +kétoldali tömítés
				SKF lemezházas tűgörgős csapágy zárt véggel
				SKF támasztógörgő belső gyűrű nélkül
				SKF tűgörgős csapágy belső gyűrű nélkül
				SKF tűgörgős csapágy belső gyűrű nélkül, porvédős
				TIMKEN lemezházas tűgörgős csapágy
			TŰGÖRGŐS CSAPÁGY BELSŐ GYŰRŰVEL	FAG tűgörgős csapágy belső gyűrűvel
				IKO tűgörgős csapágy belső gyűrűvel
				INA tűgörgős csapágy belső gyűrűvel
				INA tűgörgős csapágy belső gyűrűvel, porvédős
				INA tűgörgős csapágy belső gyűrűvel, vállak nélkül
				KELETI telegörgős tűgörgős csapágy belső gyűrűvel
				KELETI tűgörgős csapágy belső gyűrűvel
				KELETI tűgörgős csapágy belső gyűrűvel, porvédős
				KOYO lemezházas tűgörgős csapágy belső gyűrűvel
				KOYO tűgörgős csapágy belső gyűrűvel
				KOYO tűgörgős csapágy belső gyűrűvel, porvédős
				McGILL tűgörgős csapágy belső gyűrű nélkül
				NADELLA tűgörgős csapágy belső gyűrűvel
				NTN tűgörgős csapágy belső gyűrűvel
				SKF támasztógörgő belső gyűrűvel
				SKF tűgörgős csapágy belső gyűrűvel
				SKF tűgörgős csapágy belső gyűrűvel, porvédős
				SKF tűgörgős csapágy belső gyűrűvel, vállak nélkül
			BELSŐ GYŰRŰ TŰGÖRGŐS CSAPÁGYAKHOZ	FAG belső gyűrű tűgörgős csapágyhoz
				IKO belső gyűrű tűgörgős csapágyhoz
				INA belső gyűrű tűgörgős csapágyhoz
				KELETI belső gyűrű tűgörgős csapágyhoz
				KOYO belső gyűrű tűgörgős csapágyhoz
				McGILL belső gyűrű tűgörgős csapágyhoz
				NTN belső gyűrű tűgörgős csapágyhoz
				SKF belső gyűrű tűgörgős csapágyhoz
			KOMBINÁLT (TŰGÖRGŐS + GOLYÓS) CSAPÁGY	IKO kombinált tűgörgős/axiális golyós csapágy zárt
				IKO kombinált tűgörgős/golyós csapágy
				INA kombinált tűgörgős/axiális golyós csapágy
				INA kombinált tűgörgős/axiális golyós csapágy zárt
				INA kombinált tűgörgős/axiális hengergörg.cs. zárt
				INA kombinált tűgörgős/axiális hengergörgős csap.
				INA kombinált tűgörgős/golyós csap. osztott belső
				INA kombinált tűgörgős/golyós csapágy
				INA kombinált tűgörgős/telegörgős csapágy zsírken.
				KELETI kombinált tűgörgős/axiális golyós csapágy
				KELETI kombinált tűgörgős/golyós csapágy
				KOYO kombinált tűgörgős/golyós csapágy
				NADELLA kombinált tűgörgős/axiális tűgörgős csap.
				SKF kombinált tűgörgős/axiális golyós csapágy
				SKF kombinált tűgörgős/axiális golyós csapágy zárt
				SKF kombinált tűgörgős/axiális hengergörg.cs. zárt
				SKF kombinált tűgörgős/golyós csap. osztott belső
				SKF kombinált tűgörgős/golyós csapágy
				SKF kombinált tűgörgős/telegörgős csapágy zsírken.
		KÚPGÖRGŐS CSAPÁGY	FAG egysorú kúpgörgős csapágy
			FAG kétsorú kúpgörgős járműipari csapágy
			FAG kúpgörgős csapágy, belső gyűrű
			FERSA egysorú kúpgörgős csapágy
			KBC egysorú kúpgörgős csapágy
			KELETI egysorú kúpgörgős csapágy
			KOYO egysorú kúpgörgős csapágy
			KOYO kétsorú kúpgörgős járműipari csapágy
			NACHI egysorú kúpgörgős csapágy
			NSK egysorú kúpgörgős csapágy
			NTN egysorú kúpgörgős csapágy
			NTN kúpgörgős csapágy, belső gyűrű
			PFI egysorú kúpgörgős csapágy
			SKF egysorú kúpgörgős csapágy
			SKF két párosított egysorú kúpgörgős csapágy X elr
			SKF kétsorú kúpgörgős járműipari csapágy
			SKF kúpgörgős vasúti csapágyegység
			SNR egysorú kúpgörgős csapágy
			SNR egysorú peremes kúpgörgős csapágy
			STEYR egysorú kúpgörgős csapágy
			TIMKEN egysorú kúpgörgős csapágy
			TIMKEN egysorú kúpgörgős csapágy, belső gyűrű
			TIMKEN egysorú kúpgörgős csapágy, külső gyűrű
			TIMKEN kétsorú kúpgörgős csapágy
			TIMKEN kétsorú kúpgörgős járműipari csapágy
			TIMKEN kúpgögős csapágy külső gyűrű
			TIMKEN kúpgörgős csapágy, belső gyűrű
			TIMKEN kúpgörgős csapágy, külső gyűrű
			ZKL/ZVL egysorú kúpgörgős csapágy
		BEÁLLÓ GÖRGŐSCSAPÁGY	BEÁLLÓ GÖRGŐSCSAPÁGY	INA beálló tűgörgős csapágy
				KELETI beálló görgőscsapágy
				KELETI beálló görgőscsapágy kúpos furattal
				SKF beálló görgőscsapágy
				SKF beálló görgőscsapágy kúpos furattal
				SKF beálló görgőscsapágy vibrációs alkalmazáshoz
				SKF CARB toroidgörgős csapágy
				SKF CARB toroidgörgős csapágy kúpos furattal
				SKF tömített beálló görgőscsapágy
				SKF tömített beálló görgőscsapágy kúpos furattal
				ZKL/ZVL beálló görgőscsapágy
				ZKL/ZVL beálló görgőscsapágy kúpos furattal
			CSAPÁGYHÁZ BEÁLLÓ GÖRGÖSCSAPÁGYHOZ	SKF csapágyház
				SKF karimás csapágyház átmenő tengelyekhez
				SKF karimás csapágyház tengelyvégekhez
			BEÁLLÓ TŰGÖRGŐS CSAPÁGY	SKF beálló tűgörgős csapágy
		AXIÁLIS HENGERGÖRGŐS CSAPÁGY	INA axiális hengergörgős csapágy kosár
			INA axiális hengergörgős csapágy, egyirányú terh.
			INA fészektárcsa axiális görgős csapágyhoz
			INA tengelytárcsa hengergörgős axiális csapágyhoz
			KOYO axiális hengergörgős csapágy kosár
			KOYO axiális hengergörgős csapágy, egyirányú terh.
			KOYO fészektárcsa axiális görgős csapágyhoz
			KOYO tengelytárcsa hengergörgős axiális csapágyhoz
			SKF axiális hengergörgős csapágy kosár
			SKF axiális hengergörgős csapágy, egyirányú terh.
			SKF fészektárcsa axiális görgős csapágyhoz
			SKF tengelytárcsa hengergörgős axiális csapágyhoz
			TIMKEN axiális hengergörgős csapágy kosár
		AXIÁLIS TŰGÖRGŐS CSAPÁGY	IKO axiális tárcsa tűgörgős csapágyhoz
			IKO axiális tűgörgős csapágy (kosár)
			INA axiális tárcsa tűgörgős csapágyhoz
			INA axiális tűgörgős csapágy
			INA axiális tűgörgős csapágy (kosár)
			INA fészektárcsa axiális görgős csapágyhoz
			INA gördülőtárcsa axiális tűgörgős csapágyhoz
			KELETI axiális tárcsa tűgörgős csapágyhoz
			KELETI axiális tűgörgős csapágy (kosár)
			KOYO axiális tárcsa tűgörgős csapágyhoz
			KOYO axiális tűgörgős csapágy (kosár)
			KOYO fészektárcsa axiális görgős csapágyhoz
			KOYO gördülőtárcsa axiális tűgörgős csapágyhoz
			NADELLA axiális tárcsa tűgörgős csapágyhoz
			NADELLA axiális tűgörgős csapágy
			SKF axiális tárcsa tűgörgős csapágyhoz
			SKF axiális tűgörgős csapágy (kosár)
			SKF fészektárcsa axiális görgős csapágyhoz
			SKF gördülőtárcsa axiális tűgörgős csapágyhoz
		AXIÁLIS KÚPGÖRGŐS CSAPÁGY	TIMKEN axiális kúpgörgős csapágy
		AXIÁLIS BEÁLLÓ GÖRGŐSCSAPÁGY	FAG beálló axiális görgőscsapágy
			KELETI beálló axiális görgőscsapágy
			KOYO beálló axiális görgőscsapágy
			NACHI beálló axiális görgőscsapágy
			QCB beálló axiális görgőscsapágy
			SKF beálló axiális görgőscsapágy
			ZKL/ZVL beálló axiális görgőscsapágy
	VEZETŐ- ÉS TÁMASZTÓ GÖRGŐ	IKO csapos támasztógörgő
		IKO csapos támasztógörgő (excenteres)
		IKO csapos támasztógörgő (telegörgős tűgörgős)
		IKO támasztógörgő (tűgörgős)
		IKO támasztógörgő belső gyűrűvel
		INA csapos támasztógörgo (excenteres)
		INA csapos támasztógörgő
		INA csapos támasztógörgő (telegörgős hengergörgős)
		INA csapos támasztógörgő (telegörgős tűgörgős)
		INA csapos támasztógörgő (telegörgős, excenteres)
		INA kétsoros vezetőgörgő
		INA menetes csapszeg LFR támasztógörgőhöz
		INA támasztógörgő
		INA támasztógörgő (kétsorú telegörgős hengergörgős
		INA támasztógörgő (telegörgős tűgörgős)
		INA támasztógörgő (tűgörgős)
		INA támasztógörgő / futógörgő (U profil)
		INA támasztógörgő belső gyűrű nélkül
		INA támasztógörgő belső gyűrűvel
		INA telegörgős vezetőgörgő
		INA vezetőgörgő (mélyhornyú golyós) domború palást
		KELETI csapos támasztógörgő
		KELETI csapos támasztógörgő (excenteres)
		KELETI csapos támasztógörgő (telegörgős tűgörgős)
		KELETI csapos támasztógörgő (telegörgős, excenteres)
		KELETI csapos támasztógörgő (telegörgős, excenteres)
		KELETI kétsoros golyós vezetőgörgő
		KELETI támasztógörgő (telegörgős tűgörgős)
		KELETI támasztógörgő (tűgörgős)
		KELETI támasztógörgő / futógörgő (U profil)
		KELETI vezetőgörgő (mélyh. golyós) domború palást
		KELETI vezetőgörgő (mélyhornyú golyós) domború
		KOYO csapos támasztógörgő
		KOYO csapos támasztógörgő (telegörgős hengergörgős
		KOYO támasztógörgő (kétsorú telegörgős hengergörgős
		KOYO támasztógörgő belső gyűrű nélkül
		McGILL csapos támasztógörgő
		NADELLA csapos támasztógörgő
		NADELLA csapos támasztógörgő (U profil)
		NADELLA támasztógörgő / futógörgő (U profil)
		SKF csapos támasztógörgő
		SKF csapos támasztógörgő (excenteres)
		SKF csapos támasztógörgő (telegörgős hengergörgős)
		SKF csapos támasztógörgő (telegörgős tűgörgős)
		SKF csapos támasztógörgő (telegörgős, excenteres)
		SKF kétsoros vezetőgörgő
		SKF támasztógörgő
		SKF támasztógörgő (kétsorú telegörgős hengergörgős
		SKF támasztógörgő (telegörgős tűgörgős)
		SKF támasztógörgő (tűgörgős)
		SKF támasztógörgő belső gyűrű nélkül
		SKF támasztógörgő belső gyűrűvel
		SKF telegörgős vezetőgörgő
		SKF vezetőgörgő (mélyhornyú golyós) domború palást
	SIKLÓ CSAPÁGY / CSÚSZÓ CSAPÁGY	HENGERES SIKLÓ CSAPÁGY	AMES PTFE Composite hengeres csúszócsapágy
			AMES szinterbronz hengeres csúszócsapágy
			IGUS/Iglidur műanyag csúszócsapágy
			INA PTFE Composite hengeres csúszócsapágy
			KELETI hajlított bronz hengeres csúszócsapágy
			KELETI PTFE Composite hengeres csúszócsapágy
			PERMAGLIDE hengeres csúszócsapágy
			SKF hajlított bronz hengeres csúszócsapágy
			SKF POM Composite hengeres csúszócsapágy
			SKF PTFE Composite hengeres csúszócsapágy
			SKF PTFE Polyamide hengeres csúszócsapágy
			SKF szinterbronz hengeres csúszócsapágy
			SKF teflonszálas csúszócsapágy
			SKF tömör bronz hengeres csúszócsapágy
			THN PTFE Composite hengeres csúszócsapágy
			THN szinterbronz hengeres csúszócsapágy
		PEREMES SIKLÓ CSAPÁGY	IGUS/Iglidur műanyag peremes csúszócsapágy
			AMES szinterbronz peremes csúszócsapágy
			INA PTFE Composite peremes csúszócsapágy
			PERMAGLIDE peremes csúszócsapágy
			SKF hajlított bronz peremes csúszócsapágy
			SKF PTFE Composite peremes csúszócsapágy
			SKF PTFE Polyamide peremes csúszócsapágy
			SKF szinterbronz peremes csúszócsapágy
			SKF tömör bronz peremes csúszócsapágy
		AXIÁLIS SIKLÓ CSAPÁGY	INA PTFE Composite támasztótárcsa
			PERMAGLIDE támasztótárcsa
			SANKYO önkenő grafitos csúszócsapágy
			SKF POM Composite csúszólemez
			SKF POM Composite támasztótárcsa
			SKF PTFE Composite csúszólemez
			SKF PTFE Composite támasztótárcsa
		BEÁLLÓ SIKLÓ CSAPÁGY	SKF ferde hatásvonalú beálló siklócsapágy
	GÖMBCSUKLÓ	GÖMBCSUKLÓ	AMES bronzpersely C típus (gömb)
			DURBAL gömbcsukló
			ELGES tömített gömbcsukló
			IGUS/Igubal műanyag gömbcsukló
			IKO gömbcsukló
			IKO tömített gömbcsukló
			INA gömbcsukló
			INA gömbcsukló, karbantartásmentes
			INA gömbcsuklós fej, téglalap profil, hegesztéshez
			INA tömített gömbcsukló
			KELETI gömbcsukló
			KELETI tömített gömbcsukló
			NIS gömbcsukló
			NMB gömbcsukló
			SKF gömbcsukló
			SKF gömbcsuklós fej, hengeres profil, hegesztéshez
			SKF gömbcsuklós fej, téglalap profil, hegesztéshez
			SKF tömített gömbcsukló
			WSW gömbcsukló
			WSW gömbcsukló, rozsdamentes
			WSW gömbcsuklós fej, téglalap profil, hegesztéshez
			WSW tömített gömbcsukló
			ZKL/ZVL gömbcsukló
			ZKL/ZVL tömített gömbcsukló
		BELSŐ MENETES GÖMBCSUKLÓ	DURBAL gömbcsuklós fej belső menettel
			Faudi csukló DIN 71802 horganyzott acél
			IKO gömbcsuklós fej belső menettel
			INA gömbcsuklós fej belső menettel
			INA gömbcsuklós fej belső menettel + szorítócsavar
			KELETI gömbcsuklós fej belső menettel
			NIS gömbcsuklós fej belső menettel
			REXROTH/AVENTICS gömbcsuklós fej belső menettel
			SKF gömbcsuklós fej belső menettel
			SKF gömbcsuklós fej belső menettel + szorítócsavar
			WSW gömbcsuklós fej belső menettel
		KÜLSŐ MENETES GÖMBCSUKLÓ	ASKUBAL gömbcsuklós fej külső menettel
			DURBAL gömbcsuklós fej külső menettel
			Faudi csukló DIN 71802 horganyzott acél
			HIRSCHMANN gömbcsuklós fej külső menettel
			IKO gömbcsuklós fej külső menettel
			INA gömbcsuklós fej külső menettel
			KELETI gömbcsuklós fej külső menettel
			SKF gömbcsuklós fej külső menettel
			WSW gömbcsuklós fej külső menettel
			WSW gömbcsuklós fej külső menettel, rozsdamentes
		GÖMBCSUKLÓ AXIÁLIS TERHELÉSRE	INA karbantartásmentes axiális gömbcsukló
			RINGBALL axiális gömbcsukló
			SKF karbantartásmentes axiális gömbcsukló
			WSW axiális gömbcsukló
			WSW karbantartásmentes axiális gömbcsukló
	LINEÁRIS CSAPÁGY	LINEÁRIS GOLYÓSCSAPÁGY / KOCSI	BLT lineáris kocsi
			CPC lineáris kocsi
			FIBRO golyós hüvely
			HIWIN lineáris kocsi
			HIWIN lineáris kocsi, dupla tömítéssel
			HIWIN tömítés lineáris kocsihoz
			IGUS lineáris kocsi
			IGUS/Drylin műanyag lineáris csapágy
			IKO lineáris csapágy
			IKO lineáris kocsi
			IKO tömítés lineáris csapágyhoz
			INA lineáris csapágy
			INA lineáris kocsi
			INA tömítőgyűrű
			KELETI lineáris csapágy
			KELETI lineáris kocsi
			KOYO lineáris csapágy
			NIPPON BEARING lineáris csapágy
			NIPPON BEARING lineáris csapágy (acél kosaras)
			NIPPON BEARING lineáris csapágy (műanyag kosaras)
			NIPPON BEARING tömítés lineáris csapágyhoz
			REXROTH lineáris golyós kocsi
			REXROTH lineáris golyóscsapágy
			REXROTH lineáris golyóscsapágy, nyitott
			REXROTH lineáris kocsi
			REXROTH lineáris kocsi, miniatűr
			SAMICK lineáris csapágy
			SCHNEEBERGER lineáris kocsi
			SKF/Ewellix lineáris csapágy
			SKF/Ewellix lineáris csapágy, nyitott
			SKF/Ewellix lineáris csapágy, rozsdamentes
			STEINEL golyós hüvely
			THK lineáris kocsi
		LINEÁRIS EGYSÉG	BLT lineáris kocsi sínnel
			EXXELLIN lineáris csapágyegység
			IKO lineáris csapágyegység
			INA lineáris csapágyegység
			KELETI lineáris csapágyegység
			KELETI lineáris csapágyegység (2db csapággyal)
			NIPPON BEARING lineáris csapágyegység
			NSK lineáris orsóvég csapágyegység
			REXROTH lineáris csapágyegység
			SAMICK lineáris csapágyegység
			SKF/Ewellix lineáris csapágyegység
			SKF/Ewellix lineáris csapágyegység, nyitott
			THK lineáris csapágyegység
			THK lineáris szett (1db sín + 2db kocsi)
		LINEÁRIS SIKLÓCSAPÁGY	REXROTH lineáris műanyag siklócsapágy
			SKF/Ewellix lineáris siklócsapágy
			SKF/Ewellix lineáris siklócsapágy, nyitott
		LINEÁRIS TENGELY, TENGELYTARTÓ, SÍN	CPC lineáris sín
			HIWIN lineáris sín
			IKO keresztgörgős lineáris sín
			IKO lineáris sín
			IKO lineáris tűgötgős sín
			INA lineáris sín
			KELETI lineáris sín
			REXROTH lineáris golyós sín
			REXROTH lineáris sín, miniatűr
			RÚDVEZETÉK Lineáris tengely
			SCHNEEBERGER lineáris sín
			SKF/Ewellix lineáris tengelybak / tengelyvezetés
		HIWIN olajtartály 1 lineáris kocsihoz
		IKO lineáris termék
		INA lineáris excenteres támasztógörgő
		REXROTH/AVENTICS lineáris villásfej
		ROLLON lineáris termék
		SAMICK lineáris termék
		ZIMMER pneumatikus lineáris megfogó
	SZABADONFUTÓ CSAPÁGY	KELETI szabadonfutó csapágy
		GMN szabadonfutó csapágy
		GRW szabadonfutó csapágy
		INA szabadonfutó csapágy
		KOYO szabadonfutó csapágy
		NSK szabadonfutó csapágy
		STIEBER szabadonfutó csapágy
	JÁRMŰIPARI CSAPÁGY	BREDA feszítő görgő
		BREDA toronycsapágy
		CARGO generátor csapágy
		DOLZ vízpumpa készlet
		FAG járműipari csapágy
		FAG kerékcsapágy
		FAG kerékcsapágy készlet
		FAG kétsorú kúpgörgős járműipari csapágy
		FAG kormánymű csapágy
		FAG kuplungkinyomó csapágy
		FAG szíjfeszítő csapágy
		FAG toronycsapágy
		FERSA klímacsapágy
		HONDA váltó készlet
		INA generátos csapágy
		INA kerékcsapágy készlet
		INA klímacsapágy
		INA szíjfeszítő csapágy
		INA váltó készlet
		INA vízpumpa csapágy
		INA/NSK generátor csapágy
		KBC kerékcsapágy
		KBC kormánymú csapágy
		KELETI generátor csapágy
		KELETI járműipari csapágy
		KELETI kerékcsapágy
		KELETI klímacsapágy
		KELETI kormánymű csapágy
		KELETI kuplungkinyomó csapágy
		KELETI szíjfeszítő csapágy
		KELETI toronycsapágy
		KELETI vízpumpa csapágy
		KOYO generátor csapágy
		KOYO kerékcsapágy
		KOYO kerékcsapágy készlet
		KOYO kétsorú kúpgörgős járműipari csapágy
		KOYO klíma csapágy
		KOYO klímacsapágy
		KOYO kormánymű csapágy
		KOYO kuplungkinyomó csapágy
		KOYO szíjfeszítő csapágy
		KOYO toronycsapágy
		KOYO vízpumpa csapágy
		KYB Nissan Vanette Cargo 2.3D 1999. toronycsapágy
		LUK generátor csapágy, szabadonfutó
		NACHI kerékcsapágy
		NACHI klímacsapágy
		NACHI kuplungkinyomó csapágy
		NSK generátor csapágy
		NSK kerékcsapágy
		NSK klímacsapágy
		NSK kormánymű csapágy
		NSK szíjfeszítő csapágy
		NTN generátor csapágy
		NTN kerékcsapágy
		NTN kerékcsapágy készlet
		NTN klímacsapágy
		NTN kormánymű csapágy
		NTN kuplungkinyomó csapágy
		NTN szíjfeszítő csapágy
		OPTIMAL kerékcsapágy készlet
		PFI generátor csapágy
		PFI járműipari csapágy
		PFI kerékcsapágy
		PFI klímacsapágy
		RBF vízpumpa csapágy
		RIV kerékcsapágy
		RUVILLE kerékcsapágy készlet
		RUVILLE szíjfeszítő csapágy
		SKF járműcsapágy
		SKF kétsorú kúpgörgős járműipari csapágy
		SNR kerékcsapágy
		SNR kerékcsapágy készlet
		SNR lengőkar készlet
		SNR váltó csapágy
		SUZUKI váltó készlet
		TIMKEN kerékcsapágy
		TIMKEN kerékcsapágy készlet
		TIMKEN kétsorú kúpgörgős járműipari csapágy
		TIMKEN kormánymű csapágy
		TIMKEN váltó csapágy
		TOURMAX motorkerékpár kormány csapágy készlet
		VICMA kerékcsapágy készlet
		ZKL/ZVL járműipari csapágy
	BISHOP-WISECARVER csapágy
	EZO csapágy
	FAFNIR csapágy
	FAG csapágy
	FAG egyedi gyártású "rajzszámos" csapágy
	FAG golyóscsapágy
	GMN forgókoszorú
	INA csapágy
	INA egyedi gyártású "rajzszámos" csapágy
	KBC csapágy
	KBC egyedi gyártású "rajzszámos" csapágy
	KELETI csapágy
	KELETI golyóscsapágy
	Kerékpár csapágy
	KOYO csapágy
	KOYO szalagvezető csapágy
	KOYO targoncagörgő
	NADELLA csapágy
	NSK csapágy
	NSK golyóscsapágy
	NTN csapágy
	SKF COOPER csapágy
	SKF csapágy
	SKF forgókoszorú
	SKF VASÚTI ÁGYTOKCSAPÁGY
	SKF vasúti kerékcsapágy egység
	SKF vasúti kerékpártengely csapágy (forgóváz)
	SKF/SNFA csapágy
	TIMKEN csapágy
	WINKEL targoncagörgő
	ZKL/ZVL golyóscsapágy

CSAPÁGYEGYSÉGEK	ASAHI öntött Y csapágyegység ovális házzal rozsdam
	ASAHI öntött Y csapágyegység, kör alakú házzal
	ASAHI öntött Y csapágyegység, négyzet alakú házzal
	ASAHI öntött Y csapágyegység, ovális alakú házzal
	ASAHI öntött Y csapágyegység, ovális házzal (RM)
	ASAHI öntött, álló Y csapágyegység
	ASAHI Y csapágyegység
	FAG csapágyegység
	FAG feszítő Y-csapágyegység öntöttvas házzal
	FAG öntött Y csapágyegység, kör alakú házzal
	FAG öntött, álló Y csapágyegység
	FAG öntött, álló Y csapágyegység (zsákfurattal)
	FAG Y csapágyegység
	FKL csapágyegység
	HFB öntött Y csapágyegység, kör alakú házzal
	HIWIN csapágyegység
	IGUS műanyag Y csapágyegység, ovális alakú házzal
	INA axiális csapágyegység
	INA feszítő Y-csapágyegység öntöttvas házzal
	INA kétsorú ferdehatásvonalú golyóscsap. egység
	INA öntött Y csapágyegys. ovális alakú kompakt ház
	INA öntött Y csapágyegység ovális kompakt házzal
	INA öntött Y csapágyegység, háromszög alakú házzal
	INA öntött Y csapágyegység, kör alakú házzal
	INA öntött Y csapágyegység, négyzet alakú házzal
	INA öntött Y csapágyegység, ovális alakú házzal
	INA öntött, álló Y csapágyegység
	INA öntött, álló Y csapágyegység (zsákfurattal)
	INA Y csapágyegység
	KELETI feszítő Y-csapágyegység öntöttvas házzal
	KELETI négyszög csap.egys, négyszög furatú csapágy
	KELETI öntött álló Y csapágyegység
	KELETI öntött álló Y csapágyegység (zsákfurattal)
	KELETI öntött Y csap.egys ovális házzal rozsdament
	KELETI öntött Y csapágyegység négyzet alakú házzal
	KELETI öntött Y csapágyegység, kör alakú házzal
	KELETI öntött Y csapágyegység, négyzet alakú h.
	KELETI öntött Y csapágyegység, ovális alakú ház
	KELETI öntött Y csapágyegység, ovális alakú házzal
	KELETI Y csapágyegység
	KOYO feszítő Y-csapágyegység öntöttvas házzal
	KOYO öntött Y csapágyegység, kör alakú házzal
	KOYO öntött Y csapágyegység, négyzet alakú házzal
	KOYO öntött Y csapágyegység, ovális alakú házzal
	KOYO öntött, álló Y csapágyegység
	KOYO öntött, álló Y csapágyegység (zsákfurattal)
	KOYO Y csapágyegység
	NKE öntött Y csapágyegység ovális kompakt házzal
	NKE öntött Y csapágyegység, kör alakú házzal
	NSK csapágyegység
	NSK öntött Y csapágyegység, kör alakú házzal
	NSK öntött, álló Y csapágyegység
	NTN feszítő Y-csapágyegység öntöttvas házzal
	NTN öntött Y csapágyegység, kör alakú házzal
	NTN öntött Y csapágyegység, négyzet alakú házzal
	NTN öntött, álló Y csapágyegység
	NTN Y csapágyegység
	RHP öntött Y csapágyegység, kör alakú házzal
	SEALMASTER öntött Y csapágyegység ovális alakú ház
	SKF ConCentra csapágyegység
	SKF élelmiszeripari Y csapágyegység
	SKF feszítő Y-csapágyegység öntöttvas házzal
	SKF Food Line Y-csapágyegység (négyzet)
	SKF Food Line Y-csapágyegység (ovális)
	SKF Food Line Y-csapágyház (négyzet)
	SKF műanyag Y csapágyegység, négyzet alakú házzal
	SKF műanyag Y csapágyegység, ovális alakú házzal
	SKF műanyag, álló Y csapágyegység (composit)
	SKF öntött Y csapágyegység, álló (zsákfurattal)
	SKF öntött Y csapágyegység, álló házzal
	SKF öntött Y csapágyegység, álló házzal /350°C
	SKF öntött Y csapágyegység, kör alakú házzal
	SKF öntött Y csapágyegység, négyzet alakú házzal
	SKF öntött Y csapágyegység, négyzet házzal /250°C
	SKF öntött Y csapágyegység, négyzet házzal /350°C
	SKF öntött Y csapágyegység, ovális alakú házzal
	SKF öntött, álló Y csapágyegység
	SKF öntött, álló Y csapágyegység (zsákfurattal)
	SKF rozsdamentes, álló Y csapágyegység (élelm.ip)
	SKF Y csapágyegység (SYF 508 + YAR 208-2F)
	SKF Y csapágyegység (SYFJ 505 + YAR 205-2F)
	SKF Y élelmiszerip cs.egys rm csapágy composit ház
	SKF Y-csapágyegység élelmiszeripari alk. (három f)
	SKF Y-csapágyegység élelmiszeripari alk. (négyzet)
	SKF Y-csapágyegység élelmiszeripari alk. (ovális)
	SNR élelmiszeripari Y csapágyegység négyzet házzal
	SNR öntött Y csapágyegység, kör alakú házzal
	SNR öntött Y csapágyegység, négyzet alakú házzal
	SNR Y csapágyegység
	TIMKEN csapágyegység
	TIMKEN Y csapágyegység
	ZKL/ZVL öntött álló Y csapágyegység
	ZKL/ZVL öntött Y csapágyegység, kör alakú házzal
	ZKL/ZVL öntött Y csapágyegység, négyzet alakú h.
	ZKL/ZVL öntött Y csapágyegység, négyzet alakú ház
	ZKL/ZVL öntött Y csapágyegység, ovális alakú ház

CSAPÁGYHÁZAK (S1,S2,S3,S4,S5)	CSAPÁGYHÁZ Y CSAPÁGYAKHOZ	Y CSAPÁGYHÁZ	FAG öntött Y csapágyház, kör alakú
			INA feszítő Y öntöttvas csapágyház
			INA öntött Y csapágyház, négyzet alakú
			INA öntött Y csapágyház, ovális alakú
			INA öntött Y csapágyház, ovális alakú, kompakt
			INA öntött, álló Y csapágyház
			INA öntött, álló Y csapágyház (zsákfurattal)
			INA Y feszítő, öntöttvas csapágyház
			INA Y sajtolt acél csapágyház, kerek
			INA Y sajtolt acél csapágyház, ovális
			KELETI műanyag Y csapágyház, négyzet alakú
			KELETI műanyag Y csapágyház, ovális alakú
			KELETI műanyag Y feszítő, öntöttvas csapágyház
			KELETI műanyag, álló Y csapágyház (composit)
			KELETI öntött álló Y csapágyház
			KELETI öntött álló Y csapágyház, magasított
			KELETI öntött Y csapágyház, kör alakú
			KELETI öntött Y csapágyház, négyzet alakú
			KELETI öntött Y csapágyház, ovális alakú
			KELETI Y csapágyház
			KELETI Y feszítő, öntöttvas csapágyház
			KELETI Y feszítő, öntöttvas csapágyház
			KELETI Y sajtolt acél csapágyház, álló
			KELETI Y sajtolt acél csapágyház, háromszögletű
			KELETI Y sajtolt acél csapágyház, kerek
			KELETI Y sajtolt acél csapágyház, ovális
			KELETI Y sajtolt, ovális, acél csapágyház
			KOYO öntött Y csapágyház, négyzet alakú
			KOYO öntött, álló Y csapágyház
			NKE öntött Y csapágyház, ovális alakú, kompakt
			NTN öntött Y csapágyház, négyzet alakú
			NTN öntött Y csapágyház, ovális alakú
			NTN öntött, álló Y csapágyház
			NTN Y csapágyház
			SKF műanyag Y csapágyház, négyzet alakú (composit)
			SKF műanyag Y csapágyház, ovális alakú (composit)
			SKF műanyag, álló Y csapágyház (composit)
			SKF öntött Y csapágyház, álló
			SKF öntött Y csapágyház, álló (zsákfurattal)
			SKF öntött Y csapágyház, kör alakú
			SKF öntött Y csapágyház, négyzet alakú
			SKF öntött Y csapágyház, ovális alakú
			SKF öntött Y csapágyház, ovális alakú, kompakt
			SKF Y feszítő, öntöttvas csapágyház
			SKF Y sajtolt acél csapágyház, álló
			SKF Y sajtolt acél csapágyház, háromszögletű
			SKF Y sajtolt acél csapágyház, kerek
			SKF Y sajtolt acél csapágyház, ovális
			SNR feszítő Y öntöttvas csapágyház
			ZKL/ZVL Y sajtolt acél csapágyház, ovális
		Y CSAPÁGYHÁZ TARTOZÉK	SKF rezgéscsillapító gumibetét
			SKF végfedél Y csapágyházhoz
	CSAPÁGYHÁZ BEÁLLÓ CSAPÁGYAKHOZ	CSAPÁGYHÁZ	FAG csapágyház
			KELETI csapágyház
			SKF csapágyház
			SKF karimás csapágyház átmenő tengelyekhez
			SKF karimás csapágyház tengelyvégekhez
		CSAPÁGYHÁZ TARTOZÉK	FAG betétgyűrű csapágyházakhoz
			FAG csapágyház tömítés
			FAG csapágyház tömítés, filctömítés
			FAG komplett szorítóhüvely (H+KM+MB)
			FAG lehúzóhüvely
			FAG műanyag végfedél (álló csapágyházhoz)
			KELETI betétgyűrű csapágyházakhoz
			KELETI komplett szorítóhüvely (H+KM+MB)
			NTN lehúzóhüvely
			SKF betétgyűrű csapágyházakhoz
			SKF csapágyház tömítés
			SKF csapágyház-tömítés (négyajkas, gumi)
			SKF csapágyház-tömítés FNL házhoz
			SKF csapágyház-tömítés, filctömítés
			SKF csapágyház-tömítés, kétajkas tömítés
			SKF csapágyház-tömítés, labirinttömítés
			SKF csapágyház-tömítés, V-gyűrűs tömítés
			SKF filc-, nemeztömítés csapágyházhoz
			SKF hüvelyk méretű szorítóhüvely
			SKF komplett szorítóhüvely (H+KM+MB)
			SKF lehúzóhüvely
			SKF lehúzóhüvely olajnyomásos szereléshez
			SKF műanyag végfedél (álló csapágyházhoz)
			SKF műanyag végfedél (álló csapágyházhoz)
			SKF szorítóhüvely olajnyomásos szereléshez
			SKF távtartótárcsa csapágyházakhoz

CSAPÁGYTARTOZÉKOK, ALKATRÉSZEK	GOLYÓ, TŰGÖRGŐ	Golyó, csapágygolyó
		Golyó, csapágygolyó, műanyag
		Golyó, csapágygolyó, rozsdamentes
		Golyó, csapágygolyó, üveg
		INA tűgörgő
	SEEGER GYŰRŰ	TENGELYRE	SEEGER DIN6799
			SEEGER DIN6799 rozsdamentes
			SEEGER DIN6799 rozsdamentes készlet
			SEEGER DIN9927
			SEEGER rögzítő gyűrű
			SEEGER rögzítő gyűrű DIN471
			SEEGER rögzítő gyűrű DIN471 készlet (341db)
			SEEGER rögzítő gyűrű DIN471 rozsdamentes
			YATO zéger gyűrű készlet, külső DIN471 (A), 300db
			YATO zéger gyűrű készlet, külső DIN6799 (RA) 300db
		FURATBA	SEEGER DIN9926
			SEEGER DIN9928
			SEEGER rögzítő gyűrű DIN472
			SEEGER rögzítő gyűrű DIN472 készlet
			SEEGER rögzítő gyűrű DIN472 rozsdamentes
			YATO zéger gyűrű készlet, belső DIN472 (I), 300db
		DRÓT SEEGER	D7993A biztosító gyűrű furatba (DRÓTSEEGER)
		SEEGER FOGÓ	BETA seegergyűrű fogó külső egyenes 140mm A10-25mm
			BETA seegergyűrű fogó külső egyenes 140mm A3-10mm
			BETA seegergyűrű fogó külső egyenes 140mm A3-10mm
			BETA seegergyűrű fogó külső egyenes 300mm
	CSAPÁGYANYA ÉS BIZTOSÍTÓLEMEZ	FAG csapágyanya
		HIWIN hornyos anya
		INA precíziós tengelyanya
		KELETI csapágyanya
		KELETI precíziós állítható tengelyanya rögzítőcsappal
		SKF biztosítókengyel tengelyanyához
		SKF biztosítólemez
		SKF csapágyanya
		SKF csapágyanya, hüvelyk méret
		SKF csapágyhüvely
		SKF precíziós állítható tengelyanya rögzítőcsappal
		SKF tengelyanya
		SKF tengelyanya 3 rögzítőcsavarral
		SKF tengelyanya hernyócsavarral
		SKF tengelyanya rögzítőcsavarral
	SZORÍTÓ- ÉS LEHÚZÓHÜVELY	FAG komplett szorítóhüvely (H+KM+MB)
		FAG lehúzóhüvely
		KELETI komplett szorítóhüvely (H+KM+MB)
		NTN lehúzóhüvely
		SKF komplett szorítóhüvely (H+KM+MB)
		SKF lehúzóhüvely
		SKF lehúzóhüvely olajnyomásos szereléshez
		SKF szorítóhüvely olajnyomásos szereléshez
	ZSÍRZÓGOMB	GÖMBFEJŰ	SKF zsírzógomb G1/4
			Zsírzógomb gömbfejű 45°-os G1/4 (13.157x1.337mm)
			Zsírzógomb gömbfejű 45°-os G1/8 (9.728x0.907mm)
			Zsírzógomb gömbfejű 45°-os kúpos menet MK10x1.25mm
			Zsírzógomb gömbfejű 45°-os kúpos menet MK10x1mm
			Zsírzógomb gömbfejű 45°-os kúpos menet MK6x1mm
			Zsírzógomb gömbfejű 45°-os kúpos menet MK8x1mm
			Zsírzógomb gömbfejű 45°-os M10x1,5mm
			Zsírzógomb gömbfejű 45°-os M10x1mm
			Zsírzógomb gömbfejű 45°-os M6x0,75mm
			Zsírzógomb gömbfejű 45°-os M6x1mm
			Zsírzógomb gömbfejű 45°-os M8x1.25mm
			Zsírzógomb gömbfejű 45°-os M8x1mm
			Zsírzógomb gömbfejű 90°-os G1/8 (9.728x0.907mm)
			Zsírzógomb gömbfejű 90°-os kúpos menet MK10x1.25mm
			Zsírzógomb gömbfejű 90°-os kúpos menet MK10x1.5mm
			Zsírzógomb gömbfejű 90°-os kúpos menet MK10x1mm
			Zsírzógomb gömbfejű 90°-os kúpos menet MK6x0.75mm
			Zsírzógomb gömbfejű 90°-os kúpos menet MK8x1mm RM
			Zsírzógomb gömbfejű 90°-os M1/4 (6.35x1.27mm)
			Zsírzógomb gömbfejű 90°-os M10x1,5mm
			Zsírzógomb gömbfejű 90°-os M10x1mm
			Zsírzógomb gömbfejű 90°-os M12x1.25mm
			Zsírzógomb gömbfejű 90°-os M14x1.5mm
			Zsírzógomb gömbfejű 90°-os M6x1mm
			Zsírzógomb gömbfejű 90°-os M8x1.25mm
			Zsírzógomb gömbfejű 90°-os M8x1mm
			Zsírzógomb gömbfejű beütős D=10mm
			Zsírzógomb gömbfejű beütős D=6mm
			Zsírzógomb gömbfejű beütős D=8mm
			Zsírzógomb gömbfejű egyenes G1/4 (13.157x1.337mm)
			Zsírzógomb gömbfejű egyenes G1/8 (9.728x0.907mm)
			Zsírzógomb gömbfejű egyenes G3/8 (16.662x1.337mm)
			Zsírzógomb gömbfejű egyenes kúpos menet MK10x1.5mm
			Zsírzógomb gömbfejű egyenes kúpos menet MK10x1mm
			Zsírzógomb gömbfejű egyenes kúpos menet MK12x1.5mm
			Zsírzógomb gömbfejű egyenes kúpos menet MK14x1.5mm
			Zsírzógomb gömbfejű egyenes kúpos menet MK5x0.8mm
			Zsírzógomb gömbfejű egyenes kúpos menet MK6x1mm
			Zsírzógomb gömbfejű egyenes kúpos menet MK7x1mm
			Zsírzógomb gömbfejű egyenes kúpos menet MK8x1.25mm
			Zsírzógomb gömbfejű egyenes kúpos menet MK8x1mm
			Zsírzógomb gömbfejű egyenes kúpos menet MK8x1mm RM
			Zsírzógomb gömbfejű egyenes kúposmenet MK10x1.25mm
			Zsírzógomb gömbfejű egyenes M1/4 (6.35x1.27mm)
			Zsírzógomb gömbfejű egyenes M10x1,5mm
			Zsírzógomb gömbfejű egyenes M10x1mm
			Zsírzógomb gömbfejű egyenes M12x1.25mm
			Zsírzógomb gömbfejű egyenes M12x1.5mm
			Zsírzógomb gömbfejű egyenes M12x1mm
			Zsírzógomb gömbfejű egyenes M5x0.8mm
			Zsírzógomb gömbfejű egyenes M6x0,75mm
			Zsírzógomb gömbfejű egyenes M6x1mm
			Zsírzógomb gömbfejű egyenes M6x1mm ROZSDAMENTES
			Zsírzógomb gömbfejű egyenes M6x1mm SAVÁLLÓ
			Zsírzógomb gömbfejű egyenes M7x1mm
			Zsírzógomb gömbfejű egyenes M8x1.25mm
			Zsírzógomb gömbfejű egyenes M8x1mm
		VEZETŐGYŰRŰS	Zsírzógomb vezetőgyűrűs D=10mm M6x0,75mm
			Zsírzógomb vezetőgyűrűs D=10mm M6x1mm
			Zsírzógomb vezetőgyűrűs D=16mm G1/4 13.157x1.337mm
			Zsírzógomb vezetőgyűrűs D=16mm G1/8 9.728x0.907mm
			Zsírzógomb vezetőgyűrűs D=16mm M10x1.5mm
			Zsírzógomb vezetőgyűrűs D=16mm M10x1mm
			Zsírzógomb vezetőgyűrűs D=16mm M12x1.5mm
			Zsírzógomb vezetőgyűrűs D=16mm M12x1.75mm
			Zsírzógomb vezetőgyűrűs D=16mm M14x1.5mm
			Zsírzógomb vezetőgyűrűs D=16mm M8x1mm
			Zsírzógomb vezetőgyűrűs D=22mm G1/4 13.157x1.337mm
			Zsírzógomb vezetőgyűrűs D=22mm M14x1.5mm
			Zsírzógomb vezetőgyűrűs D=22mm M16x1.5mm
		TÖLCSÉRES	Zsírzógomb tölcséres beütős D=10mm
			Zsírzógomb tölcséres beütős D=6mm
			Zsírzógomb tölcséres beütős D=8mm
			Zsírzógomb tölcséres egyenes G1/4 (13.157x1.337mm)
			Zsírzógomb tölcséres egyenes M10x1mm
			Zsírzógomb tölcséres egyenes M6x0,75mm
			Zsírzógomb tölcséres egyenes M6x1mm
			Zsírzógomb tölcséres egyenes M8x1mm
	HÉZAGOLÓ ALÁTÉT	Hézagológyűrű / hézagoló alátét DIN988
		REXROTH tolerancia gyűrű
	KOMPENZÁCIÓS LEMEZ	Kompenzációs lemez
	NILOS GYŰRŰ	NILOS gyűrű
		NILOS gyűrű, a csapágy belső gyűrűjén tömít
		NILOS gyűrű, a csapágy külső gyűrűjén tömít
	RETESZ, ÉK
	SASSZEG
	TÖMÍTŐ ALÁTÉTEK	RÉZ	Réz tömítőgyűrű, alátét
		ALUMÍNIUM	Alumínium tömítőgyűrű, alátét
		GUMÍROZOTT ALUMÍNIUM	Gumírozott alátét / USIT-ring / csavartömítés, NBR

LINEÁRTECHNIKA	LINEÁRIS CSAPÁGY	LINEÁRIS GOLYÓSCSAPÁGY	SKF/Ewellix lineáris csapágy
			SKF/Ewellix lineáris csapágy, nyitott
			SKF/Ewellix lineáris csapágy, rozsdamentes
		LINEÁRIS CSAPÁGYEGYSÉG	SKF/Ewellix lineáris csapágyegység
			SKF/Ewellix lineáris csapágyegység, nyitott
		LINEÁRIS SIKLÓCSAPÁGY	SKF/Ewellix lineáris siklócsapágy
			SKF/Ewellix lineáris siklócsapágy, nyitott
	LINEÁRIS TENGELY, TENGELYTARTÓ	RÚDVEZETÉK Lineáris tengely
		SKF/Ewellix lineáris tengelybak / tengelyvezetés

TÖMÍTÉSEK	SZIMERING	IPARI	NBR	CORTECO fémházas simmering, NBR
				CORTECO fémházas simmering, rugó nélkül, NBR
				CORTECO gumiházas simmering, NBR
				Fémházas simmering, NBR
				Fémházas simmering, rugó nélkül, NBR
				Gumiházas simmering, kétoldalon rugós, NBR
				Gumiházas simmering, NBR
				Gumiházas simmering, nyomásálló, NBR
				Gumiházas simmering, rugó nélkül, NBR
				INA tömítőgyűrű
				KOYO gumiházas simmering, NBR
				Simmering mosógép, NBR70
				Simmering RWDR-KOMBI NBR
				Simmering, NBR
				SIMRIT fémházas simmering, NBR
				SIMRIT gumiházas simmering, NBR
				SIMRIT gumiházas simmering, NBR
				SIMRIT gumiházas simmering, nyomásálló, NBR
				SIMRIT simmering
				SKF fémházas simmering (egyajkas) NBR
				SKF fémházas simmering (kétajkas) NBR
				SKF G-gyűrű
				SKF gumiházas simmering (egyajkas) NBR
				SKF gumiházas, porvédős simmering (kétajkas) NBR
				SKF kazettás többajkas tömítés olajkenéshez NBR
				SKF zárt fémházas simmering (egyajkas) NBR
				SKF zárt fémházas simmering (kétajkas) NBR
			SZILIKON	Gumiházas simmering, rugó nélkül, SZILIKON
				Gumiházas simmering, SZILIKON
			VITON	CORTECO gumiházas simmering, nyomásálló, VITON
				Fémházas simmering, VITON
				Gumiházas simmering, nyomásálló, VITON
				Gumiházas simmering, rugó nélkül, VITON
				Gumiházas simmering, VITON
				KOYO simmering MT050A9, VITON
				SIMRIT gumiházas simmering, nyomásálló, VITON
				SIMRIT gumiházas simmering, VITON
				SKF fémházas simmering (egyajkas) VITON
				SKF fémházas simmering (kétajkas) VITON
				SKF gumiházas simmering (egyajkas) VITON
				SKF gumiházas, porvédős simmering (kétajkas) VITON
				TIMKEN gumiházas simmering, VITON
			EPDM	Gumiházas simmering, EPDM
			TEFLON	SIMRIT nyomásálló szimering RM ac. ház teflon ajak
				SKF PTFE/Virgin szimering + RM rugó + FPM O-gyűrű
				Teflonajkas tengelytömítés rozsdamentes acélházzal
		JÁRMŰIPARI	JÁRMŰ	CORTECO gumiházas simmering, nyomásálló, NBR
				CORTECO járműipari simmering, ACM
				CORTECO járműipari simmering, BAL, ACM
				CORTECO járműipari simmering, BAL, NBR
				CORTECO járműipari simmering, BAL, PTFE
				CORTECO járműipari simmering, BAL, SZILIKON
				CORTECO járműipari simmering, BAL, VITON
				CORTECO járműipari simmering, COMBI, NBR
				CORTECO járműipari simmering, HNBR
				CORTECO járműipari simmering, JOBB, ACM
				CORTECO járműipari simmering, JOBB, NBR
				CORTECO járműipari simmering, JOBB, PTFE
				CORTECO járműipari simmering, JOBB, SZILIKON
				CORTECO járműipari simmering, JOBB, VITON
				CORTECO járműipari simmering, NBR
				CORTECO járműipari simmering, SZILIKON
				CORTECO járműipari simmering, VITON
				DUO járműipari simmering, VITON
				GLASER járműipari simmering, JOBB, VITON
				Járműipari simmering, ACM
				Járműipari simmering, BAL, ACM
				Járműipari simmering, BAL, NBR
				Járműipari simmering, BAL, PTFE
				Járműipari simmering, BAL, SZILIKON
				Járműipari simmering, BAL, VITON
				Járműipari simmering, HNBR
				Járműipari simmering, JOBB, ACM
				Járműipari simmering, JOBB, NBR
				Járműipari simmering, JOBB, PTFE
				Járműipari simmering, JOBB, SZILIKON
				Járműipari simmering, JOBB, VITON
				Járműipari simmering, kétoldalon rugós, NBR
				Járműipari simmering, NBR
				Járműipari simmering, NBR + POM persely
				Járműipari simmering, SZILIKON
				Járműipari simmering, VITON
				Járműipari simmering, VÍZPUMPA, NBR
				Járműipari szimering, jobbos
				Járműipari szimering, NBR
				SKF/NAK járműip. simmering fémházas peremes VITON
			KORMÁNYMŰ	CORTECO járműipari simmering, KORMÁNYMŰ, HNBR
				CORTECO járműipari simmering, KORMÁNYMŰ, NBR
				Járműipari simmering, KORMÁNYMŰ, HNBR
				Járműipari simmering, KORMÁNYMŰ, NBR
				Járműipari simmering, KORMÁNYMŰ, VITON
			LENGÉSCSILLAPÍTÓ	CORTECO járműipari simmering, LENGÉSCSILLAPÍTÓ ACM
				CORTECO járműipari simmering, LENGÉSCSILLAPÍTÓ NBR
				Járműipari simmering, LENGÉSCSILLAPÍTÓ, ACM
				Járműipari simmering, LENGÉSCSILLAPÍTÓ, NBR
				Járműipari simmering, LENGÉSCSILLAPÍTÓ, VITON
			KAZETTÁS	CORTECO járműipari simmering, KAZETTÁS, NBR
				CORTECO járműipari simmering, KAZETTÁS, VITON
				Járműipari simmering, KAZETTÁS, NBR
				Járműipari simmering, KAZETTÁS, VITON
	ZÁRÓSAPKA	Zárósapka
	V-GYŰRŰ	VA	SKF V-gyűrű "A" NBR
			SKF V-gyűrű "A" VITON
			V-gyűrű "A" NBR
			V-gyűrű "A" VITON
		VS	SKF V-gyűrű "S" NBR
			SKF V-gyűrű "S" VITON
			V-gyűrű "S" NBR
			V-gyűrű "S" VITON
		VL	SKF V-gyűrű "L" NBR
			SKF V-gyűrű "L" VITON
			V-gyűrű "L" NBR
	O-GYŰRŰ	NBR	O-gyűrű HNBR
			O-gyűrű NBR
			O-gyűrű NBR90
		VITON	O-gyűrű FEP/VITON
			O-gyűrű Kalrez/FFKM (perfluor-elasztomer)
			O-gyűrű NEOPRÉN
			O-gyűrű VITON
			O-gyűrű VITON, vulkanizált
		SZILIKON	O-gyűrű FDA/SZILIKON
			O-gyűrű FEP/SZILIKON
			O-gyűrű SZILIKON
		EPDM	O-gyűrű EPDM
			O-gyűrű FDA/EPDM
		O-GYŰRŰ ZSINÓR	O-gyűrű zsinór EPDM
			O-gyűrű zsinór készlet
			O-gyűrű zsinór NBR
			O-gyűrű zsinór SZILIKON
			O-gyűrű zsinór VITON
		O-GYŰRŰ RAGASZTÓ	LOCTITE gumi, műanyag, O-gyűrű pillanatragasztó
		O-GYŰRŰ KÉSZLET	O-gyűrű készlet (3x1.5 - 30x3) 30 féle méret
			O-gyűrű készlet 210db, 24 méret
			O-gyűrű készlet 382db, 30 méret, 2.90-43.82mm
			O-gyűrű készlet 404db, 30 méret, 3-45mm, sárga
			O-gyűrű kiszedő készlet (4db)
			O-gyűrű üres doboz
	TÖMÍTŐ ZSINÓR	LOCTITE menettömítő zsinór (160m)
		LOCTITE menettömítő zsinór (50m)
		O-gyűrű zsinór EPDM
		O-gyűrű zsinór készlet
		O-gyűrű zsinór NBR
		O-gyűrű zsinór SZILIKON
		O-gyűrű zsinór VITON
	SZIMERING RUGÓ	Rozsdamentes rugó simmeringhez
	SZERELŐ SZERSZÁM TÖMÍTÉSEKHEZ	O-gyűrű kiszedő készlet (4db)
		Tömítéskiszedő készlet, 4 db-os
		Tömítéskiszedő készlet, 8 db-os
	TENGELYJAVÍTÓ PERSELY	NAK tengelyjavító persely
		SKF tengelyjavító persely / Speedi-Sleeve
	CSÚSZÓGYŰRŰS TÖMÍTÉS	Tömszelence / csúszógyűrűs tömítés
	GMN labirinttömítés főorsókhoz
	SKF egyajkas bepattintható poliuretán szennylehúzó gy.
	SKF labirinttömítés
	SKF tömítőtárcsapár

HAJTÁSTECHNIKA	SZÍJHATÁS	ÉKSZÍJ	SKF ékszíj
			SKF ékszíj, átlapolt
			SKF ékszíj, fogazott
			SKF Xtra erősített ékszíj - XP
		FOGASSZÍJ	SKF fogasszíj (gumi, metrikus méret)
		ÉKSZÍJTÁRCSA, FOGASZÍJTÁRCSA	SKF ékszíjtárcsa, kúpos szorítós
			SKF fogasszíj tárcsa, vezető furattal
		KÚPOS SZORÍTÓ	SKF kúpos szorító
		MÉRŐ ÉS ELLENÖRZŐ MŰSZER	SKF ékszíjtárcsa beállító, nagy pontosságú
			SKF ékszíjtárcsa- és lánckerék beállító.
			SKF szíjfrekvencia és szíjfeszesség mérő műszer
			SKF szíjfrekvencia mérő műszer,szíjfeszesség mérés
		SZÍJCSÚSZÁS GÁTLÓ	LOCTITE ékszíj csúszásgátló és karbantartó spray
			MOTIP ékszíj csúszásgátló spray
	LÁNCHAJTÁS	GÖRGŐSLÁNC	IWIS görgőslánc
			IWIS görgőslánc félszem
			IWIS görgőslánc patentszem
			SKF görgőslánc
			SKF görgőslánc, félszem
			SKF görgőslánc, patentszem
			WIPPERMANN görgőslánc
			WIPPERMANN görgőslánc félszem
			WIPPERMANN görgőslánc patentszem
		LÁNCKERÉK	INA 06B láncfeszítő RAE csapággyal d=16, z=20
			INA 08B láncfeszítő RAE csapággyal d=15, z=16
			INA 10B láncfeszítő RAE csapággyal d=16, z=14
			INA 10B láncfeszítő RAE csapággyal d=16, z=17
			INA 12B láncfeszítő RAE csapággyal d=15, z=13
			INA 12B láncfeszítő RAE csapággyal d=16, z=15
			INA 12B láncfeszítő RAE csapággyal d=20, z=15
			INA 16B láncfeszítő RAE csapággyal d=20, z=12
			SKF agyas lánckerék
			SKF agyas lánckerék kúpos szorítóval
			SKF dupla egysoros lánckerék egyoldali aggyal
			SKF dupla egysoros lánckerék kúpos szorítóval
			SKF lap lánckerék
		KÚPOS SZORÍTÓ	SKF kúpos szorító
		LÁNCFESZÍTŐ	INA 06B láncfeszítő RAE csapággyal d=16, z=20
			INA 08B láncfeszítő RAE csapággyal d=15, z=16
			INA 10B láncfeszítő RAE csapággyal d=16, z=14
			INA 10B láncfeszítő RAE csapággyal d=16, z=17
			INA 12B láncfeszítő RAE csapággyal d=15, z=13
			INA 12B láncfeszítő RAE csapággyal d=16, z=15
			INA 12B láncfeszítő RAE csapággyal d=20, z=15
			INA 16B láncfeszítő RAE csapággyal d=20, z=12
		LÁNC SZERELŐ SZERSZÁM	Lánc összehúzó szerszám 12B-20B (60-100) láncokhoz
			Láncbontó szerszám 04B-12B (25-60) láncokhoz
			Láncbontó szerszám 12B-20B (60-100) láncokhoz
			SKF ékszíjtárcsa- és lánckerék beállító.
		LÁNC TISZTÍTÁS, KENÉS	CX80 kerékpárokhoz lánckenő olaj 100ml
			CX80 kerékpárokhoz száraz lánckenő spray 150ml
			CX80 kerékpárokhoz száraz lánckenő spray 500ml
			LOCTITE lánckenő spray
			MOTIP féktisztító spray
			MOTIP lánckenő zsír spray
			OKS magas hőmérsékletű láncolaj, élelmiszeripari
			OKS univerzális tisztító spray 500ml
	TENGELYKAPCSOLÓ	SKF acélszalagos tengelykapcsoló szerelő készlet
		SKF fogazott tengelykapcsoló-fedél
		SKF fogazott tengelykapcsoló-szerelőkészlet
		SKF FRC tengelykapcsoló tömör furattal
		SKF FRC tengelykapcsoló, gumi betét
		SKF FRC tengelykapcsoló, kúpos perselyes agy F-típ
		SKF FRC tengelykapcsoló, kúpos perselyes agy H-típ
		SKF FX retesz nélküli persely
		SKF kettős fogazott tengelykapcsoló-agy
		SKF rugalmas tengelykapcsoló kúpos furattal, F-típ
		SKF rugalmas tengelykapcsoló kúpos furattal, H-típ
		SKF rugalmas tengelykapcsoló-abroncs, gumi
	KARDÁNCSUKLÓ	Hevederes kardáncsukló
		Hevederes kardáncsukló, dupla

VEGYI ÁRUK	EGYÉB RAGASZTÓ ÉS TÖMÍTŐ	F.BS extra erős szilikon ragasztó, színtelen
		F.BS univ szilikon paszta vízvezeték-rendszerekhez
		LOCTITE bemaró alapozó vakrozsda ellen
		LOCTITE gyorsan kötő csőjavító ragasztó 50mmX1.8mm
		LOCTITE kék nagy viszkozitású indikátor paszta
		LOCTITE kis súrlódású kenhető epoxigyanta
		LOCTITE megszorulásgátló STIFT
		LOCTITE nagy nyírószilárdságú gyors fém-fém rag.
		LOCTITE nagy ütésállóságú epoxi mágnes ragasztása
		LOCTITE PATTEX cipőragasztó
		LOCTITE PATTEX PALMATEX univerzális erősragasztó
		LOCTITE rugalmas fekete ragasztó/tömítőanyag
		LOCTITE vízbázisú szintetikus latexgyanta bevonat
		LOCTITE vízzel elegyedő hűtő-kenő vágófolyadék
		LOCTITE vörös jelölőfesték elektronikus berendezésekhez
	PILLANATRAGASZTÓ	LOCTITE 2K általános gél pillanatragasztó
		LOCTITE alacsony kifehéredésű pillanatragasztó
		LOCTITE általános felhasználású pillanatragasztó
		LOCTITE általános felhasználású pillanatragasztó gél
		LOCTITE átlátszó pillanatragasztó
		LOCTITE fekete pillanatragasztó rugalmas anyaghoz
		LOCTITE fém pillanatragasztó
		LOCTITE gumi, műanyag pillanatragasztó
		LOCTITE gumi, műanyag, O-gyűrű pillanatragasztó
		LOCTITE gumival megerősített pillanatragasztó
		LOCTITE kötésgyorsító pillanatragasztókhoz
		LOCTITE műanyag pillanatragasztó
		LOCTITE oldószermentes pillanatragasztó
		LOCTITE pillanatragasztó alapozó műanyagokhoz
		LOCTITE rugalmas pillanatragasztó
		LOCTITE ütésálló pillanatragasztó
	UV FÉNYRE KÖTŐ RAGASZTÓ	LOCTITE UV-fényre kötő műanyag ragasztó
		LOCTITE UV-fényre kötő orvostechnikai ragasztó
		LOCTITE UV-fényre kötő üveg és fém ragasztó
		LOCTITE UV-fényre kötő üveg, fém, műanyag ragasztó
		LOCTITE UV-fényre kötő üveg-üveg üveg-fém ragasztó
	CSAVARRÖGZÍTŐ	LOCTITE kis szilárdságú menetrögzítő kis csavarhoz
		LOCTITE közepes szilárdságú menetrögzítő
		LOCTITE közepes szilárdságú menetrögzítő STIFT
		LOCTITE nagy szilárdságú menetrögzítő
		LOCTITE nagy szilárdságú menetrögzítő STIFT
		LOCTITE nagyon nagy szilárdságú menetrögzítő
		LOCTITE vörös jelölőfesték elektronikus berendezésekhez
	CSAPÁGYRÖGZÍTŐ	LOCTITE könnyen szétszerelhető csapágyrögzítő
		LOCTITE lassú kikeményedésű csapágyrögzítő
		LOCTITE nagy szilárdságú általános csapágyrögzítő
		LOCTITE nagy szilárdságú csapágyrögzítő
	BERÁGÓDÁSGÁTLÓ	LOCTITE élelmiszeripari fémmentes berágódásgátló
		LOCTITE fémmentes berágódásgátló
		LOCTITE grafit- és alumínium tartalmú berágódásgátló
		LOCTITE grafit-és alu tartalmú berágódásgátló
		LOCTITE kerámia tartalmú fehér berágódásgátló
		LOCTITE MoS2 tartalmú berágódásgátló spray
		LOCTITE réz- és grafittartalmú berágódásgátló spray
		LOCTITE réztartalmú berágódásgátló
		LOCTITE tengerészeti fémmentes berágódásgátló
		MOTIP réz spray
		NICRO szerelöpaszta spray, 1200°C
		OKS fehér fémmentes univerzális szerelőpaszta 250g
		OKS fehér fémmentes univerzális szerelőpaszta 80ml
		OKS fehér fémmentes univerzális szerelőpaszta400ml
		OKS rézpaszta nagyteljesítményű korrózióvédelemmel
	MENETTÖMÍTŐ	LOCTITE általános menettömítő
		LOCTITE általános menettömítő ivóvízhez
		LOCTITE gyorsan kötő hidraulika menettömítő
		LOCTITE kis szilárdságú lassú kötésű menettömítő
		LOCTITE kis szilárdságú menettömítő
		LOCTITE közepes szilárdságú lassú kötésű menettöm.
		LOCTITE közepes szilárdságú menettömítő
		LOCTITE lassan száradó menettömítő folyadék
		LOCTITE menettömítő kisnyomású tömítéshez
		LOCTITE menettömítő zsinór (160m)
		LOCTITE menettömítő zsinór (50m)
		LOCTITE nagy szilárdságú lassú kötésű menettömítő
	FELÜLETTÖMÍTŐ	F.BS extra erős szilikon ragasztó, színtelen
		F.BS univ szilikon paszta vízvezeték-rendszerekhez
		LOCTITE 2K gyorsan kötő szilikonpaszta felülettöm.
		LOCTITE alkoxi-szilikon felülettömítő, fekete
		LOCTITE félrugalmas felülettömítő 0,25mm-ig
		LOCTITE felülettömítő alacsony nyomásra
		LOCTITE felülettömítő szilikon paszta
		LOCTITE gyanta bázisú felülettömítő
		LOCTITE gyantabázisú üzemanyagálló felülettömítő
		LOCTITE közepes szilárdságú felülettömítő
		LOCTITE rendkívül rugalmas felülettömítő
		LOCTITE szilikon felülettömítő, fekete
		LOCTITE szilikon felülettömítő, fekete 6,35mm-ig
		LOCTITE szilikon felülettömítő, kék
		LOCTITE szilikon felülettömítő, réz
		LOCTITE szilikon felülettömítő, színtelen
		LOCTITE szilikon felülettömítő, szürke
		LOCTITE vegyszerálló felülettömítő 204°C-ig
	KÉTKOMPONENSŰ RAGASZTÓ	CX80 hideghegesztő, 315°C-ig hőálló
		LOCTITE 2K acéltöltésű gyúrható epoxi
		LOCTITE 2K acéltöltésű nem ereszkedő javító gitt
		LOCTITE 2K acéltöltésű önthető ragasztó
		LOCTITE 2K általános gél pillanatragasztó
		LOCTITE 2K általános gyorsan kötő fém-fém epoxi
		LOCTITE 2K alumínium töltésű epoxy
		LOCTITE 2K alumínium töltésű javító gitt
		LOCTITE 2K ásványi anyaggal töltött epoxi ragasztó
		LOCTITE 2K betonjavító- és habarcsozókészlet
		LOCTITE 2K epoxi csőjavításokhoz
		LOCTITE 2K epoxi önterülő betornragasztó
		LOCTITE 2K epoxi ragasztó 180°C-ig
		LOCTITE 2K epoxi ragasztó élelmiszeripar
		LOCTITE 2K epoxi ragasztó eltérő felületekhez
		LOCTITE 2K epoxi ragasztó hosszú fazékidővel
		LOCTITE 2K epoxi ragasztó hővezető
		LOCTITE 2K epoxi ragasztó optikai tisztaság
		LOCTITE 2K epoxi rosszul illeszkedő felületekhez
		LOCTITE 2K ferroszilícium töltésű epoxigyanta
		LOCTITE 2K gyorsan kötő hibrid ragasztó
		LOCTITE 2K gyorsan kötő szilikonpaszta felülettöm.
		LOCTITE 2K kerámia erősítésű epoxi felületbevonat
		LOCTITE 2K kerámiatöltésű kenhető epoxibevonat
		LOCTITE 2K kerámiatöltésű önterülő epoxibevonat
		LOCTITE 2K kerámiatöltésű szórható epoxi bevonó
		LOCTITE 2K nagy szilárdságú epoxi
		LOCTITE 2K nagy szilárdságú fém-fém epoxi
		LOCTITE 2K nagy szilárdságú folyékony epoxi
		LOCTITE 2K PU ragasztó műanyag alkatr. javítására
	RAGASZTÓSZALAG	LOCTITE kompozit, gyantával kombinált szövetszalag
		LOCTITE nagy szilárdságú 3 rétegű ragasztószalag
		LOCTITE önhegedő szilikongumigumi szalag (4,27m)
		LOCTITE PATTEX fix montázsszalag 120 kg
		Szigetelőszalag 18mm x 20m, különböző színek
	AKTIVÁTOR, PRIMER	LOCTITE kötésgyorsító aktivátor anaerob termékhez
		LOCTITE kötésgyorsító pillanatragasztókhoz
		LOCTITE pillanatragasztó alapozó műanyagokhoz
	TISZTÍTÁS, ZSÍRTALANÍTÁS	FELÜLET TISZTÍTÁS	Ipari géptisztító géprongy
			Ipari géptisztító géprongy, 200-250 lap
			Ipari géptisztító kendő 28x38cm, 400lap, perforált
			Ipari géptisztító kendő 28x38cm, 500lap
			Ipari géptisztító kendő 28x38cm, 500lap, kreppelt
			LOCTITE 5way spray (ken, tisztít, szárít, véd, old)
			LOCTITE általános tisztító műanyaghoz
			LOCTITE általános tisztító spray műanyaghoz
			LOCTITE biológiailag lebomló vízbázisú általános tisztító
			LOCTITE fék- és kuplungtisztító 500ml
			LOCTITE habképző tisztító spray
			LOCTITE oldószer alapú aceton tisztitó spray
			LOCTITE oldószer alapú karburátor tisztító spray
			LOCTITE oldószer alapú kontakt tisztitó spray
			LOCTITE ragasztó és tömítés eltávolító fémtisztító
			LOCTITE tisztitó fémhez, műanyaghoz
			LOCTITE tisztitó spray fémhez, műanyaghoz
			MOTIP féktisztító spray
			MOTIP klímatisztitó, narancs,levendula,citrom,alma
			MOTIP kontakttisztító spray
			MOTIP metrica eltávolító spray 500 ML
			Nyári szélvédőmosó (5 liter)
			OKS univerzális tisztító spray 500ml
			Téli szélvédőmosó -21 C°-ig (5 liter)
			WD-40 univerzális olajozó, rozsdaoldó spray
			WD-40 univerzális olajozó, rozsdaoldó, 5 liter
		KÉZTISZTÍTÁS, KÉZÁPOLÁS	CFA kéztisztító, glicerines kézmosó paszta 400ml
			CFA körömvirágos kézkrém
			Falitartó a 4L Goldhand speziel kéztisztítóhoz
			FAVORIT alkohol alapú kézfertőtlenítő
			Goldhand speziel kéztisztító krém, 4L pumpa nélkül
			Goldhand speziel kéztisztító krém, 500ml pumpás
			ISOLDA láthatatlan kesztyű
			LOCTITE előnedvesített tisztító törlőkendő 70db
			LOCTITE kéztisztító (citrusolaj,aloe vera,lanolin)
			Pumpa a 4L Goldhand speziel kéztisztító krémhez
	ZSÍR, OLAJ	CX80 kerékpárokhoz lánckenő olaj 100ml
		CX80 kerékpárokhoz száraz lánckenő spray 150ml
		CX80 kerékpárokhoz száraz lánckenő spray 500ml
		Grafit tartalmú szilikonzsír 500g (-40 +200 °C)
		GRAFITOS ZSÍR
		Kenőanyag 500 gr
		Lágy szilikonzsír 500g (-40 +200 °C)
		Lágy szilikonzsír 50g (-40 +200 °C)
		LOCTITE 5way spray (ken, tisztít, szárít, véd, old)
		LOCTITE ásványiolaj alapű csapágyzsír 150°C-ig
		LOCTITE nagyteljesítményű kenőzsír 200°C-ig
		LOCTITE szilikonalapú élelmiszeripari kenőanyag
		MOTIP fehér zsír spray
		MOTIP lánckenő zsír spray
		MOTIP száraz teflon (PTFE) spray
		MOTIP teflon (PTFE) kenőolaj spray
		MOTIP vazelin spray
		Műszerolaj
		OKS magas hőmérsékletű láncolaj, élelmiszeripari
		OKS MULTI OLAJ, Spray 400ml
		OKS multi-szilikon zsír, NLGI 3, 80ml-es tubus
		OKS nyomásálló, hosszú élettartamú MoS2 kenőanyag
		OKS szintetikus hőálló zsír 200°C-ig 400ml
		OKS tapadókenőanyag PTFE-vel 400ml
		OKS zsírzópisztoly (lökettérfogat: 1,9ccm)
		SKF általános élelmiszeripari kenőzsír
		SKF általános ipari és autóipari csapágyzsír NLGI2
		SKF általános ipari és autóipari csapágyzsír NLGI3
		SKF beszerelő folyadék hidr. berendezéshez (1L)
		SKF beszerelő folyadék hidr. berendezéshez (205L)
		SKF beszerelő folyadék hidr. berendezéshez (5L)
		SKF biológiailag lebomló szintetikus csapágyzsír
		SKF csapágyzsír elektromos motorokhoz
		SKF csapágyzsír magas viszkozitású nagy terh.+hő
		SKF csapágyzsír nagy terhelés különösen nyomásálló
		SKF csapágyzsír nagy terhelésre és nyomásra
		SKF csapágyzsír nagy terhelésre, széles hőmérs.tar
		SKF csapágyzsír rendkívül magas hőmérs. 200-260°C
		SKF elektromechanikus egypontos aut.kenőberendezés
		SKF élelmiszerbarát olaj
		SKF gázhajtású egypontos automata kenőberendezés
		SKF kenőzsír tengelykapcsolókhoz
		SKF kiszerelő folyadék hidr. berendezéshez (5L)
		SKF lánckenő olaj (közepes hő, poros körülmény)
		SKF lánckenő olaj magas hőmérsékletre
		SKF magas viszkozitású zsír MoS2 + grafit tartalmú
		SKF MultiPoint aut. kenőberendezés
		SKF nagyteljesítményű polikarbamid csapágyzsír
		SKF rendkívül magas viszkozitású zsír
		SKF rendkívül nyomásálló csapágyzsír, alacsony hőm
		SKF súrlódásikorrózió-gátló paszta
		SKF vízálló, rozsdagátló autóipari csapágyzsír
		SKF zsír alacsony hőmérs., extrém magas fordulat
		Teflon tartalmú lágy szilikonzsír 100g -40 +200 °C
		Teflontartalmú feniles szilikonzsír 100g -40+200°C
		Teflontartalmú feniles szilikonzsír 500g -40+200°C
		Teflontartalmú feniles szilikonzsír 50g -40+200°C
		WD-40 univerzális olajozó, rozsdaoldó spray
		WD-40 univerzális olajozó, rozsdaoldó, 5 liter
		Zárolajzó jégoldó spray 50ml
	KARBANTARTÁSI TERMÉKEK	GCE száraz jelölőfesték, piros
		Jégoldó
		LOCTITE -43°C-ig fagyasztó, csavarlazító spray
		LOCTITE 5way spray (ken, tisztít, szárít, véd, old)
		LOCTITE általános tisztító műanyaghoz
		LOCTITE általános tisztító spray műanyaghoz
		LOCTITE csavarlazító és rozsdaoldó spray
		LOCTITE ékszíj csúszásgátló és karbantartó spray
		LOCTITE habképző tisztító spray
		LOCTITE hátsó ablakmelegítő javító
		LOCTITE kerámia védőbevonat spray
		LOCTITE korróziógátló bevonat spray
		LOCTITE lánckenő spray
		LOCTITE MoS2 tartalmú berágódásgátló spray
		LOCTITE oldószer alapú aceton tisztitó spray
		LOCTITE oldószer alapú karburátor tisztító spray
		LOCTITE oldószer alapú kontakt tisztitó spray
		LOCTITE PATTEX cipőragasztó
		LOCTITE PATTEX PALMATEX univerzális erősragasztó
		LOCTITE réz- és grafittartalmú berágódásgátló spray
		LOCTITE szivárgásjelső spray
		LOCTITE tisztitó spray fémhez, műanyaghoz
		LOCTITE vágó-fúró-üregelő spray
		MOTIP csavarlazító spray
		MOTIP ékszíj csúszásgátló spray
		MOTIP fehér zsír spray
		MOTIP féktisztító spray
		MOTIP horgany spray
		MOTIP jégoldó
		MOTIP klímatisztitó, narancs,levendula,citrom,alma
		MOTIP kontakttisztító spray
		MOTIP lánckenő spray
		MOTIP metrica eltávolító spray 500 ML
		MOTIP motorindító spray 500 ml
		MOTIP ragasztó spray
		MOTIP réz spray
		MOTIP száraz teflon (PTFE) spray
		MOTIP szilikon spray
		MOTIP szilikonmentes műszerfalápoló 500 ml
		MOTIP teflon (PTFE) kenőolaj spray
		MOTIP vágó-fúró-üregelő spray
		MOTIP vazelin spray
		Műszerolaj
		NICRO csavarlazító spray, MoS2 adalékkal
		NICRO szerelöpaszta spray, 1200°C
		NICRO vágó-fúró-üregelő spray
		Nyári szélvédőmosó (5 liter)
		OKS fehér fémmentes univerzális szerelőpaszta 250g
		OKS fehér fémmentes univerzális szerelőpaszta 80ml
		OKS fehér fémmentes univerzális szerelőpaszta400ml
		OKS fényes hideghorgany spray 400ml
		OKS hűtő / fagyasztó spray 400ml
		OKS nagynyomású levegő spray 400ml
		OKS rézpaszta nagyteljesítményű korrózióvédelemmel
		OKS szilikonos leválasztóanyag 400ml
		OKS szivárgásvizsgáló folyadék spray 400ml
		OKS univerzális tisztító spray 500ml
		OKS vizesbázisú hegesztő leválasztóanyag, 400ml
		Téli szélvédőmosó -21 C°-ig (5 liter)
		Zárolajzó jégoldó spray 50ml
	ADAGOLÓ ESZKÖZ	LOCTITE kézi adagolópisztoly 50ml 1:1, 2:1, 10:1
		SKF akkumulátoros zsírzópumpa
		Sziloplaszt kinyomó

ZSÍRZÁSTECHNIKA	Gyorscsatlakozós 4 pofás zsírzófej M10x1
	Hajlított, merev zsirzószár
	Külső kúpos zsírzófej
	Külső kúpos zsírzófej, csúcsos kiképzéssel
	Olajzó kanna flexibilis csővel
	Olajzó kanna hajlított merev fém olajzószárral
	PRESSOL kézi olajpumpa
	PRESSOL olajzó pumpa
	PRESSOL zsírzópisztoly+merev+flexibilis szár
	SKF akkumulátoros zsírzópumpa
	SKF alsó védőelem automata kenőberendezéshez
	SKF belső menetes csőcsatlakozó G1/4
	SKF csapágyzsír feltöltő
	SKF csatlakozó G1/4 - 1/4UNF
	SKF csatlakozó G1/4 - G1/2
	SKF csatlakozó G1/4 - G1/4
	SKF csatlakozó G1/4 - G1/8
	SKF csatlakozó G1/4 - G3/8
	SKF csatlakozó G1/4 - M10
	SKF csatlakozó G1/4 - M10x1
	SKF csatlakozó G1/4 - M12
	SKF csatlakozó G1/4 - M12x1.5
	SKF csatlakozó G1/4 - M6
	SKF csatlakozó G1/4 - M8
	SKF csatlakozó G1/4 - M8x1
	SKF csőtoldat 35mm
	SKF csőtoldat 50mm
	SKF egykezes zsírzópisztoly + flexi szár
	SKF egykezes zsírzópisztoly + flexi szár
	SKF extra erős rugalmas tömlő 1000mm hosszú, 6x4mm
	SKF felvonó kefe olaj alkalmazásokhoz G1/4 5-16mm
	SKF flexibilis nagynyomású cső, 500mm
	SKF kefe olaj alkalmazásokhoz G1/4 30x100mm
	SKF kefe olaj alkalmazásokhoz G1/4 30x40mm
	SKF kefe olaj alkalmazásokhoz G1/4 30x60mm
	SKF konzol automata kenőberendezéshez
	SKF könyök csatlakozó 45°
	SKF könyök csatlakozó 90°
	SKF külső menetes csőcsatlakozó G1/4
	SKF külső menetes csőcsatlakozó G1/4 6x4 tömlőhöz
	SKF külső menetes csőcsatlakozó G1/8 6x4 tömlőhöz
	SKF külső menetes csőcsatlakozó G3/8
	SKF merev zsírzószár
	SKF rögzítőelem automata kenőberendezéshez 50mm
	SKF rögzítőelem automata kenőberendezéshez 63mm
	SKF rugalmas tömlő 1000mm hosszú, 8x6mm
	SKF rugalmas tömlő 5000mm hosszú, 8x6mm
	SKF tartólemez visszacsapó szeleppel, olajkenéshez
	SKF TLSD akkucsomag (4.5V, 2.7Ah / Alkáli mangán)
	SKF többpontos automata kenőberendezés
	SKF visszacsapó szelep G1/4
	SKF visszacsapó szelep G1/8
	SKF Y csatlakozó
	SKF zsírmennyiség mérő
	SKF zsírtöltő pumpa 265-285mm átmérőjű hordóhoz
	SKF zsírtöltő pumpa 350-385mm átmérőjű hordóhoz
	SKF zsírzófej készlet
	SKF zsírzópisztoly (lökettérfogat: 0,9ccm)
	SKF zsírzópisztoly készlet
	SKF zsírzópisztoly+flexi szár (lökettérf.:1,5ccm)
	SKF zsírzópisztoly+merev szár (lökettérf.:1,5ccm)
	SKF zsírzópumpa 180kg-os hordóhoz
	SKF zsírzópumpa 18kg-os hordóhoz
	SKF zsírzópumpa 50kg-os hordóhoz
	SKF zsírzószárhoz fej
	SKF zsírzószem készlet
	SKF zsírzószem védőkupak és címketartó, 50db
	SKF/LINCOLN professzionális kézizsírzó szem
	SKF/LINCOLN professzionális olajzópumpa
	SKF/LINCOLN professzionális zsírzó pisztoly
	Teleszkópos olajozó- és zsírzóprés, acél, 150 cm3
	Teleszkópos olajozó- és zsírzóprés, acél, 250 cm3
	Teleszkópos olajozó- és zsírzóprés, acél, 80 cm3
	Zsírzófej 4 pofás (1077600-1 A 90°)
	Zsírzófej kupakkal (átmérő: 10mm)
	Zsírzófej kupakkal (átmérő: 16mm)
	Zsírzófej kupakkal (átmérő: 22mm)
	Zsírzószárhoz 4 pofás zsírzófej
	Zsírzótömlő, flexibilis

KÖTŐELEMEK, GÉPÉPÍTŐ ELEMEK	HATLAPFEJŰ CSAVAR
	BELSŐ KULCSNYÍLÁSÚ CSAVAR	HENGERES FEJŰ
		SÜLLYESZTETT FEJŰ
		FÉLGÖMBFEJŰ
	HERNYÓ CSAVAR	TÖLCSÉRES VÉGŰ
		LAPOS VÉGŰ
		KÚPOS VÉGŰ
		GOLYÓS VÉGŰ
	ANYA	NORMÁL
		ÖNZÁRÓ
		TENGELYANYA
	ALÁTÉT	LAPOS	Alumínium tömítőgyűrű, alátét
			Kompenzációs lemez
			Réz tömítőgyűrű, alátét
		FAKÖTÉSŰ
		RUGÓS
		FOGAZOTT
		HÉZAGOLÓ GYŰRŰ
		KOMPENZÁCIÓS LEMEZ	Kompenzációs lemez
		TÁNYÉRRUGÓ
		SCHNORR
		NORD-LOCK
		GUMÍROZOTT ALÁTÉT	Gumírozott alátét / USIT-ring / csavartömítés, NBR
			SIMRIT Usitring EPDM70, 291 fekete 1.4404
			SIMRIT Usitring EPDM70, fekete, kívül gumírozott
	MENETES SZÁL
	SZEMES CSAVAR
	SZEGECSEK, CSAPOK, SZEGEK	ILLESZTŐSZEG
		SASSZEG
		RUGÓS BIZTOSÍTÓTŰ
		RETESZ, ÉK
	GOLYÓS BETÉT	ALWAYSE golyós betét
	GUMIBAK	1-ES TÍPUS
		2-ES TÍPUS
		3-AS TÍPUS
		4-ES TÍPUS
		5-ÖS TÍPUS
	BILINCS	NORMA benzincsőbilincs
		NORMA csuklós-csapos szorítóbilincs
		NORMA szorítóbilincs
		NORMA szorítóbilincs (rozsdamentes)
	ZÁRTSZELVÉNY- ÉS CSŐVÉG DUGÓ
	MAROKCSAVAR ÉS MAROKANYA

KEREKEK ÉS GÖRGŐK	BÚTORGÖRGŐ	TENTE befeszítőcsap zártszelvénybe
		TENTE csap bútorgörgőhöz
		TENTE fixvillás görgő, PA
		TENTE forgóvillás görgő, PA
		TENTE kerékfékes bútorgörgő
		TENTE önbeálló bútorgörgő
	IPARI GÖRGŐ	KÜLTÉRI KERÉK	TENTE fixvillás görgő, golyóscsapágy
			TENTE fixvillás görgő, PA, siklócsapágy
			TENTE fixvillás görgő, PA, tűgörgős csapágy
			TENTE fixvillás görgő, PP, siklócsapágy
			TENTE fixvillás görgő, PP, tűgörgős csapágy
			TENTE fixvillás görgő, PU, golyóscsapágy
			TENTE fixvillás görgő, PU, tűgörgős csapágy
			TENTE fixvillás görgő, siklócsapágy
			TENTE fixvillás görgő, tűgörgős csapágy
			TENTE önbeálló görgő, golyóscsapágy
			TENTE önbeálló görgő, golyóscsapágy, elektr.vez.
			TENTE önbeálló görgő, PA, siklócsapágy
			TENTE önbeálló görgő, PA, tűgörgős csapágy
			TENTE önbeálló görgő, PP, siklócsapágy
			TENTE önbeálló görgő, PU, golyóscsapágy
			TENTE önbeálló görgő, siklócsapágy
			TENTE önbeálló görgő, tűgörgős csapágy
			TENTE önbeálló ikerkerekes görgő, elektr.vez.
			TENTE totálfékes görgő, golyóscsapágy, elektr.vez.
			TENTE totálfékes görgő, PA, siklócsapágy
			TENTE totálfékes görgő, PA, tűgörgős csapágy
			TENTE totálfékes görgő, PP, tűgörgős csapágy
			TENTE totálfékes görgő, PU, golyóscsapágy
			TENTE totálfékes görgő, PU, tűgörgős csapágy
			TENTE totálfékes görgő, siklócsapágy
			TENTE totálfékes görgő, tűgörgős csapágy
		BELTÉRI NYOMMENTES KERÉK	TENTE 4680-as önbeálló villa
			TENTE 4687-es totálfékes villa
			TENTE 8470-es önbeálló villa
			TENTE 8477-es totálfékes villa
			TENTE 8478-as fix villa
			TENTE fixvillás görgő, NYM
			TENTE fixvillás görgő, NYM, golyóscsapágy
			TENTE fixvillás görgő, NYM, tűgörgős cs., elektr.vez.
			TENTE fixvillás görgő, NYM, tűgörgős csapágy
			TENTE fixvillás ikerkerekes görgő, PU, golyóscs.
			TENTE fixvilláss görgő, NYM
			TENTE fixvilláss görgő, NYM, elektr.vez.
			TENTE fixvilláss görgő, NYM, golyóscsapágy
			TENTE forgóvillás fotelgörgő
			TENTE kerékfékes fotelgörgő
			TENTE kerékfékes fotelgörgő, elektr.vez.
			TENTE kerékfékes görgő, NYM
			TENTE kerékfékes görgő, NYM, elektr.vez.
			TENTE kerékfékes görgő, NYM, golyóscsapágy
			TENTE kerékfékes ikerkerekes görgő, NYM
			TENTE kerékfékes ikerkerekes görgő, NYM, golyóscs.
			TENTE önbeálló görgő, NYM
			TENTE önbeálló görgő, NYM, elektr.vez.
			TENTE önbeálló görgő, NYM, golyóscsapágy
			TENTE önbeálló görgő, NYM, tűgörgős csapágy
			TENTE önbeálló görgő, PA villa, golyóscsapágy
			TENTE önbeálló görgő, PA villa, siklócsapágy
			TENTE önbeálló ikerkerekes görgő, NYM
			TENTE önbeálló ikerkerekes görgő, NYM, elektr.vez.
			TENTE önbeálló ikerkerekes görgő, NYM, golyóscs.
			TENTE önbeálló ikerkerekes görgő, PU, golyóscs.
			TENTE RM fixvillás görgő, NYM
			TENTE RM fixvillás görgő, NYM, elektr.vez.
			TENTE RM fixvillás görgő, NYM, golyóscsapágy
			TENTE RM fixvillás görgő, NYM, tűgörgős csapágy
			TENTE RM fixvillás görgő, PA, siklócsapágy
			TENTE RM fixvillás görgő, PA, tűgörgős csapágy
			TENTE RM fixvillás görgő, PU, tűgörgős csapágy
			TENTE RM kerékfékes görgő, NYM
			TENTE RM kerékfékes görgő, NYM, elektr.vez.
			TENTE RM önbeálló görgő, 250°C
			TENTE RM önbeálló görgő, NYM
			TENTE RM önbeálló görgő, NYM, elektr.vez.
			TENTE RM önbeálló görgő, NYM, golyóscsapágy
			TENTE RM önbeálló görgő, NYM, tűgörgős csapágy
			TENTE RM önbeálló görgő, PA, siklócsapágy
			TENTE RM önbeálló görgő, PA, tűgörgős csapágy
			TENTE RM önbeálló görgő, PU, tűgörgős csapágy
			TENTE RM totálfékes görgő, NYM
			TENTE RM totálfékes görgő, NYM, elektr.vez.
			TENTE RM totálfékes görgő, NYM, golyóscsapágy
			TENTE RM totálfékes görgő, NYM, tűgörgős csapágy
			TENTE RM totálfékes görgő, PA, siklócsapágy
			TENTE RM totálfékes görgő, PA, tűgörgős csapágy
			TENTE RM totálfékes görgő, PU, tűgörgős csapágy
			TENTE rozsdamentes totálfékes görgő
			TENTE totálfékes görgő, NYM
			TENTE totálfékes görgő, NYM, elektr.vez.
			TENTE totálfékes görgő, NYM, golyóscsapágy
			TENTE totálfékes görgő, NYM, tűgörgős csapágy
			TENTE totálfékes görgő, PA villa, golyóscsapágy
			TENTE totálfékes görgő, PA villa, siklócsapágy
			TENTE totálfékes ikerkerekes görgő, NYM
	KAPUGÖRGŐ	Kapukerék süllyeszthető villaszerkezettel, U profil
		Kapukerék süllyeszthető villaszerkezettel, V profil
		Kapukerék talpas villaszerkezettel, V profil
		Kapukerék tengellyel, U profil
		Kapukerék tengellyel, V profil
		Támasztógörgő

KÉZI SZERSZÁMOK, MŰSZEREK	CSAPÁGYSZERELŐ SZERSZÁM	BAHCO háromkaros csapágylehúzó, 10-60x40mm
		BAHCO háromkaros csapágylehúzó, 10-70x74mm
		BAHCO háromkaros csapágylehúzó, 10-90x84mm
		BAHCO kétkaros csapágylehúzó, 10-60x40mm
		BAHCO kétkaros csapágylehúzó, 10-70x65mm
		BAHCO kétkaros csapágylehúzó, 10-90x84mm
		SKF belső csapágylehúzó készlet, d=30-60mm
		SKF belső csapágylehúzó készlet, d=7-28mm
		SKF belső csapágylehúzó készlet, d=7-60mm
		SKF csapágykihúzó klt. vakfuratos csapágyházakhoz
		SKF csapágyszerelő, csapágyfelütő kalapács
		SKF csapágyszerelő, csapágyfelütő készlet
		SKF háromkaros hidraulikus lehúzó (100kN)
		SKF háromkaros hidraulikus lehúzó (100kN) készlet
		SKF háromkaros hidraulikus lehúzó (75kN)
		SKF háromkaros hidraulikus lehúzó (75kN) készlet
		SKF háromkaros lehúzó (24kN)
		SKF háromkaros lehúzó (34kN)
		SKF háromkaros lehúzó (50kN)
		SKF háromkaros mechanikus lehúzó (120kN)
		SKF háromkaros mechanikus lehúzó (60kN)
		SKF háromkaros mechanikus lehúzó (80kN)
		SKF háromrészes lehúzópofa
		SKF hátsópofás lehúzó (100kN), d=20-100mm
		SKF hátsópofás lehúzó (150kN), d=35-150mm
		SKF hátsópofás lehúzó (30kN), d=7-50mm
		SKF hidraulikus 3 körmös lehúzókészlet
		SKF hidraulikus kombinált csapágylehúzó készlet
		SKF hidraulikus lehúzó L=170, D=290-500
		SKF hidraulikus lehúzó L=350, D=290-500
		SKF hidraulikus lehúzó L=570, D=310-506
		SKF hidraulikus pumpa 100MPa
		SKF hidraulikus pumpa 50MPa
		SKF hidraulikus pumpa, 100MPa
		SKF hidraulikus pumpa, 100MPa digit. nyomásmérővel
		SKF hidraulikus pumpa, 150MPa
		SKF hidraulikus pumpa, 300MPa
		SKF hidraulikus pumpa, 400MPa
		SKF hidraulikus rásegítésű lehúzó L=140, D=310-506
		SKF hidraulikus rásegítésű lehúzó L=170, D=290-500
		SKF hidraulikus rásegítésű lehúzó L=264, D=195-386
		SKF hidraulikus rásegítésű lehúzó L=320, D=310-506
		SKF hidraulikus rásegítésű lehúzó L=350, D=290-500
		SKF hidraulikus rásegítésű lehúzó L=570, D=310-506
		SKF hidraulikus rásegítésű lehúzó L=600, D=290-500
		SKF kétkaros lehúzó (18kN)
		SKF kétkaros lehúzó (6kN)
		SKF kombi (lehúzó és felütő) készlet
		SKF megfordítható pofás lehúzó
		SKF megfordítható pofás lehúzó extra hosszú karral
		SKF megfordítható pofás lehúzó klt.
		SKF megfordítható pofás lehúzó klt. extra hosszú
		SKF mélyhornyú golyóscsapágy-kihúzó készlet
		SKF nagy teljesítményű háromkaros lehúzó (100kN)
		SKF nagy teljesítményű háromkaros lehúzó (150kN)
		SKF nagy teljesítményű háromkaros lehúzó (60kN)
		SKF olajinjektor
		SKF olajpumpa
	MŰSZEREK	POWER-CHECK II. 10-75kN Base Unit
		POWER-CHECK II. 2,5-20kN Base Unit
		SKF csúcsminőségű tengelybeállító
		SKF csúcsminőségű tengelybeállító, tartozékokkal
		SKF derékszögű hőszonda kemény felülethez (450°C)
		SKF ékszíjtárcsa beállító, nagy pontosságú
		SKF ékszíjtárcsa- és lánckerék beállító.
		SKF elektronikus sztetoszkóp
		SKF elektronikus sztetoszkóp (csak a szonda)
		SKF elektronikus sztetoszkóp (csak a sztetoszkóp)
		SKF éles hegyű hőszonda félkemény felülethez 600°C
		SKF ellenállás hőmérő
		SKF ellenállás hőmérő ATEX engedéllyel
		SKF endoszkóp, félmerev kábel
		SKF endoszkóp, optikai kábel mozgatható csúccsal
		SKF endoszkóp, rugalmas kábel
		SKF fényvisszaverő
		SKF fordulatszámmérő
		SKF gyorsulásmérő 5méter beépített fonott kábellel
		SKF hangnyomásmérő
		SKF hőmérő, tapintós, LCD kijelző
		SKF hőszonda
		SKF huzalszonda kerémia szigeteléssel (1350°C)
		SKF infravörös és tapintó hőmérő
		SKF infravörös és tapintó hőmérő (nagy pontosságú)
		SKF infravörös és tapintó hőmérő készlet
		SKF infravörös hőmérő
		SKF Inspector 400 Ultrahangos szonda
		SKF kóboráram érzékelő (elektr. kisülés detektor)
		SKF környezeti hőszonda
		SKF kúposság mérő szerszám
		SKF kúposságmérő szerszám
		SKF lézeres tengelybeállító (okos)
		SKF mágneses hőszonda kemény felülethez (240°C)
		SKF MCA hosszabbítókábellel ellátott érzékelő klt
		SKF multifunkcionális digitális fordulatszámmérő
		SKF nagy teljesítményű felületi hőszonda (300°C)
		SKF nyomáskapcsoló
		SKF nyomásmérő
		SKF olajellenőrző készülék
		SKF speciális elektronikus sztetoszkóp
		SKF standard hőszonda kemény felülethez (900°C)
		SKF stroboszkóp fényerősség:5600lx fényforrás:6LED
		SKF stroboszkóp fényerősség:6200lx fényforrás:7LED
		SKF stroboszkóp fényerősség:8000lx fényforr:118LED
		SKF szíjfrekvencia és szíjfeszesség mérő műszer
		SKF szíjfrekvencia mérő műszer,szíjfeszesség mérés
		SKF szivárgáskereső
		SKF vezeték nélküli lézeres tengelybeállító
		SKF vezeték nélküli lézeres tengelybeállító (okos)
		SKF vezetékes lézeres tengelybeállító
		SKF zsírmennyiség mérő
	SZERELÉSTECHNIKAI ESZKÖZÖK, ALKATRÉSZEK	SK30 ADAPTER Without Retention Knob
		SK30 ADAPTER Without Retention Knob (MAS/BT)
		SK40 ADAPTER Without Retention Knob
		SK40 ADAPTER Without Retention Knob (MAS/BT)
		SK50 ADAPTER Without Retention Knob
		SKF akkumulátor 7,5 V 2,2 Ah
		SKF állapotfelügyeleti termék akkumulátor TÖLTŐ
		SKF állítható körmös kulcs, D=20-35mm KM1-KM4
		SKF állítható körmös kulcs, D=35-60mm KM5-KM8
		SKF állítható körmös kulcs, D=60-90mm KM9-KM13
		SKF állítható körmös kulcs, D=90-150mm KM14-KM23
		SKF axiális tengelyanya kulcs
		SKF biztosítócsap készlet (3db) TMMA 3 lehúzóhoz
		SKF biztosítócsap készlet (3db) TMMA 8 lehúzóhoz
		SKF bővítő klt. TMMR-hez (2db 275mm kar + csúcs)
		SKF csatlakozóelem
		SKF csatlakozóelem adapter
		SKF csatlakozótömb
		SKF csatlakozótömb pótalkatrész, nyomásmérő csonk
		SKF csatlakozótömb pótalkatrész, O-gyűrű
		SKF csőbilincs hőszonda (200°C)
		SKF csőtoldat
		SKF forgó hőszonda mozgó/forgó felülethez (200°C)
		SKF függőleges mérőóra hidraulikus anyákhoz
		SKF gáz és folyadék felületi hőszonda (1100°C)
		SKF gáz és folyadék felületi hőszonda (900°C)
		SKF gáz- és folyadékszonda alkatrész
		SKF gyorscsatlakozó
		SKF három bővítőrúd és egy központosító csúcs
		SKF hézagoló lemez 1csomag=10db 100x100x0,05mm
		SKF hézagoló lemez 1csomag=10db 100x100x0,10mm
		SKF hézagoló lemez 1csomag=10db 100x100x0,20mm
		SKF hézagoló lemez 1csomag=10db 100x100x0,25mm
		SKF hézagoló lemez 1csomag=10db 100x100x0,40mm
		SKF hézagoló lemez 1csomag=10db 100x100x0,50mm
		SKF hézagoló lemez 1csomag=10db 100x100x0,70mm
		SKF hézagoló lemez 1csomag=10db 100x100x1,00mm
		SKF hézagoló lemez 1csomag=10db 100x100x2,00mm
		SKF hézagoló lemez 1csomag=10db 100x100x3,00mm
		SKF hézagoló lemez 1csomag=10db 125x125x0,05mm
		SKF hézagoló lemez 1csomag=10db 125x125x0,10mm
		SKF hézagoló lemez 1csomag=10db 125x125x0,20mm
		SKF hézagoló lemez 1csomag=10db 125x125x0,25mm
		SKF hézagoló lemez 1csomag=10db 125x125x0,40mm
		SKF hézagoló lemez 1csomag=10db 125x125x0,50mm
		SKF hézagoló lemez 1csomag=10db 125x125x0,70mm
		SKF hézagoló lemez 1csomag=10db 125x125x1,00mm
		SKF hézagoló lemez 1csomag=10db 125x125x2,00mm
		SKF hézagoló lemez 1csomag=10db 125x125x3,00mm
		SKF hézagoló lemez 1csomag=10db 200x200x0,05mm
		SKF hézagoló lemez 1csomag=10db 200x200x0,10mm
		SKF hézagoló lemez 1csomag=10db 200x200x0,20mm
		SKF hézagoló lemez 1csomag=10db 200x200x0,25mm
		SKF hézagoló lemez 1csomag=10db 200x200x0,40mm
		SKF hézagoló lemez 1csomag=10db 200x200x0,50mm
		SKF hézagoló lemez 1csomag=10db 200x200x0,70mm
		SKF hézagoló lemez 1csomag=10db 200x200x1,00mm
		SKF hézagoló lemez 1csomag=10db 200x200x2,00mm
		SKF hézagoló lemez 1csomag=10db 200x200x3,00mm
		SKF hézagoló lemez 1csomag=10db 50x50x0,05mm
		SKF hézagoló lemez 1csomag=10db 50x50x0,10mm
		SKF hézagoló lemez 1csomag=10db 50x50x0,20mm
		SKF hézagoló lemez 1csomag=10db 50x50x0,25mm
		SKF hézagoló lemez 1csomag=10db 50x50x0,40mm
		SKF hézagoló lemez 1csomag=10db 50x50x0,50mm
		SKF hézagoló lemez 1csomag=10db 50x50x0,70mm
		SKF hézagoló lemez 1csomag=10db 50x50x1,00mm
		SKF hézagoló lemez 1csomag=10db 50x50x2,00mm
		SKF hézagoló lemez 1csomag=10db 50x50x3,00mm
		SKF hézagoló lemez 1csomag=10db 75x75x0,05mm
		SKF hézagoló lemez 1csomag=10db 75x75x0,10mm
		SKF hézagoló lemez 1csomag=10db 75x75x0,20mm
		SKF hézagoló lemez 1csomag=10db 75x75x0,25mm
		SKF hézagoló lemez 1csomag=10db 75x75x0,40mm
		SKF hézagoló lemez 1csomag=10db 75x75x0,50mm
		SKF hézagoló lemez 1csomag=10db 75x75x0,70mm
		SKF hézagoló lemez 1csomag=10db 75x75x1,00mm
		SKF hézagoló lemez 1csomag=10db 75x75x2,00mm
		SKF hézagoló lemez 1csomag=10db 75x75x3,00mm
		SKF hézagóló lemez készlet 100x100mm, 9 féle
		SKF hézagoló lemez készlet 50x50mm, 9 féle
		SKF hézagóló lemez készlet 75x75mm, 9 féle
		SKF hézagoló lemez készlet, 18 féle (100,125)
		SKF hézagoló lemez készlet, 18 féle (50,75)
		SKF hézagoló lemez készlet, 18 féle (50,75,100)
		SKF hézagoló lemez készlet, 27 féle (50,75,100)
		SKF hézagoló lemez készlet, 36 féle (50,75,100,125
		SKF hidraulikus anya
		SKF hidraulikus anya hüvelyk mérettel
		SKF hidraulikus lehúzó orsó
		SKF hidraulikus orsó karral központosítóval (100kN
		SKF hidraulikus orsó karral központosítóval (75kN)
		SKF hordozható zsírzópumpa 18kg-os hordóhoz
		SKF hosszabító kar + csúcs TMMR 160F és 200F-hez
		SKF hosszabító kar TMMR-hez (125mm-es bővítés)
		SKF hőálló és olajálló kesztyű, 250°C-ig
		SKF hőálló kesztyű, 150°C-ig
		SKF hőálló kesztyű, 500°C-ig
		SKF indukciós melegítő kapcsoló
		SKF indukciós melegítőhöz alkatrész
		SKF indukciós melegítőhöz mágneses hőmérő szenzor
		SKF kenőegység
		SKF két bővítőrúd és egy központosító csúcs
		SKF kocsi indukciós csapágymelegítőhöz
		SKF kocsi legfeljebb 200kg-os hordóhoz
		SKF körmöskulcs
		SKF körmöskulcs készlet (10 részes)
		SKF körmöskulcs SNL csapágyházhoz
		SKF lehúzó védőtakaró
		SKF megfelelőségi teszt modul
		SKF mérőóra adapter hidraulikus anyához
		SKF Microlog Analyzer dBX, standard változat
		SKF nagynyomású cső
		SKF nagynyomású cső, L=2000mm
		SKF nagynyomású tömlő, 100MPa
		SKF nagynyomású tömlő, 150MPa
		SKF nyitószerkezet TMMA 100 hidraulikus lehúzóhoz
		SKF nyitószerkezet TMMA 60 mechanikus lehúzóhoz
		SKF nyitószerkezet TMMA 75 hidraulikus lehúzóhoz
		SKF nyomtatható matricalap (10db)
		SKF Oil-Safe olajozó - 10 literes kanna
		SKF Oil-Safe olajozó - 3 literes kanna
		SKF Oil-Safe olajozó - 5 literes kanna
		SKF Oil-Safe olajozó - hosszabbító tömlő nyújtott
		SKF Oil-Safe olajozó - hosszabbító tömlő tömzsi
		SKF Oil-Safe olajozó - mini öntőcsőr, fekete
		SKF Oil-Safe olajozó - mini öntőcsőr, kék
		SKF Oil-Safe olajozó - mini öntőcsőr, lila
		SKF Oil-Safe olajozó - mini öntőcsőr, narancs
		SKF Oil-Safe olajozó - mini öntőcsőr, piros
		SKF Oil-Safe olajozó - mini öntőcsőr, sárga
		SKF Oil-Safe olajozó - mini öntőcsőr, sárgásbarna
		SKF Oil-Safe olajozó - mini öntőcsőr, sötétzöld
		SKF Oil-Safe olajozó - mini öntőcsőr, szürke
		SKF Oil-Safe olajozó - mini öntőcsőr, zöld
		SKF Oil-Safe olajozó - nyújtott öntőcsőr sötétzöld
		SKF Oil-Safe olajozó - nyújtott öntőcsőr, fekete
		SKF Oil-Safe olajozó - nyújtott öntőcsőr, kék
		SKF Oil-Safe olajozó - nyújtott öntőcsőr, lila
		SKF Oil-Safe olajozó - nyújtott öntőcsőr, narancs
		SKF Oil-Safe olajozó - nyújtott öntőcsőr, piros
		SKF Oil-Safe olajozó - nyújtott öntőcsőr, sárga
		SKF Oil-Safe olajozó - nyújtott öntőcsőr, sárgásba
		SKF Oil-Safe olajozó - nyújtott öntőcsőr, szürke
		SKF Oil-Safe olajozó - nyújtott öntőcsőr, zöld
		SKF Oil-Safe olajozó - pumpa segédfedélhez
		SKF Oil-Safe olajozó - pumpaszűkítő csővég
		SKF Oil-Safe olajozó - segédfedél, fekete
		SKF Oil-Safe olajozó - segédfedél, kék
		SKF Oil-Safe olajozó - segédfedél, lila
		SKF Oil-Safe olajozó - segédfedél, narancs
		SKF Oil-Safe olajozó - segédfedél, piros
		SKF Oil-Safe olajozó - segédfedél, sárga
		SKF Oil-Safe olajozó - segédfedél, sárgásbarna
		SKF Oil-Safe olajozó - segédfedél, sötétzöld
		SKF Oil-Safe olajozó - segédfedél, szürke
		SKF Oil-Safe olajozó - segédfedél, zöld
		SKF Oil-Safe olajozó - tömzsi öntőcsőr, fekete
		SKF Oil-Safe olajozó - tömzsi öntőcsőr, kék
		SKF Oil-Safe olajozó - tömzsi öntőcsőr, lila
		SKF Oil-Safe olajozó - tömzsi öntőcsőr, narancs
		SKF Oil-Safe olajozó - tömzsi öntőcsőr, piros
		SKF Oil-Safe olajozó - tömzsi öntőcsőr, sárga
		SKF Oil-Safe olajozó - tömzsi öntőcsőr, sárgásbarn
		SKF Oil-Safe olajozó - tömzsi öntőcsőr, sötétzöld
		SKF Oil-Safe olajozó - tömzsi öntőcsőr, szürke
		SKF Oil-Safe olajozó - tömzsi öntőcsőr, zöld
		SKF OK tengelykapcsolókhoz szerelőkészlet
		SKF olajinjektor alkatrész, O-gyűrű
		SKF olajinjektor alkatrész, Olajtartály
		SKF olajinjektor készlet
		SKF olajszintező 1000ml
		SKF olajszintező 500ml
		SKF orsó a TMMP 2x170 körmös lehúzóhoz
		SKF orsó a TMMP 3x185 körmös lehúzóhoz
		SKF orsó a TMMP 3x230 körmös lehúzóhoz
		SKF orsó a TMMP 3x300 körmös lehúzóhoz
		SKF orsó TMMA 120 mechanikus lehúzóhoz
		SKF orsó TMMA 3 mechanikus lehúzóhoz
		SKF orsó TMMA 5 mechanikus lehúzóhoz
		SKF orsó TMMA 60 mechanikus lehúzóhoz
		SKF orsó TMMA 80 mechanikus lehúzóhoz
		SKF orsó TMMP 10 háromkaros lehuzóhoz
		SKF orsó TMMR 120F lehúzóhoz
		SKF orsó TMMR 160F lehúzóhoz
		SKF orsó TMMR 200F lehúzóhoz
		SKF orsó TMMR 250F lehúzóhoz
		SKF orsó TMMR 350F lehúzóhoz
		SKF orsó TMMR 40F lehúzóhoz
		SKF orsó TMMR 60F lehúzóhoz
		SKF orsó TMMR 80F lehúzóhoz
		SKF pótalkatrész hidraulikus szerszámokhoz
		SKF pótkar TMMA 100 hidraulikus lehúzóhoz
		SKF pótkar TMMA 120 mechanikus lehúzóhoz
		SKF pótkar TMMA 60 mechanikus lehúzóhoz
		SKF pótkar TMMA 75 hidraulikus lehúzóhoz
		SKF pótkar TMMA 80 mechanikus lehúzóhoz
		SKF pótkar TMMD 100 golyóscsapágy kihúzóhoz
		SKF pótkar TMMP 10 háromkaros lehuzóhoz (207mm)
		SKF pótkar TMMP 10 háromkaros lehuzóhoz (350mm)
		SKF pótkar TMMP 10 háromkaros lehuzóhoz (460mm)
		SKF pótkar TMMP 10 háromkaros lehuzóhoz (710mm)
		SKF pótkar TMMP 15 háromkaros lehuzóhoz (340mm)
		SKF pótkar TMMP 15 háromkaros lehuzóhoz (685mm)
		SKF pótkar TMMP 6 háromkaros lehuzóhoz (220mm)
		SKF pótkar TMMP 6 háromkaros lehuzóhoz (470mm)
		SKF QuickCollect érzékelőkészlet
		SKF QuickCollect érzékelőkészlet tartozékokkal
		SKF ráverő körmöskulcs anya külső átmérő 150-190mm
		SKF ráverő körmöskulcs anya külső átmérő 195-245mm
		SKF ráverő körmöskulcs anya külső átmérő 250-310mm
		SKF ráverő körmöskulcs anya külső átmérő 320-385mm
		SKF ráverő körmöskulcs anya külső átmérő 400-495mm
		SKF ráverő körmöskulcs anya külső átmérő 520-620mm
		SKF ráverő körmöskulcs anya külső átmérő 630-735mm
		SKF ráverő körmöskulcs anya külső átmérő 750-950mm
		SKF rugófeszítésű központosító csúcs TMMR-hez
		SKF statikus automata motor teszter
		SKF sűrített levegős pumpa
		SKF sűrített levegős pumpa készlet
		SKF szerszám
		SKF szerszám, ADAPTER
		SKF tengelyanyakulcs-készlet
		SKF TIH 025 és TIH 030 melegítőhöz alkatrész
		SKF TIH 030 melegítőhöz alkatrész
		SKF TIH 030 melegítőhöz befogókar (20x20x215mm)
		SKF TIH 060 melegítőhöz alkatrész
		SKF TKES endoszkóp tartozék (félmerev kábel, 5m)
		SKF TKES endoszkóp tartozék (flexibilis kábel, 1m)
		SKF TKES endoszkóp tartozék (flexibilis kábel, 5m)
		SKF TKES endoszkóp tartozék (tagolt kábel, 1m)
		SKF TKRT 10 fordulatszámmérőhöz érintőadapter
		SKF TKRT fsz.mérő tartozék (fényvisszaverő szalag)
		SKF TMBH 1 melegítőhöz tartalék logikai áramkör
		SKF TMBH 1 melegítőhöz tartalék tápegység
		SKF TMBH 1 melegítőhöz tartozék hőszonda
		SKF TMBS 100E lehúzóhoz 2db bővítő rúd (125mm)
		SKF TMBS 100E lehúzóhoz 2db fő rúd
		SKF TMBS 100E lehúzóhoz 4db bővítő rúd (285mm)
		SKF TMBS 100E lehúzóhoz kartartó keresztrúd
		SKF TMBS 100E lehúzóhoz orsó
		SKF TMBS 100E lehúzóhoz szeparátor
		SKF TMBS 150E lehúzóhoz kartartó keresztrúd
		SKF TMBS 150E lehúzóhoz szeparátor
		SKF TMBS 50E lehúzóhoz 2x2db fő rúd
		SKF TMEB 2 és TKBA 40-hez oldaladapter
		SKF TMFT 33 csapágyfelütő készlet alkatrész
		SKF TMFT 36 csapágyfelütő klt pótalkatrész pogácsa
		SKF TMFT 36 csapágyfelütő klt. csőtoldat (A)
		SKF TMFT 36 csapágyfelütő klt. csőtoldat (B)
		SKF TMFT 36 csapágyfelütő klt. csőtoldat (C)
		SKF TMFT 36 csapágyfelütő klt. pogácsa
		SKF TMHP 10E hidraulikus lehúzóhoz kar (240mm)
		SKF TMHP 10E hidraulikus lehúzóhoz kar (285mm)
		SKF TMHP 10E hidraulikus lehúzóhoz kartartó
		SKF TMHP 15/260 hidraulikus lehúzóhoz kar (440mm)
		SKF TMHP 15/260 hidraulikus lehúzóhoz kar (690mm)
		SKF TMHP 15/260 hidraulikus lehúzóhoz orsó
		SKF TMHP 30 alkatrész
		SKF TMHP 30 hidraulikus lehúzóhoz kar (600mm)
		SKF TMHP 30 hidraulikus lehúzóhoz orsó
		SKF TMHP 50 hidraulikus lehúzóhoz kar (320mm)
		SKF TMHP 50 hidraulikus lehúzóhoz orsó
		SKF TMIC lehúzó adapter, d=22-28mm
		SKF TMIC lehúzó adapter, d=7-8mm
		SKF TMIP 7-28 és TMIC 7-28-hoz kis csúszókalapács
		SKF TMIP lehúzó adapter, d=10-12mm
		SKF TMIP lehúzó adapter, d=15-17mm
		SKF TMIP lehúzó adapter, d=20-28mm
		SKF TMIP lehúzó adapter, d=30-40mm
		SKF TMIP lehúzó adapter, d=7-9mm
		SKF TMJE 300 olajinjektorhoz javítókészlet
		SKF Triaxiális gyorsulásérzékelő készlet
		SKF USB kommunikációs/töltő kábel SKF Microloghoz
		SKF visszacsapó szelep
		SKF vízszintes mérőóra hidraulikus anyákhoz
		SKF záródugó
		SKF zsírellenőrző készlet
		SKF zsírellenőrző készlet RK1
		SKF zsírellenőrző készlet RK3
		SKF zsírtöltő pumpa 265-285mm átmérőjű hordóhoz
		SKF zsírtöltő pumpa 350-385mm átmérőjű hordóhoz
		SKF zsírzófej készlet
		SKF zsírzópisztoly (lökettérfogat: 0,9ccm)
		SKF zsírzópisztoly készlet
		SKF zsírzópisztoly+flexi szár (lökettérf.:1,5ccm)
		SKF zsírzópisztoly+merev szár (lökettérf.:1,5ccm)
		SKF zsírzópumpa 180kg-os hordóhoz
		SKF zsírzópumpa 18kg-os hordóhoz
		SKF zsírzópumpa 50kg-os hordóhoz
		SKF zsírzószárhoz fej
		SKF zsírzószem készlet
		SKF zsírzószem védőkupak és címketartó, 50db
		SKF/LINCOLN 084110
		SKF/LINCOLN alkatrész
		SKF/LINCOLN professzionális injector
		SKF/LINCOLN szerszám
		SKF/LINCOLN upgrade kit for injektor
	CSAPÁGYMELEGÍTŐ	SKF alumínium melegítőgyűrű
		SKF indukciós melegítő, hordozható, 220-240V (10A)
		SKF indukciós melegítő, hordozható, 220-240V (2A)
		SKF indukciós melegítő, kis méret, 100-120V
		SKF indukciós melegítő, kis méret, 200-240V
		SKF indukciós melegítő, közepes méret, 200-240V
		SKF indukciós melegítő, közepes méret, 400-460V
		SKF indukciós melegítő, nagy méret, 200-230V
		SKF indukciós melegítő, nagy méret, 400-460V
		SKF villamos melegítőlap
		SKF villamos melegítőlap alkatrész
	EGYÉB KÉZISZERSZÁM	BACHO lapos csavarhúzó, 0.4x2.5x60
		BAHCO csapszegkiütő
		BAHCO csavarhúzó készlet 5 részes, 1000V szigetelt
		BAHCO csavarhúzó készlet 6 részes
		BAHCO hajlított gömbvégű imbuszkulcs készlet, 6db
		BAHCO hajlított gömbvégű imbuszkulcs készlet, 9db
		BAHCO keresztvágó
		BAHCO lapos csavarhúzó, 0.5x3.0x60
		BAHCO lapos csavarhuzó, 0.6x3.5x75
		BAHCO lapos csavarhúzó, 0.8x4.0x100
		BAHCO lapos csavarhúzó, 1.0x5.5x100
		BAHCO lapos csavarhuzó, 1.2x6.5x125
		BAHCO lapos csavarhuzó, 1.2x8.0x125
		BAHCO lapos csavarhuzó, 1.2x8.0x175
		BAHCO laposvágó
		BAHCO lyukasztó
		BAHCO Phillips csavarhúzó, PH0X60
		BAHCO Phillips csavarhúzó, PH1x75
		BAHCO Phillips csavarhúzó, PH2x100
		BAHCO Phillips csavarhúzó, PH3x150
		BAHCO pontozó
		BAHCO Sandflex® bimetal kézi fémfűrészlap
		BETA seegergyűrű fogó külső egyenes 140mm A10-25mm
		BETA seegergyűrű fogó külső egyenes 140mm A3-10mm
		BETA seegergyűrű fogó külső egyenes 140mm A3-10mm
		BETA seegergyűrű fogó külső egyenes 300mm
		BETA T-szárú imbuszkulcs készlet, 5db-os
		BETA T-szárú imbuszkulcs készlet, 6db-os
		BETA T-szárú imbuszkulcs készlet, 8db-os
		BETA T-szárú imbuszkulcs, 10mm
		BETA T-szárú imbuszkulcs, 2.5mm
		BETA T-szárú imbuszkulcs, 2mm
		BETA T-szárú imbuszkulcs, 3mm
		BETA T-szárú imbuszkulcs, 4mm
		BETA T-szárú imbuszkulcs, 5mm
		BETA T-szárú imbuszkulcs, 6mm
		BETA T-szárú imbuszkulcs, 7mm
		BETA T-szárú imbuszkulcs, 8mm
		BRILLIANT drótkefe, SÁRGARÉZ, fanyelű, 4 soros
		BRILLIANT drótkefe, SÁRGARÉZ, fanyelű, 4 soros
		ELZETT sárgaréz lakat 2048/45 3 kulccsal
		ELZETT sárgaréz lakat 2048/55 2 kulccsal
		ELZETT sárgaréz lakat 2048/55 3 kulccsal
		GCE száraz jelölőfesték, piros
		KS TOOLS bit készlet, 1/4" 122 részes
		KS TOOLS bit készlet, 1/4" 208 részes
		KS TOOLS bit készlet, 1/4" 99 részes
		KS TOOLS csillag-villás kulcs klt. 12db, 8-19mm
		KS TOOLS csillag-villás kulcs, 10mm
		KS TOOLS csillag-villás kulcs, 11mm
		KS TOOLS csillag-villás kulcs, 12mm
		KS TOOLS csillag-villás kulcs, 13mm
		KS TOOLS csillag-villás kulcs, 14mm
		KS TOOLS csillag-villás kulcs, 15mm
		KS TOOLS csillag-villás kulcs, 16mm
		KS TOOLS csillag-villás kulcs, 17mm
		KS TOOLS csillag-villás kulcs, 18mm
		KS TOOLS csillag-villás kulcs, 19mm
		KS TOOLS csillag-villás kulcs, 22mm
		KS TOOLS csillag-villás kulcs, 24mm
		KS TOOLS csillag-villás kulcs, 34mm
		KS TOOLS csillag-villás kulcs, 6mm
		KS TOOLS csillag-villás kulcs, 7mm
		KS TOOLS csillag-villás kulcs, 8mm
		KS TOOLS csillag-villás kulcs, 9mm
		KS TOOLS csillag-villás kulcs, racsnis, 10mm
		KS TOOLS csillag-villás kulcs, racsnis, 11mm
		KS TOOLS csillag-villás kulcs, racsnis, 12mm
		KS TOOLS csillag-villás kulcs, racsnis, 13mm
		KS TOOLS csillag-villás kulcs, racsnis, 14mm
		KS TOOLS csillag-villás kulcs, racsnis, 15mm
		KS TOOLS csillag-villás kulcs, racsnis, 16mm
		KS TOOLS csillag-villás kulcs, racsnis, 17mm
		KS TOOLS csillag-villás kulcs, racsnis, 18mm
		KS TOOLS csillag-villás kulcs, racsnis, 19mm
		KS TOOLS csillag-villás kulcs, racsnis, 22mm
		KS TOOLS csillag-villás kulcs, racsnis, 24mm
		KS TOOLS csillag-villás kulcs, racsnis, 30mm
		KS TOOLS csillag-villás kulcs, racsnis, 6mm
		KS TOOLS csillag-villás kulcs, racsnis, 8mm
		KS TOOLS dugókulcs klt., 1/4"-3/8"-1/2" 179 részes
		KS TOOLS homlokcsípő fogó, 160mm
		KS TOOLS imbuszkulcs klt. 8db-os, hosszú, 2-10mm
		KS TOOLS kábelvágó kés összecsukható 78/193mm
		KS TOOLS kábelvágó kés összecsukható 85/210mm
		KS TOOLS kombinált fogó, 160mm
		KS TOOLS multifunkciós kulcs, kétoldalas, 8-32mm
		KS TOOLS oldalcsípő fogó, 160mm
		KS TOOLS seegergyűrű fogó belső 130mm I12-25mm
		KS TOOLS seegergyűrű fogó belső 160mm I19-60mm
		KS TOOLS seegergyűrű fogó belső 230mm I40-100mm
		KS TOOLS seegergyűrű fogó belső 90° 130mm I12-25mm
		KS TOOLS seegergyűrű fogó belső 90° 160mm I19-60mm
		KS TOOLS seegergyűrű fogó belső 90° 230mmI40-100mm
		KS TOOLS seegergyűrű fogó külső 130mm A10-25mm
		KS TOOLS seegergyűrű fogó külső 160mm A19-60mm
		KS TOOLS seegergyűrű fogó külső 230mm A40-100mm
		KS TOOLS seegergyűrű fogó külső 90° 130mm A10-25mm
		KS TOOLS seegergyűrű fogó külső 90° 160mm A19-60mm
		KS TOOLS seegergyűrű fogó külső 90° 230mmA40-100mm
		KS TOOLS tapétavágó kés, tördelhető pengés, 140mm
		KS TOOLS tapétavágó kés, tördelhető pengés, 145mm
		KS TOOLS tapétavágó kés, tördelhető pengés, 150mm
		KS TOOLS tapétavágó kés, tördelhető pengés, 165mm
		KS TOOLS TORX kulcs klt. 9db-os, hosszú, T10-T50
		KS TOOLS tördelhető penge tapétavágó késhez, 18mm
		KS TOOLS tördelhető penge tapétavágó késhez, 25mm
		KS TOOLS tördelhető pengés tapétavágó kés, 220mm
		KS-TOOLS Imbuszkulcs klt. 1.5-10 9darabos
		KS-TOOLS tapétavágó kés, tördelhető pengés, 140mm
		Lánc összehúzó szerszám 12B-20B (60-100) láncokhoz
		Láncbontó szerszám 04B-12B (25-60) láncokhoz
		Láncbontó szerszám 12B-20B (60-100) láncokhoz
		LESSMANN drótkefe, ACÉL, fanyelű, 4 soros
		LESSMANN drótkefe, ACÉL, fanyelű, 4 soros
		LOCTITE kézi adagolópisztoly 50ml 1:1, 2:1, 10:1
		Magyar fanyelű ACÉL autógyertyakefe, 3 soros
		Magyar fanyelű ACÉL autógyertyakefe, 3 soros
		Magyar fanyelű SÁRGARÉZ autógyertyakefe, 3 soros
		Magyar fanyelű SÁRGARÉZ autógyertyakefe, 3 soros
		MILWAUKEE lemezvágó olló
		O-gyűrű kiszedő készlet (4db)
		OSBORN drótkefe, INOX, zöld műanyag nyél, 1 soros
		OSBORN drótkefe, INOX, zöld műanyag nyél, 1 soros
		OSBORN drótkefe, RÉZ, sárga műanyag nyél, 1 soros
		OSBORN drótkefe, RÉZ, sárga műanyag nyél, 1 soros
		Szigetelőszalag 18mm x 20m, különböző színek
		Sziloplaszt kinyomó
		Tömítéskiszedő készlet, 4 db-os
		Tömítéskiszedő készlet, 8 db-os
		YATO csigafúró készlet 19 részes 1-10mm HSS
		YATO csigafúró készlet 25 részes 1-13mm HSS
		YATO háromvágásos kézi menetfúró klt M3x0,5x40
		YATO háromvágásos kézi menetfúró klt M5x0,8x50
		YATO háromvágásos kézi menetfúró klt M6x1,0x55
		YATO háromvágásos kézi menetfúró klt M7x0,5x45
		YATO háromvágásos kézi menetfúró klt M7x1,0x50
		YATO háromvágásos kézi menetfúró klt M8x1,25x55
		YATO mágneses felszedő teleszkópos nyéllel
		YATO menetjavító készlet
		YATO műszaki kés, fekete nyél, sima penge
		YATO műszaki kés, piros nyél, részben recés penge
		YATO nyomatékkulcs 1/2" 10-60Nm 415mm
		YATO rozsdamentes csőkefe, fúrógépbe fogható
		YATO törtcsavar kihajtó készlet, 6 részes (3-25mm)
		YATO vonalzó
	MÉRŐESZKÖZÖK, MŰSZEREK	MITUTOYO tolómérő 150/0.05 rögzítőcsavaros
		SKF hézagmérő, 100mm, 13 lapos
		SKF hézagmérő, 200mm, 29 lapos
		SKF szíjfrekvencia mérő műszer,szíjfeszesség mérés
		SOLA mérőszalag gumirozott műa. házzal, sárga acél
		VOGEL digitális tolómérő, nagy kijelzős
		YATO nyomatékkulcs 1/2" 10-60Nm 415mm
		YATO vonalzó

BILINCSEK	NORMA benzincsőbilincs
	NORMA csuklós-csapos szorítóbilincs
	NORMA szorítóbilincs
	NORMA szorítóbilincs (rozsdamentes)

ELEMEK, AKKUMULÁTOROK	HAGYOMÁNYOS ELEMEK	DURACELL 9V-os elem
		DURACELL 9V-os elem (10 darabosával csomagolva)
		DURACELL baby elem
		DURACELL baby elem (10 darabosával csomagolva)
		DURACELL ceruza elem
		DURACELL ceruza elem (10 darabosával csomagolva)
		DURACELL elem 1.45V D=5.8mm B=3.5mm (6db) (PR70)
		DURACELL elem 1.45V D=7.8mm B=5.35mm (6db) (PR48)
		DURACELL elem 2CR5 6V
		DURACELL fotó elem 3V
		DURACELL fotó elem 6V
		DURACELL góliát elem
		DURACELL góliát elem (10 darabosával csomagolva)
		DURACELL lapos elem
		DURACELL mikro ceruza elem
		DURACELL mikro ceruza elem (10 darabosával csomagolva)
		DURACELL távirányító/riasztó elem 1.5V (E90/N/LR1)
		DURACELL távirányító/riasztó elem 12V (A23/23A)
		DURACELL távirányító/riasztó elem 12V (A27/27A)
		DURACELL távirányító/riasztó elem 6V (A11/11A)
	GOMBELEMEK	DURACELL gombelem (SR41/SR41W/V384/V392)
		DURACELL gombelem (SR44/SR44W)
		DURACELL gombelem (SR54/SR1130/SR1130W/V389/V390)
		DURACELL gombelem (SR55/SR1120W/V381/V391)
		DURACELL gombelem (SR57/SR927/SR927W/V395/V399)
		DURACELL gombelem (SR60/SR621/SR621W/V364)
		DURACELL gombelem (SR66/SR626/SR626W/V376/V377)
		DURACELL gombelem 1.5V (186/V12GA)
		DURACELL gombelem 1.5V (189/191/V10GA/LR1130)
		DURACELL gombelem 1.5V (A76/76A/V13GA)
		DURACELL gombelem 3V
		RENATA gombelem 3V
	TÖLTHETŐ AKKUK, AKKU TÖLTŐK	DURACELL 9V tölthető elem (akku)
		DURACELL baby tölthető elem (akku)
		DURACELL ceruza tölthető elem (akku)
		DURACELL góliát tölthető elem (akku)
		DURACELL mikro ceruza tölthető elem (akku)

MUNKAVÉDELMI CIPŐ, KESZTYŰ		BETA cipőfűző narancs/fekete 100cm
		BETA cipőfűző narancs/fekete 120cm
		BETA cipőfűző narancs/fekete 140cm
		BETA jól szellőző MESH munkavédelmi cipő, kék
		BETA mérsékelten vízálló bőr munkavédelmi bokacipő
		BETA mérsékelten vízálló bőr munkavédelmi cipő
		BETA perforált hasítottbőr munkavédelmi cipő
		BETA vízálló MESH szövet munkavédelmi cipő
		CERVA védőkesztyű, hasított marhabőr 154-MAGPIE
		CERVA védőkesztyű, hasított marhabőr 204-TERN
		Púdermentes nitril kesztyű FEKETE (1doboz = 50db)
		Púdermentes nitril kesztyű NARANCS (1doboz = 50db)
		SKF hőálló és olajálló kesztyű, 250°C-ig
		SKF hőálló kesztyű, 150°C-ig
		SKF hőálló kesztyű, 500°C-ig
		Védőkesztyű PU tenyérmártott prec. rug. FEHÉR 10
		Védőkesztyű PU tenyérmártott prec. rug. FEHÉR 11
		Védőkesztyű PU tenyérmártott prec. rug. FEHÉR 7
		Védőkesztyű PU tenyérmártott prec. rug. FEHÉR 8
		Védőkesztyű PU tenyérmártott prec. rug. FEHÉR 9
		Védőkesztyű PU tenyérmártott prec. rug. FEKETE 10
		Védőkesztyű PU tenyérmártott prec. rug. FEKETE 11
		Védőkesztyű PU tenyérmártott prec. rug. FEKETE 7
		Védőkesztyű PU tenyérmártott prec. rug. FEKETE 8
		Védőkesztyű PU tenyérmártott prec. rug. FEKETE 9

FORGALMAZOTT MÁRKÁINK	AMES
	BAHCO
	BECO
	BETA
	CERVA
	CFA
	CX 80
	DURACELL
	ELZETT
	ENERGIZER
	EZO
	F.BS
	FAG
	INA
	IWIS
	KBS
	KOYO
	KS TOOLS
	LOCTITE
	MAKITA
	MILWAUKEE
	MITUTOYO
	MOTIP
	NACHI
	NICRO
	NORMA
	NSK
	NTN
	OKS
	PATTEX
	PERMAGLIDE
	SEEGER
	SKF
	SNR
	SOLA
	TENTE
	WD-40
	WIPPERMANN
	YATO
	ZKL
	ZVL
